Deficit,SNOMEDCT_CONCEPTID,CTV3,Provenance,Codedescription,TimeConstraintyears,AgeLimit,Otherinstructions,new_descriptions
Abdominal pain,162031009,195..,efi-abdominal_pain,Indigestion symptoms,5,,,Indigestion
Abdominal pain,16331000,1955,efi-abdominal_pain,Heartburn,5,,,Heartburn
Abdominal pain,247358007,196..,efi-abdominal_pain,Type of GIT pain (& [abdominal pain] or [symptom]),5,,,Abdominal pain type
Abdominal pain,270477000,196..,efi-abdominal_pain,Type of GIT pain (& [abdominal pain] or [symptom]),5,,,Type of gastrointestinal tract pain
Abdominal pain,162038003,1963,efi-abdominal_pain,Non-colicky abdominal pain,5,,,Non-colicky abdominal pain
Abdominal pain,162039006,1964,efi-abdominal_pain,Shoulder pain from abdomen,5,,,Shoulder pain from abdomen
Abdominal pain,43364001,1968,efi-abdominal_pain,Abdominal discomfort,5,,,Abdominal discomfort
Abdominal pain,21522001,1969,efi-abdominal_pain,Abdominal pain,5,,,Abdominal pain
Abdominal pain,162042000,19690,efi-abdominal_pain,Abdominal wall pain,5,,,Abdominal wall pain
Abdominal pain,247353003,197..,efi-abdominal_pain,Pain: [GIT site]/[abdomin]/[flank]/[subcostal]/[iliac fossa],5,,,Site of abdominal pain
Abdominal pain,247355005,197..,efi-abdominal_pain,Pain: [GIT site]/[abdomin]/[flank]/[subcostal]/[iliac fossa],5,,,Flank pain
Abdominal pain,247354009,197..,efi-abdominal_pain,Pain: [GIT site]/[abdomin]/[flank]/[subcostal]/[iliac fossa],5,,,Iliac fossa pain
Abdominal pain,267050002,197..,efi-abdominal_pain,Pain: [GIT site]/[abdomin]/[flank]/[subcostal]/[iliac fossa],5,,,Site of GIT pain
Abdominal pain,247352008,197..,efi-abdominal_pain,Pain: [GIT site]/[abdomin]/[flank]/[subcostal]/[iliac fossa],5,,,Subcostal pain
Abdominal pain,162046002,1971,efi-abdominal_pain,Central abdominal pain,5,,,Central abdominal pain
Abdominal pain,79922009,1972,efi-abdominal_pain,Epigastric pain,5,,,Epigastric pain
Abdominal pain,162051008,1977,efi-abdominal_pain,Right iliac fossa pain,5,,,Right iliac fossa pain
Abdominal pain,162052001,1978,efi-abdominal_pain,Left iliac fossa pain,5,,,Pain in left iliac fossa
Abdominal pain,162053006,1979,efi-abdominal_pain,Suprapubic pain,5,,,Suprapubic pain
Abdominal pain,102614006,197A.,efi-abdominal_pain,Generalised abdominal pain,5,,,Generalized abdominal pain
Abdominal pain,83132003,197B.,efi-abdominal_pain,Upper abdominal pain,5,,,Upper abdominal pain
Abdominal pain,54586004,197C.,efi-abdominal_pain,Lower abdominal pain,5,,,Lower abdominal pain
Abdominal pain,268941000,25C..,efi-abdominal_pain,O/E: pain on palptn (& [abdom][epigast][iliac][lumb][umbil]),5,,,O/E - abdomen tender
Abdominal pain,163218001,25C..,efi-abdominal_pain,O/E: pain on palptn (& [abdom][epigast][iliac][lumb][umbil]),5,,,O/E - abd. pain - umbilical
Abdominal pain,308903002,25C..,efi-abdominal_pain,O/E: pain on palptn (& [abdom][epigast][iliac][lumb][umbil]),5,,,O/E - epigastric pain on palp.
Abdominal pain,275315004,25C..,efi-abdominal_pain,O/E: pain on palptn (& [abdom][epigast][iliac][lumb][umbil]),5,,,O/E - iliac pain on palpation
Abdominal pain,275316003,25C..,efi-abdominal_pain,O/E: pain on palptn (& [abdom][epigast][iliac][lumb][umbil]),5,,,O/E - lumbar pain on palpation
Abdominal pain,163214004,25C2.,efi-abdominal_pain,O/E - abd.pain-R.hypochondrium,5,,,O/E - abd.pain-R.hypochondrium
Abdominal pain,163215003,25C3.,efi-abdominal_pain,O/E - abd. pain - epigastrium,5,,,O/E - abd. pain - epigastrium
Abdominal pain,163216002,25C4.,efi-abdominal_pain,O/E - abd.pain-L.hypochondrium,5,,,O/E - abd.pain-L.hypochondrium
Abdominal pain,163217006,25C5.,efi-abdominal_pain,O/E - abd. pain - R.lumbar,5,,,O/E - abd. pain - R.lumbar
Abdominal pain,163219009,25C7.,efi-abdominal_pain,O/E - abd. pain - L.lumbar,5,,,O/E - abd. pain - L.lumbar
Abdominal pain,163220003,25C8.,efi-abdominal_pain,O/E - abd. pain - R.iliac,5,,,O/E - abd. pain - R.iliac
Abdominal pain,163221004,25C9.,efi-abdominal_pain,O/E - abd. pain - hypogastrium,5,,,O/E - abd. pain - hypogastrium
Abdominal pain,163222006,25CA.,efi-abdominal_pain,O/E - abd. pain - L.iliac,5,,,O/E - abd. pain - L.iliac
Abdominal pain,235595009,J1011,efi-abdominal_pain,Acid reflux &/or oesophagitis,5,,,Gastroesophageal reflux disease
Abdominal pain,266433003,J1011,efi-abdominal_pain,Acid reflux &/or oesophagitis,5,,,Reflux esophagitis
Abdominal pain,57643001,J1011,efi-abdominal_pain,Acid reflux &/or oesophagitis,5,,,Peptic reflux disease
Abdominal pain,249511005,J16y4,efi-abdominal_pain,Dyspepsia (& [flatulent] or [NOS]),5,,,Flatulent dyspepsia
Abdominal pain,9991008,R0901,efi-abdominal_pain,[D]Abdominal colic,5,,,Abdominal colic
Abdominal pain,88522004,R0906,efi-abdominal_pain,[D]Umbilical pain,5,,,Umbilical pain
Abdominal pain,271853005,R0907,efi-abdominal_pain,[D]Hypochondrial pain,5,,,Hypochondrial pain
Abdominal pain,4.78711E+14,Ryu11,efi-abdominal_pain,[X]Other and unspecified abdominal pain,5,,,[X]Symptoms and signs involving the digestive system and abdomen (finding)
Abdominal pain,235841007,X3062,efi-abdominal_pain,Chronic nonspecific abdominal pain,5,,,Chronic nonspecific abdominal pain
Abdominal pain,274289007,XE1jA,efi-abdominal_pain,O/E pain: [abdom (& on palpat)][epigast][iliac][lumb][umbil],5,,,O/E - iliac pain - abd.
Abdominal pain,274287009,XE1jA,efi-abdominal_pain,O/E pain: [abdom (& on palpat)][epigast][iliac][lumb][umbil],5,,,O/E - abdominal pain
Abdominal pain,274288004,XE1jA,efi-abdominal_pain,O/E pain: [abdom (& on palpat)][epigast][iliac][lumb][umbil],5,,,O/E - epigastric pain
Abdominal pain,274290003,XE1jA,efi-abdominal_pain,O/E pain: [abdom (& on palpat)][epigast][iliac][lumb][umbil],5,,,O/E - lumbar pain abd.
Abdominal pain,274292006,XE1jE,efi-abdominal_pain,O/E - left iliac: [abdominal pain] or [tender],5,,,O/E left iliac fossa tender
Abdominal pain,274277005,XE2cT,efi-abdominal_pain,Right iliac fossa pain (& C/O),5,,,C/O right iliac fossa pain
Abdominal pain,274278000,XE2cV,efi-abdominal_pain,Left iliac fossa pain (& C/O),5,,,C/O left iliac fossa pain
Abdominal pain,271858001,XM093,efi-abdominal_pain,Recurrent acute abdominal pain,5,,,Recurrent acute abdominal pain
Abdominal pain,285387005,Xa35t,efi-abdominal_pain,Left sided abdominal pain,5,,,Left sided abdominal pain
Abdominal pain,285388000,Xa35u,efi-abdominal_pain,Right sided abdominal pain,5,,,Right sided abdominal pain
Abdominal pain,301367001,Xa7wu,efi-abdominal_pain,Right hypochondrial pain,5,,,Right hypochondrial pain
Abdominal pain,301368006,Xa7wv,efi-abdominal_pain,Left hypochondrial pain,5,,,Left hypochondrial pain
Abdominal pain,301715003,Xa83q,efi-abdominal_pain,Left upper quadrant pain,5,,,Left upper quadrant pain
Abdominal pain,301716002,Xa83r,efi-abdominal_pain,Left lower quadrant pain,5,,,Left lower quadrant pain
Abdominal pain,301717006,Xa83s,efi-abdominal_pain,Right upper quadrant pain,5,,,Right upper quadrant pain
Abdominal pain,301754002,Xa84T,efi-abdominal_pain,Right lower quadrant pain,5,,,Right lower quadrant pain
Abdominal pain,102570003,Xa84t,efi-abdominal_pain,Inguinal pain,5,,,Inguinodynia
Abdominal pain,304542004,XaA06,efi-abdominal_pain,Nonspecific abdominal pain,5,,,Nonspecific abdominal pain
Abdominal pain,314212008,XaEiJ,efi-abdominal_pain,Abdominal pain - cause unknown,5,,,Abdominal pain - cause unknown
Activity limitation,160983005,13O5.,efi-activity,Attendance allowance,,,,AA - Attendance allowance
Activity limitation,161041005,13V8.,efi-activity,Has disabled driver badge,,,,Has orange disabled driver badge
Activity limitation,21134002,13VC.,efi-activity,Disability,,,,Disability
Activity limitation,5.14591E+14,9EB5.,efi-activity,DS 1500 Disability living allowance completed,,,,Completion of DS1500 terminal illness medical report
Activity limitation,300757004,Xa7hb,,Unable to engage in a hobby,,,,Unable to engage in a hobby
Activity limitation,300760006,Xa7he,,Difficulty engaging in a hobby,,,,Difficulty engaging in a hobby
Activity limitation,725594005,,,Barthel index of Activities of Daily Living score,,,Any score of 0-18 or 21-90,Barthel index
Activity limitation,4.93431E+14,,,Barthel United Kingdom index of activities of daily living (assessment scale),,,Any score of 0-18 or 21-90,Barthel United Kingdom index of activities of daily living
Activity limitation,443653008,,,Modified Barthel index of activities of daily living score,,,Any score of 0-18 or 21-90,Modified Barthel index of activities of daily living (assessment scale)
Activity limitation,300751003,Xa7hV,,Unable to carry out garden act,,,,Unable to carry out gardening activities
Activity limitation,300754006,Xa7hY,,Diff carrying out garden acts,,,,Difficulty carrying out gardening activities
Activity limitation,285869003,Xa3Jy,,Unable to use washing machine,,,,Unable to use washing machine
Activity limitation,285872005,Xa3K1,,Diff using washing machine,,,,Difficulty using washing machine
Activity limitation,286049003,Xa3Mq,,Unable to wash laundry,,,,Unable to wash laundry
Activity limitation,286052006,Xa3Mt,,Difficulty washing laundry,,,,Difficulty washing laundry
Activity limitation,286090000,Xa3NU,,Difficulty doing washing-up,,,,Difficulty doing washing-up
Activity limitation,286093003,Xa3NX,,Unab dispose household rubbish,,,,Unable to dispose of household rubbish
Activity limitation,286097002,Xa3Na,,Diff dispos household rubbish,,,,Difficulty disposing of household rubbish
Activity limitation,286100007,Xa3Nd,,Unable to clean room,,,,Unable to clean room
Activity limitation,286103009,Xa3Ng,,Difficulty cleaning room,,,,Difficulty cleaning room
Activity limitation,286106001,Xa3Nj,,Unable to do polishing,,,,Unable to do polishing
Activity limitation,286109008,Xa3Nm,,Difficulty doing polishing,,,,Difficulty doing polishing
Activity limitation,286112006,Xa3Np,,Unable to do dusting,,,,Unable to do dusting
Activity limitation,286115008,Xa3Ns,,Difficulty doing dusting,,,,Difficulty doing dusting
Activity limitation,286118005,Xa3Nv,,Unable to clean floor,,,,Unable to clean floor
Activity limitation,286121007,Xa3Ny,,Difficulty cleaning floor,,,,Difficulty cleaning floor
Activity limitation,286124004,Xa3O1,,Unable to clean windows,,,,Unable to clean windows
Activity limitation,286127006,Xa3O4,,Difficulty cleaning windows,,,,Difficulty cleaning windows
Activity limitation,286130004,Xa3O7,,Unab clean food prepara area,,,,Unable to clean food preparation area
Activity limitation,286133002,Xa3OA,,Diff cleaning food prepar area,,,,Difficulty cleaning food preparation area
Activity limitation,286142009,Xa3OJ,,Unable to clean cooker,,,,Unable to clean cooker
Activity limitation,286145006,Xa3OM,,Difficulty cleaning cooker,,,,Difficulty cleaning cooker
Activity limitation,286149000,Xa3OQ,,Unable to clean bath,,,,Unable to clean bath
Activity limitation,286152008,Xa3OT,,Difficulty cleaning bath,,,,Difficulty cleaning bath
Activity limitation,286155005,Xa3OW,,Unable to clean shower,,,,Unable to clean shower
Activity limitation,286158007,Xa3OZ,,Difficulty cleaning shower,,,,Difficulty cleaning shower
Activity limitation,286161008,Xa3Oc,,Unable to clean sink,,,,Unable to clean sink
Activity limitation,286164000,Xa3Of,,Difficulty cleaning sink,,,,Difficulty cleaning washbasin
Activity limitation,286167007,Xa3Oi,,Unable to clean toilet,,,,Unable to clean toilet
Activity limitation,286170006,Xa3Ol,,Difficulty cleaning toilet,,,,Difficulty cleaning toilet
Activity limitation,424533000,XaX8j,,Difficulty perform laundry act,,,,Difficulty performing laundry activities (finding)
Activity limitation,300726004,Xa7h7,,Unab carry out telephone activ,,,,Unable to carry out telephone activities
Activity limitation,300729006,Xa7hA,,Diff carrying telephone activ,,,,Difficulty performing telephone activities
Activity limitation,300733004,Xa7hD,,Unable to use telephone,,,,Unable to use telephone
Activity limitation,300736007,Xa7hG,,Difficulty using telephone,,,,Difficulty using telephone
Activity limitation,300622009,Xa7fT,,Unable to use public transport,,,,Unable to use public transport
Activity limitation,300625006,Xa7fW,,Diff using public transport,,,,Difficulty using public transport
Activity limitation,300632002,Xa7fc,,Diff using private transport,,,,Difficulty using private transport
Activity limitation,300635000,Xa7ff,,Unable to drive a car,,,,Unable to drive a car
Activity limitation,300638003,Xa7fi,,Difficulty driving a car,,,,Difficulty driving a car
Activity limitation,300662008,Xa7g6,,Diff perf act invol usng trans,,,,Difficulty performing activities involved in using transport
Alcohol,105542008,,ucl-alcohol,Teetotaller,5,,Zero alcohol,Non-drinker of alcoholic beverage
Alcohol,28127009,,ucl-alcohol,Social drinker,5,,Lower risk drinking,Alcoholic beverage mild drinker
Alcohol,228277002,,ucl-alcohol,Light drinker,5,,Lower risk drinking,Light drinker
Alcohol,228276006,,ucl-alcohol,Trivial drinker - <1u/day,5,,Lower risk drinking,Occasional drinker
Alcohol,266917007,,ucl-alcohol,Trivial drinker - <1u/day,5,,Lower risk drinking,Trivial drinker - <1u/day
Alcohol,160575005,,ucl-alcohol,Light drinker - 1-2u/day,5,,Lower risk drinking,Light drinker - 1-2u/day
Alcohol,160593006,,ucl-alcohol,Alcohol intake within recommended sensible limits,5,,Lower risk drinking,Alcohol intake within recommended sensible limits
Alcohol,160576006,,ucl-alcohol,Moderate drinker - 3-6u/day,5,,Higher risk drinking,Moderate drinker - 3-6u/day
Alcohol,43783005,,ucl-alcohol,Moderate drinker,5,,Higher risk drinking,Alcoholic beverage moderate drinker
Alcohol,160577002,,ucl-alcohol,Heavy drinker - 7-9u/day,5,,Harmful drinking,Heavy drinker - 7-9u/day
Alcohol,160578007,,ucl-alcohol,Very heavy drinker - >9u/day,5,,Harmful drinking,Very heavy drinker - greater than 9 units/day
Alcohol,86933000,,ucl-alcohol,Heavy drinker,5,,Harmful drinking,Alcoholic beverage heavy drinker
Alcohol,228279004,,ucl-alcohol,Very heavy drinker,5,,Harmful drinking,Very heavy drinker
Alcohol,228315001,,ucl-alcohol,Binge drinker,5,,Harmful drinking,Binge drinker
Alcohol,15167005,,ucl-alcohol,Alcohol misuse,5,,Harmful drinking,Alcohol abuse
Alcohol,720175009,,ucl-alcohol,Alcohol harm reduction programme,5,,Harmful drinking,Alcohol harm reduction program (regime/therapy)
Alcohol,720178006,,ucl-alcohol,Alcohol twelve step programme,5,,Harmful drinking,Alcohol twelve step program (regime/therapy)
Alcohol,3.75941E+14,,ucl-alcohol,Advised to contact primary care alcohol worker,5,,Harmful drinking,Advised to contact primary care alcohol worker (situation)
Alcohol,9.46101E+14,,ucl-alcohol,Specialist alcohol treatment service signposted,5,,Harmful drinking,Specialist alcohol treatment service signposted (situation)
Alcohol,431260004,,ucl-alcohol,Referral to specialist alcohol treatment service,5,,Harmful drinking,Referral to specialist alcohol treatment service (procedure)
Alcohol,3.76401E+14,,ucl-alcohol,Referral to alcohol brief intervention service,5,,Harmful drinking,Referral to alcohol brief intervention service (procedure)
Alcohol,3.79411E+14,,ucl-alcohol,Brief intervention for excessive alcohol consumptn declined,5,,Harmful drinking,Brief intervention for excessive alcohol consumption declined (situation)
Alcohol,3.80861E+14,,ucl-alcohol,Declined referral to specialist alcohol treatment service,5,,Harmful drinking,Declined referral to specialist alcohol treatment service (situation)
Alcohol,7.54831E+14,,ucl-alcohol,Extended interven for excessive alcohol consumption declined,5,,Harmful drinking,Extended intervention for excessive alcohol consumption declined (situation)
Alcohol,7.81191E+14,,ucl-alcohol,Referral to community alcohol team declined,5,,Harmful drinking,Referral to community alcohol team declined (situation)
Alcohol,9.33641E+14,,ucl-alcohol,Refer to MH services deferred until alcohol misuse resolved,5,,Harmful drinking,Referral to mental health services deferred until alcohol misuse resolved (finding)
Alcohol,9.21441E+14,,ucl-alcohol,Hospital alcohol liaison team report received,5,,Harmful drinking,Hospital alcohol liaison team report received (finding)
Alcohol,8.92631E+14,,ucl-alcohol,In-house alcohol detoxification,5,,Harmful drinking,In-house alcohol detoxification (procedure)
Alcohol,9.63281E+14,,ucl-alcohol,Hospital attendance related to personal alcohol consumption,5,,Harmful drinking,Hospital attendance related to personal alcohol consumption (finding)
Alcohol,235942001,,ucl-alcohol,Alcohol-induced acute pancreatitis,5,,Harmful drinking,Alcohol-induced acute pancreatitis
Alcohol,160592001,,ucl-alcohol,Alcohol intake above recommended sensible limits,5,,Harmful drinking,Alcohol intake above recommended sensible limits
Alcohol,1.98421E+14,,ucl-alcohol,Hazardous alcohol use,5,,Harmful drinking,Hazardous alcohol use (observable entity)
Alcohol,1.98431E+14,,ucl-alcohol,Harmful alcohol use,5,,Harmful drinking,Harmful alcohol use (observable entity)
Alcohol,2.79651E+14,,ucl-alcohol,Disqualified from driving due to excess alcohol,5,,Harmful drinking,Disqualified from driving due to excess alcohol (finding)
Alcohol,417633001,,ucl-alcohol,Alcohol induced hallucinations,5,,Harmful drinking,Alcohol induced hallucinations (finding)
Alcohol,413130000,,ucl-alcohol,Alcohol disorder monitoring,5,,Harmful drinking,Alcohol disorder monitoring (regime/therapy)
Alcohol,2.47721E+14,,ucl-alcohol,Alcohol abuse monitoring,5,,Harmful drinking,Alcohol abuse monitoring (regime/therapy)
Alcohol,2.31161E+14,,ucl-alcohol,Delivery of rehabilitation for alcohol addiction,5,,Harmful drinking,Delivery of rehabilitation for alcohol addiction (regime/therapy)
Alcohol,64297001,,ucl-alcohol,Alcohol detoxification,5,,Harmful drinking,Detoxication therapy for alcoholism
Alcohol,183098002,,ucl-alcohol,Alcohol leaflet given,5,,Harmful drinking,Alcohol leaflet given
Alcohol,183388004,,ucl-alcohol,Aversion therapy - alcoholism,5,,Harmful drinking,Aversion therapy - alcoholism
Alcohol,183486001,,ucl-alcohol,Admitted to alcohol detoxification centre,5,,Harmful drinking,Admitted to alcohol detoxification center
Alcohol,390857005,,ucl-alcohol,Referral to community alcohol team,5,,Harmful drinking,Referral to community alcohol team (procedure)
Alcohol,417096006,,ucl-alcohol,Referral to community drug and alcohol team,5,,Harmful drinking,Referral to community drug and alcohol team (procedure)
Alcohol,135827004,,ucl-alcohol,Under care of community alcohol team,5,,Harmful drinking,Under care of community alcohol team
Alcohol,1.66251E+14,,ucl-alcohol,Alcohol misuse - enhanced services administration,5,,Harmful drinking,Alcohol misuse - enhanced services administration
Alcohol,1.66471E+14,,ucl-alcohol,Alcohol misuse - enhanced service completed,5,,Harmful drinking,Alcohol misuse - enhanced service completed
Alcohol,237738005,,ucl-alcohol,Alcohol-induced pseudo-Cushing's syndrome,5,,Harmful drinking,Alcohol-induced pseudo-Cushing's syndrome
Alcohol,42344001,,ucl-alcohol,Alcoholic psychoses,5,,Harmful drinking,Alcohol-induced psychosis
Alcohol,8635005,,ucl-alcohol,Alcohol withdrawal delirium,5,,Harmful drinking,Alcohol withdrawal delirium
Alcohol,69482004,,ucl-alcohol,Alcohol amnestic syndrome,5,,Harmful drinking,Korsakoff's psychosis
Alcohol,191471000,,ucl-alcohol,Korsakov's alcoholic psychosis with peripheral neuritis,5,,Harmful drinking,Korsakov's alcoholic psychosis with peripheral neuritis
Alcohol,73097000,,ucl-alcohol,Alcohol amnestic syndrome NOS,5,,Harmful drinking,Alcohol amnestic disorder
Alcohol,281004,,ucl-alcohol,Other alcoholic dementia,5,,Harmful drinking,Dementia associated with alcoholism
Alcohol,191475009,,ucl-alcohol,Chronic alcoholic brain syndrome,5,,Harmful drinking,Chronic alcoholic brain syndrome
Alcohol,191476005,,ucl-alcohol,Alcohol withdrawal hallucinosis,5,,Harmful drinking,Alcohol withdrawal hallucinosis
Alcohol,191477001,,ucl-alcohol,Pathological alcohol intoxication,5,,Harmful drinking,Drunkenness - pathological
Alcohol,191478006,,ucl-alcohol,Alcoholic paranoia,5,,Harmful drinking,Alcoholic paranoia
Alcohol,191480000,,ucl-alcohol,Alcohol withdrawal syndrome,5,,Harmful drinking,Alcohol withdrawal syndrome
Alcohol,7200002,,ucl-alcohol,Alcohol dependence syndrome,5,,Harmful drinking,Alcoholism
Alcohol,66590003,,ucl-alcohol,Alcohol dependence syndrome,5,,Harmful drinking,Alcohol dependence
Alcohol,191802004,,ucl-alcohol,Acute alcoholic intoxication in alcoholism,5,,Harmful drinking,Alcohol dependence with acute alcoholic intoxication
Alcohol,191804003,,ucl-alcohol,Continuous acute alcoholic intoxication in alcoholism,5,,Harmful drinking,Continuous acute alcoholic intoxication in alcoholism
Alcohol,191805002,,ucl-alcohol,Episodic acute alcoholic intoxication in alcoholism,5,,Harmful drinking,Episodic acute alcoholic intoxication in alcoholism
Alcohol,191811004,,ucl-alcohol,Continuous chronic alcoholism,5,,Harmful drinking,Continuous chronic alcoholism
Alcohol,191812006,,ucl-alcohol,Episodic chronic alcoholism,5,,Harmful drinking,Episodic chronic alcoholism
Alcohol,32553006,,ucl-alcohol,Nondependent alcohol abuse,5,,Harmful drinking,Hangover
Alcohol,25702006,,ucl-alcohol,Nondependent alcohol abuse,5,,Harmful drinking,Alcohol intoxication
Alcohol,268645007,,ucl-alcohol,Nondependent alcohol abuse,5,,Harmful drinking,Nondependent alcohol abuse
Alcohol,191882002,,ucl-alcohol,"Nondependent alcohol abuse, continuous",5,,Harmful drinking,"Nondependent alcohol abuse, continuous"
Alcohol,191883007,,ucl-alcohol,"Nondependent alcohol abuse, episodic",5,,Harmful drinking,"Nondependent alcohol abuse, episodic"
Alcohol,91388009,,ucl-alcohol,[X]Mental and behav dis due to use of alcohol: harmful use,5,,Harmful drinking,Psychoactive substance abuse
Alcohol,7052005,,ucl-alcohol,[X]Mental & behav dis due to use alcohol: psychotic disorder,5,,Harmful drinking,Alcohol hallucinosis
Alcohol,308742005,,ucl-alcohol,[X]Alcohol withdrawal-induced seizure,5,,Harmful drinking,Alcohol withdrawal-induced seizure
Alcohol,29212009,,ucl-alcohol,[X]Men & behav dis due to use alcohol: oth men & behav dis,5,,Harmful drinking,Alcohol-induced organic mental disorder
Alcohol,192811002,,ucl-alcohol,Cerebral degeneration due to alcoholism,5,,Harmful drinking,Alcoholic encephalopathy
Alcohol,361273006,,ucl-alcohol,Cerebellar ataxia due to alcoholism,5,,Harmful drinking,Alcoholic cerebellar degeneration
Alcohol,361272001,,ucl-alcohol,Cerebellar ataxia due to alcoholism,5,,Harmful drinking,Cerebellar ataxia due to alcoholism
Alcohol,361268000,,ucl-alcohol,Alcohol-induced epilepsy,5,,Harmful drinking,Alcohol-induced epilepsy
Alcohol,7916009,,ucl-alcohol,Alcoholic polyneuropathy,5,,Harmful drinking,Alcoholic polyneuropathy
Alcohol,19303008,,ucl-alcohol,Alcoholic myopathy,5,,Harmful drinking,Alcohol myopathy
Alcohol,83521008,,ucl-alcohol,Alcoholic cardiomyopathy,5,,Harmful drinking,Dilated cardiomyopathy secondary to alcohol
Alcohol,309783001,,ucl-alcohol,Oesophageal varices in alcoholic cirrhosis of the liver,5,,Harmful drinking,Oesophageal varices in alcoholic cirrhosis of the liver
Alcohol,2043009,,ucl-alcohol,Alcoholic gastritis,5,,Harmful drinking,Alcoholic gastritis
Alcohol,50325005,,ucl-alcohol,Alcoholic fatty liver,5,,Harmful drinking,Alcoholic fatty liver
Alcohol,9953008,,ucl-alcohol,Acute alcoholic hepatitis,5,,Harmful drinking,Acute alcoholic liver disease
Alcohol,420054005,,ucl-alcohol,Alcoholic cirrhosis of liver,5,,Harmful drinking,Alcoholic cirrhosis (disorder)
Alcohol,419728003,,ucl-alcohol,Alcoholic cirrhosis of liver,5,,Harmful drinking,Portal cirrhosis (disorder)
Alcohol,76301009,,ucl-alcohol,Alcoholic cirrhosis of liver,5,,Harmful drinking,Florid cirrhosis
Alcohol,235880004,,ucl-alcohol,Alcoholic fibrosis and sclerosis of liver,5,,Harmful drinking,Alcoholic fibrosis and sclerosis of liver
Alcohol,41309000,,ucl-alcohol,Alcoholic liver damage unspecified,5,,Harmful drinking,Alcoholic liver damage
Alcohol,235881000,,ucl-alcohol,Alcoholic hepatic failure,5,,Harmful drinking,Alcoholic hepatic failure
Alcohol,235875008,,ucl-alcohol,Alcoholic hepatitis,5,,Harmful drinking,Alcoholic hepatitis
Alcohol,307757001,,ucl-alcohol,Chronic alcoholic hepatitis,5,,Harmful drinking,Chronic alcoholic hepatitis
Alcohol,235952002,,ucl-alcohol,Alcohol-induced chronic pancreatitis,5,,Harmful drinking,Alcohol-induced chronic pancreatitis
Alcohol,4.63651E+14,,ucl-alcohol,[V]Problems related to lifestyle alcohol use,5,,Harmful drinking,[V]Personal history of alcoholism (situation)
Alcohol,4.71691E+14,,ucl-alcohol,[V]Alcohol rehabilitation,5,,Harmful drinking,[V]Alcohol rehabilitation (situation)
Alcohol,35637008,,ucl-alcohol,[V]Alcohol rehabilitation,5,,Harmful drinking,Alcohol rehabilitation
Alcohol,24165007,,ucl-alcohol,[V]Alcohol abuse counselling and surveillance,5,,Harmful drinking,Alcoholism counseling
Alcohol,704106009,,ucl-alcohol,Advised to abstain from alcohol consumption,5,,Harmful drinking,Advised to abstain from alcohol consumption
Alcohol,413473000,,ucl-alcohol,Alcohol consumption counselling,5,,Harmful drinking,Alcohol consumption counselling (regime/therapy)
Alcohol,5.27961E+14,,ucl-alcohol,Alcohol counselling by other agencies,5,,Harmful drinking,Alcohol counselling by other agencies
Alcohol,7200002,E23..00,mar-alcohol,Alcohol dependence syndrome,5,,Harmful drinking,Alcoholism
Alcohol,66590003,E23..00,mar-alcohol,Alcohol dependence syndrome,5,,Harmful drinking,Alcohol dependence
Alcohol,191802004,E230.11,mar-alcohol,Alcohol dependence with acute alcoholic intoxication,5,,Harmful drinking,Alcohol dependence with acute alcoholic intoxication
Alcohol,32553006,E250.00,mar-alcohol,Nondependent alcohol abuse,5,,Harmful drinking,Hangover
Alcohol,25702006,E250.00,mar-alcohol,Nondependent alcohol abuse,5,,Harmful drinking,Alcohol intoxication
Alcohol,268645007,E250.00,mar-alcohol,Nondependent alcohol abuse,5,,Harmful drinking,Nondependent alcohol abuse
Alcohol,191882002,E250100,mar-alcohol,"Nondependent alcohol abuse, continuous",5,,Harmful drinking,"Nondependent alcohol abuse, continuous"
Alcohol,191883007,E250200,mar-alcohol,"Nondependent alcohol abuse, episodic",5,,Harmful drinking,"Nondependent alcohol abuse, episodic"
Alcohol,3.66371E+14,,ucl-alcohol,Brief intervention for excessive alcohol consumptn completed,5,,Harmful drinking,Brief intervention for excessive alcohol consumption completed (situation)
Alcohol,3.66421E+14,,ucl-alcohol,Extended intervention for excessive alcohol consumptn complt,5,,Harmful drinking,Extended intervention for excessive alcohol consumption completed (situation)
Alcohol,160584005,,ucl-alcohol,Ex-moderate drinker - (3-6u/d),5,,Previous higher risk/harmful drinking,Ex-moderate drinker - (3-6u/d)
Alcohol,160585006,,ucl-alcohol,Ex-heavy drinker - (7-9u/day),5,,Previous higher risk/harmful drinking,Ex-heavy drinker - (7-9u/day)
Alcohol,160587003,,ucl-alcohol,Ex-very heavy drinker-(>9u/d),5,,Previous higher risk/harmful drinking,Ex-very heavy drinker-(>9u/d)
Alcohol,191813001,,ucl-alcohol,Chronic alcoholism in remission,5,,Previous higher risk/harmful drinking,Chronic alcoholism in remission
Alcohol,191884001,,ucl-alcohol,Nondependent alcohol abuse in remission,5,,Previous higher risk/harmful drinking,Nondependent alcohol abuse in remission
Alcohol,161466001,,ucl-alcohol,H/O: alcoholism,5,,Previous higher risk/harmful drinking,H/O: alcoholism
Alcohol,9.18321E+14,,ucl-alcohol,Alcohol dependence resolved,5,,Previous higher risk/harmful drinking,Alcohol dependence resolved (finding)
Alcohol,9.68891E+14,,ucl-alcohol,Alcohol relapse prevention,5,,Previous higher risk/harmful drinking,Alcohol relapse prevention (procedure)
Alcohol,161109002,,ucl-alcohol,Alcoholics anonymous,5,,Previous higher risk/harmful drinking,Alcoholics anonymous
Alcohol,191806001,,ucl-alcohol,"Acute alcoholic intoxication in remission, in alcoholism",5,,Previous higher risk/harmful drinking,"Acute alcoholic intoxication in remission, in alcoholism"
Alcohol,1082641000000106,,,Alcohol units consumed per week (observable entity),5,,Alcohol - numeric (0 = code as zero alcohol; 1-20 = code as lower risk drinking; 21-48 = code as higher risk drinking; 49+ = code as harmful drinking),Alcohol units consumed per week (observable entity)
Alcohol,1082631000000102,,,Alcohol units consumed per day (observable entity),5,,Alcohol - numeric (0 = code as zero alcohol; 1-20 = code as lower risk drinking; 21-48 = code as higher risk drinking; 49+ = code as harmful drinking). Multiply by 7 to get weekly units.,Alcohol units consumed per week (observable entity)
Alcohol,228957004,,ucl-alcohol,Alcohol units per day,5,,Alcohol - numeric (0 = code as zero alcohol; 1-20 = code as lower risk drinking; 21-48 = code as higher risk drinking; 49+ = code as harmful drinking). Multiply by 7 to get weekly units.,alcohol units/day
Alcohol,228958009,,ucl-alcohol,Alcohol units per week,5,,Alcohol - numeric (0 = code as zero alcohol; 1-20 = code as lower risk drinking; 21-48 = code as higher risk drinking; 49+ = code as harmful drinking),alcohol units/week
Anaemia & haematinic deficiency,266992002,145..,,H/O: blood disorder (& [anaemia]),5,,Anaemia deficit (i.e. all codes) resolve if there is a normal lab Hb following initial diagnosis,H/O: blood disorder
Anaemia & haematinic deficiency,275538002,145..,,H/O: blood disorder (& [anaemia]),5,,Anaemia deficit (i.e. all codes) resolve if there is a normal lab Hb following initial diagnosis,H/O: anaemia
Anaemia & haematinic deficiency,161456009,1451,,H/O: anaemia - iron deficient,5,,Anaemia deficit (i.e. all codes) resolve if there is a normal lab Hb following initial diagnosis,H/O: anaemia - iron deficient
Anaemia & haematinic deficiency,161457000,1452,,H/O: Anaemia vit.B12 deficient,5,,Anaemia deficit (i.e. all codes) resolve if there is a normal lab Hb following initial diagnosis,H/O: Anemia vit.B12 deficient
Anaemia & haematinic deficiency,161458005,1453,,H/O: haemolytic anaemia,5,,Anaemia deficit (i.e. all codes) resolve if there is a normal lab Hb following initial diagnosis,H/O: haemolytic anaemia
Anaemia & haematinic deficiency,165626000,42R41,,Ferritin level low,5,,Anaemia deficit (i.e. all codes) resolve if there is a normal lab Hb following initial diagnosis,Ferritin level low
Anaemia & haematinic deficiency,165645009,42T2.,,Serum vitamin B12 low,5,,Anaemia deficit (i.e. all codes) resolve if there is a normal lab Hb following initial diagnosis,Serum vitamin B12 low
Anaemia & haematinic deficiency,170823005,66E5.,,B12 injections - at surgery,5,,Anaemia deficit (i.e. all codes) resolve if there is a normal lab Hb following initial diagnosis,B12 injections - at surgery
Anaemia & haematinic deficiency,189509003,B9370,,"Refractory anaemia without sideroblasts, so stated",,,Anaemia deficit (i.e. all codes) resolve if there is a normal lab Hb following initial diagnosis,"Refractory anaemia without sideroblasts, so stated"
Anaemia & haematinic deficiency,109998009,B9371,,Refractory anaemia with sideroblasts,,,Anaemia deficit (i.e. all codes) resolve if there is a normal lab Hb following initial diagnosis,Refractory anaemia with ringed sideroblasts (clinical)
Anaemia & haematinic deficiency,398623004,B9372,,Refractory anaemia with excess of blasts,,,Anaemia deficit (i.e. all codes) resolve if there is a normal lab Hb following initial diagnosis,Refractory anemia with excess blasts (disorder)
Anaemia & haematinic deficiency,110000005,B9373,,Refractory anaemia with excess of blasts with transformation,,,Anaemia deficit (i.e. all codes) resolve if there is a normal lab Hb following initial diagnosis,Refractory anaemia with excess blasts in transformation (clinical)
Anaemia & haematinic deficiency,128846006,BBmA.,,[M] Refractory anaemia with sideroblasts,,,Anaemia deficit (i.e. all codes) resolve if there is a normal lab Hb following initial diagnosis,Refractory anemia with ringed sideroblasts
Anaemia & haematinic deficiency,128848007,BBmB.,,[M]Refractory anaemia+excess of blasts with transformation,,,Anaemia deficit (i.e. all codes) resolve if there is a normal lab Hb following initial diagnosis,RAEB-T
Anaemia & haematinic deficiency,109996008,ByuHC,,"[X]Refractory anaemia, unspecified",,,Anaemia deficit (i.e. all codes) resolve if there is a normal lab Hb following initial diagnosis,Refractory anaemia (clinical)
Anaemia & haematinic deficiency,190633005,C2620,,Folic acid deficiency,5,,Anaemia deficit (i.e. all codes) resolve if there is a normal lab Hb following initial diagnosis,Folic acid deficiency
Anaemia & haematinic deficiency,190634004,C2621,,Cobalamin deficiency,5,,Anaemia deficit (i.e. all codes) resolve if there is a normal lab Hb following initial diagnosis,Vitamin B12 deficiency
Anaemia & haematinic deficiency,87522002,D0...,,Deficiency anaemiasm (& [asiderotic] or [sideropenic]),5,,Anaemia deficit (i.e. all codes) resolve if there is a normal lab Hb following initial diagnosis,Iron deficiency anemia
Anaemia & haematinic deficiency,267513007,D0...,,Deficiency anaemiasm (& [asiderotic] or [sideropenic]),5,,Anaemia deficit (i.e. all codes) resolve if there is a normal lab Hb following initial diagnosis,Deficiency anemias
Anaemia & haematinic deficiency,44666001,D00..,,Iron deficiency anaemias (& [hypochromic - microcytic]),5,,Anaemia deficit (i.e. all codes) resolve if there is a normal lab Hb following initial diagnosis,Microcytic hypochromic anemia
Anaemia & haematinic deficiency,413533008,D000.,,Anaemia due chron blood loss: [iron defic] or [normocytic],5,,Anaemia deficit (i.e. all codes) resolve if there is a normal lab Hb following initial diagnosis,Anemia due to chronic blood loss (disorder)
Anaemia & haematinic deficiency,234352004,D000.,,Anaemia due chron blood loss: [iron defic] or [normocytic],5,,Anaemia deficit (i.e. all codes) resolve if there is a normal lab Hb following initial diagnosis,Normocytic anemia due to chronic blood loss
Anaemia & haematinic deficiency,191128004,D001.,,Iron deficiency anaemia due to dietary causes,5,,Anaemia deficit (i.e. all codes) resolve if there is a normal lab Hb following initial diagnosis,Iron deficiency anaemia due to dietary causes
Anaemia & haematinic deficiency,80126007,D00y.,,(Kelly-Paterson's)/(Plumm-Vinson's)/(oth sp iron def anaem),5,,Anaemia deficit (i.e. all codes) resolve if there is a normal lab Hb following initial diagnosis,Plummer-Vinson syndrome
Anaemia & haematinic deficiency,80875006,D00z0,,Achlorhydric anaemia,5,,Anaemia deficit (i.e. all codes) resolve if there is a normal lab Hb following initial diagnosis,Achlorhydric anemia
Anaemia & haematinic deficiency,191136008,D00z2,,Idiopathic hypochromic anaemia,5,,Anaemia deficit (i.e. all codes) resolve if there is a normal lab Hb following initial diagnosis,Idiopathic hypochromic anaemia
Anaemia & haematinic deficiency,53165003,D01..,,Anaemia: [megaloblastic] or [other deficiency],5,,Anaemia deficit (i.e. all codes) resolve if there is a normal lab Hb following initial diagnosis,Megaloblastic anemia
Anaemia & haematinic deficiency,84027009,D010.,,Pernicious anaemia (& [Biermers][congen def intrins factor]),5,,Anaemia deficit (i.e. all codes) resolve if there is a normal lab Hb following initial diagnosis,Pernicious anemia
Anaemia & haematinic deficiency,234361004,D010.,,Pernicious anaemia (& [Biermers][congen def intrins factor]),5,,Anaemia deficit (i.e. all codes) resolve if there is a normal lab Hb following initial diagnosis,Congenital deficiency of intrinsic factor
Anaemia & haematinic deficiency,234362006,D010.,,Pernicious anaemia (& [Biermers][congen def intrins factor]),5,,Anaemia deficit (i.e. all codes) resolve if there is a normal lab Hb following initial diagnosis,Biermer's congenital pernicious anaemia
Anaemia & haematinic deficiency,49472006,D011.,,Vitamin B12 deficiency anaemia (& pleural),5,,Anaemia deficit (i.e. all codes) resolve if there is a normal lab Hb following initial diagnosis,Megaloblastic anemia due to vitamin B>12< deficiency
Anaemia & haematinic deficiency,234360003,D0110,,Vit B12 def anaem: [diet][Imersl-Grasbeck][Imerslund][Vegan],5,,Anaemia deficit (i.e. all codes) resolve if there is a normal lab Hb following initial diagnosis,Vegan's anaemia
Anaemia & haematinic deficiency,234363001,D0110,,Vit B12 def anaem: [diet][Imersl-Grasbeck][Imerslund][Vegan],5,,Anaemia deficit (i.e. all codes) resolve if there is a normal lab Hb following initial diagnosis,Imerslund-Grasbeck anemia
Anaemia & haematinic deficiency,267517008,D0110,,Vit B12 def anaem: [diet][Imersl-Grasbeck][Imerslund][Vegan],5,,Anaemia deficit (i.e. all codes) resolve if there is a normal lab Hb following initial diagnosis,Vitamin B12 deficiency anemia due to dietary causes
Anaemia & haematinic deficiency,191142007,D0111,,Vit B12 defic anaemia due to malabsorption with proteinuria,5,,Anaemia deficit (i.e. all codes) resolve if there is a normal lab Hb following initial diagnosis,Vitamin B12 deficiency anaemia due to malabsorption with proteinuria
Anaemia & haematinic deficiency,85649008,D012.,,Folate-deficient megaloblastic anaemia,5,,Anaemia deficit (i.e. all codes) resolve if there is a normal lab Hb following initial diagnosis,Megaloblastic anemia due to folate deficiency
Anaemia & haematinic deficiency,15332004,D0121,,"Anaemia: [folate def or megaloblast, diet cause]/[goat milk]",5,,Anaemia deficit (i.e. all codes) resolve if there is a normal lab Hb following initial diagnosis,Goats' milk anemia
Anaemia & haematinic deficiency,267518003,D0121,,"Anaemia: [folate def or megaloblast, diet cause]/[goat milk]",5,,Anaemia deficit (i.e. all codes) resolve if there is a normal lab Hb following initial diagnosis,Folate deficiency anaemia due to dietary causes
Anaemia & haematinic deficiency,234358000,D0121,,"Anaemia: [folate def or megaloblast, diet cause]/[goat milk]",5,,Anaemia deficit (i.e. all codes) resolve if there is a normal lab Hb following initial diagnosis,Megaloblastic anaemia due to dietary causes
Anaemia & haematinic deficiency,191148006,D0122,,"Folate deficiency anaemia, drug-induced",5,,Anaemia deficit (i.e. all codes) resolve if there is a normal lab Hb following initial diagnosis,"Folate deficiency anaemia, drug-induced"
Anaemia & haematinic deficiency,191149003,D0123,,Folate deficiency anaemia due to malabsorption,5,,Anaemia deficit (i.e. all codes) resolve if there is a normal lab Hb following initial diagnosis,Folate deficiency anemia due to malabsorption
Anaemia & haematinic deficiency,191150003,D0124,,Folate deficiency anaemia due to liver disorders,5,,Anaemia deficit (i.e. all codes) resolve if there is a normal lab Hb following initial diagnosis,Folate deficiency anaemia due to liver disorders
Anaemia & haematinic deficiency,191154007,D0130,,Combined B12 and folate deficiency anaemia,5,,Anaemia deficit (i.e. all codes) resolve if there is a normal lab Hb following initial diagnosis,Combined B12 and folate deficiency anemia
Anaemia & haematinic deficiency,191156009,D014.,,Protein-deficiency anaemia,5,,Anaemia deficit (i.e. all codes) resolve if there is a normal lab Hb following initial diagnosis,Protein-deficiency anemia
Anaemia & haematinic deficiency,85746008,D014.,,Protein-deficiency anaemia,5,,Anaemia deficit (i.e. all codes) resolve if there is a normal lab Hb following initial diagnosis,Anemia due to protein deficiency
Anaemia & haematinic deficiency,65560000,D0140,,Amino acid deficiency anaemia,5,,Anaemia deficit (i.e. all codes) resolve if there is a normal lab Hb following initial diagnosis,Amino acid deficiency anemia
Anaemia & haematinic deficiency,61261009,D1...,,Haemolytic anaemia,5,,Anaemia deficit (i.e. all codes) resolve if there is a normal lab Hb following initial diagnosis,Hemolytic anemia
Anaemia & haematinic deficiency,40108008,D104.,,"(Thalassaemia (& Mediterr anaemia)) or (leptocytosis, hered)",,,Anaemia deficit (i.e. all codes) resolve if there is a normal lab Hb following initial diagnosis,Thalassemia
Anaemia & haematinic deficiency,75451007,D1040,,Thalassaemia major: [NEC] or [Cooley's anaemia],,,Anaemia deficit (i.e. all codes) resolve if there is a normal lab Hb following initial diagnosis,Thalassemia major
Anaemia & haematinic deficiency,26682008,D1040,,Thalassaemia major: [NEC] or [Cooley's anaemia],,,Anaemia deficit (i.e. all codes) resolve if there is a normal lab Hb following initial diagnosis,Homozygous beta thalassemia
Anaemia & haematinic deficiency,127040003,D106.,,Sickle cell anaemia,,,Anaemia deficit (i.e. all codes) resolve if there is a normal lab Hb following initial diagnosis,Sickle cell anemia
Anaemia & haematinic deficiency,416180004,D1061,,Sickle cell anaemia with no crisis,,,Anaemia deficit (i.e. all codes) resolve if there is a normal lab Hb following initial diagnosis,Hemoglobin SS disease without crisis (disorder)
Anaemia & haematinic deficiency,417425009,D1062,,Sickle cell anaemia with crisis,,,Anaemia deficit (i.e. all codes) resolve if there is a normal lab Hb following initial diagnosis,Hemoglobin SS disease with crisis (disorder)
Anaemia & haematinic deficiency,4854004,D11..,,Acquired haemolytic anaemia,5,,Anaemia deficit (i.e. all codes) resolve if there is a normal lab Hb following initial diagnosis,Acquired hemolytic anemia
Anaemia & haematinic deficiency,413603009,D110.,,(Autoimmun haemolyt anaemia) or (Coombs positive haemolysis),5,,Anaemia deficit (i.e. all codes) resolve if there is a normal lab Hb following initial diagnosis,Autoimmune hemolytic anemia (disorder)
Anaemia & haematinic deficiency,191210005,D1100,,Primary cold-type haemolytic anaemia,5,,Anaemia deficit (i.e. all codes) resolve if there is a normal lab Hb following initial diagnosis,Primary cold-type hemolytic anemia
Anaemia & haematinic deficiency,191211009,D1101,,Primary warm-type haemolytic anaemia,5,,Anaemia deficit (i.e. all codes) resolve if there is a normal lab Hb following initial diagnosis,Primary warm-type haemolytic anaemia
Anaemia & haematinic deficiency,191212002,D1102,,Secondary cold-type haemolytic anaemia,5,,Anaemia deficit (i.e. all codes) resolve if there is a normal lab Hb following initial diagnosis,Secondary cold-type hemolytic anemia
Anaemia & haematinic deficiency,191213007,D1103,,Secondary warm-type haemolytic anaemia,5,,Anaemia deficit (i.e. all codes) resolve if there is a normal lab Hb following initial diagnosis,Secondary warm-type haemolytic anaemia
Anaemia & haematinic deficiency,191216004,D111.,,Non-autoimmune haemolytic anaemia,5,,Anaemia deficit (i.e. all codes) resolve if there is a normal lab Hb following initial diagnosis,Non-autoimmune hemolytic anemia
Anaemia & haematinic deficiency,191217008,D1110,,Mechanical haemolytic anaemia,5,,Anaemia deficit (i.e. all codes) resolve if there is a normal lab Hb following initial diagnosis,Mechanical haemolytic anaemia
Anaemia & haematinic deficiency,51071000,D1111,,Microangiopathic haemolytic anaemia,5,,Anaemia deficit (i.e. all codes) resolve if there is a normal lab Hb following initial diagnosis,Microangiopathic hemolytic anemia
Anaemia & haematinic deficiency,191218003,D1112,,Toxic haemolytic anaemia,5,,Anaemia deficit (i.e. all codes) resolve if there is a normal lab Hb following initial diagnosis,Toxic hemolytic anemia
Anaemia & haematinic deficiency,81711008,D1114,,Drug-induced haemolytic anaemia,5,,Anaemia deficit (i.e. all codes) resolve if there is a normal lab Hb following initial diagnosis,Hemolytic anemia due to drugs
Anaemia & haematinic deficiency,38689004,D1115,,Infective haemolytic anaemia,5,,Anaemia deficit (i.e. all codes) resolve if there is a normal lab Hb following initial diagnosis,Hemolytic anemia due to infection
Anaemia & haematinic deficiency,271737000,D2...,,Aplastic and other anaemias,,,Anaemia deficit (i.e. all codes) resolve if there is a normal lab Hb following initial diagnosis,Anemia
Anaemia & haematinic deficiency,306058006,D20..,,Aplastic anaemia,,,Anaemia deficit (i.e. all codes) resolve if there is a normal lab Hb following initial diagnosis,Aplastic anaemia
Anaemia & haematinic deficiency,275523003,D2002,,(Constit aplas anaem with malf) or (pancytopenia - dysmelia),,,Anaemia deficit (i.e. all codes) resolve if there is a normal lab Hb following initial diagnosis,Pancytopenia-dysmelia
Anaemia & haematinic deficiency,267524009,D2002,,(Constit aplas anaem with malf) or (pancytopenia - dysmelia),,,Anaemia deficit (i.e. all codes) resolve if there is a normal lab Hb following initial diagnosis,Constitutional aplastic anemia with malformation
Anaemia & haematinic deficiency,267525005,D200y,,Other specified constitutional aplastic anaemia,,,Anaemia deficit (i.e. all codes) resolve if there is a normal lab Hb following initial diagnosis,Constitutional red cell aplasia and hypoplasia
Anaemia & haematinic deficiency,234343008,D201.,,Anaemia: [acquired aplastic] or [normocytic due to aplasia],,,Anaemia deficit (i.e. all codes) resolve if there is a normal lab Hb following initial diagnosis,Normocytic anemia due to aplasia
Anaemia & haematinic deficiency,55907008,D201.,,Anaemia: [acquired aplastic] or [normocytic due to aplasia],,,Anaemia deficit (i.e. all codes) resolve if there is a normal lab Hb following initial diagnosis,Acquired aplastic anemia
Anaemia & haematinic deficiency,191244003,D2010,,Aplastic anaemia due to chronic disease,,,Anaemia deficit (i.e. all codes) resolve if there is a normal lab Hb following initial diagnosis,Aplastic anemia due to chronic disease
Anaemia & haematinic deficiency,267527002,D2011,,Anaemia: [aplast due drug][hypoplast due drug or chem subst],5,,Anaemia deficit (i.e. all codes) resolve if there is a normal lab Hb following initial diagnosis,Aplastic anemia due to drugs
Anaemia & haematinic deficiency,191246001,D2012,,Aplastic anaemia due to infection,5,,Anaemia deficit (i.e. all codes) resolve if there is a normal lab Hb following initial diagnosis,Aplastic anemia due to infection
Anaemia & haematinic deficiency,191247005,D2013,,Aplastic anaemia due to radiation,5,,Anaemia deficit (i.e. all codes) resolve if there is a normal lab Hb following initial diagnosis,Aplastic anemia due to radiation
Anaemia & haematinic deficiency,191248000,D2014,,Aplastic anaemia due to toxic cause,5,,Anaemia deficit (i.e. all codes) resolve if there is a normal lab Hb following initial diagnosis,Aplastic anaemia due to toxic cause
Anaemia & haematinic deficiency,191251007,D2017,,Transient hypoplastic anaemia,5,,Anaemia deficit (i.e. all codes) resolve if there is a normal lab Hb following initial diagnosis,Transient hypoplastic anemia
Anaemia & haematinic deficiency,50715003,D201z,,Anaemia: [named variants (& [NOS] or [NEC])],5,,Anaemia deficit (i.e. all codes) resolve if there is a normal lab Hb following initial diagnosis,Pure red cell aplasia
Anaemia & haematinic deficiency,234370001,D201z,,Anaemia: [named variants (& [NOS] or [NEC])],5,,Anaemia deficit (i.e. all codes) resolve if there is a normal lab Hb following initial diagnosis,"Pure red cell aplasia, acquired"
Anaemia & haematinic deficiency,191256002,D204.,,Idiopathic aplastic anaemia,,,Anaemia deficit (i.e. all codes) resolve if there is a normal lab Hb following initial diagnosis,Idiopathic aplastic anaemia
Anaemia & haematinic deficiency,41841004,D210.,,Sideroblastic anaemia,,,Anaemia deficit (i.e. all codes) resolve if there is a normal lab Hb following initial diagnosis,Sideroblastic anemia
Anaemia & haematinic deficiency,90175006,D2101,,Acquired sideroblastic anaemia,,,Anaemia deficit (i.e. all codes) resolve if there is a normal lab Hb following initial diagnosis,Secondary acquired sideroblastic anemia
Anaemia & haematinic deficiency,191261000,D2103,,Secondary sideroblastic anaemia due to disease,5,,Anaemia deficit (i.e. all codes) resolve if there is a normal lab Hb following initial diagnosis,Secondary sideroblastic anaemia due to disease
Anaemia & haematinic deficiency,191262007,D2104,,Secondary sideroblastic anaemia due to drugs and toxins,5,,Anaemia deficit (i.e. all codes) resolve if there is a normal lab Hb following initial diagnosis,Secondary sideroblastic anemia due to drugs and toxins
Anaemia & haematinic deficiency,303060002,D211.,,Acute posthaemorrhagic anaemia (& normocytic ),5,,Anaemia deficit (i.e. all codes) resolve if there is a normal lab Hb following initial diagnosis,Normocytic anaemia following acute bleed
Anaemia & haematinic deficiency,267530009,D211.,,Acute posthaemorrhagic anaemia (& normocytic ),5,,Anaemia deficit (i.e. all codes) resolve if there is a normal lab Hb following initial diagnosis,Acute posthemorrhagic anemia
Anaemia & haematinic deficiency,191265009,D212.,,Anaemia in neoplastic disease,5,,Anaemia deficit (i.e. all codes) resolve if there is a normal lab Hb following initial diagnosis,Anemia in neoplastic disease
Anaemia & haematinic deficiency,191268006,D214.,,Chronic anaemia,,,Anaemia deficit (i.e. all codes) resolve if there is a normal lab Hb following initial diagnosis,Chronic anemia
Anaemia & haematinic deficiency,83414005,D21z.,,Anaemia: [unsp][secondary NOS][normocyt/macrocyt unsp cause],5,,Anaemia deficit (i.e. all codes) resolve if there is a normal lab Hb following initial diagnosis,Macrocytic anemia
Anaemia & haematinic deficiency,300980002,D21z.,,Anaemia: [unsp][secondary NOS][normocyt/macrocyt unsp cause],5,,Anaemia deficit (i.e. all codes) resolve if there is a normal lab Hb following initial diagnosis,Normocytic anaemia
Anaemia & haematinic deficiency,66612000,Dyu0.,,[X]Nutritional anaemias,5,,Anaemia deficit (i.e. all codes) resolve if there is a normal lab Hb following initial diagnosis,Nutritional anemia
Anaemia & haematinic deficiency,52565000,Dyu05,,[X]Anaem(nonmegaloblast)assoc+oth specfd nutrition deficiens,5,,Anaemia deficit (i.e. all codes) resolve if there is a normal lab Hb following initial diagnosis,Non megaloblastic anemia associated with nutritional deficiency
Anaemia & haematinic deficiency,4.19211E+14,Dyu1.,,[X]Haemolytic anaemias,5,,Anaemia deficit (i.e. all codes) resolve if there is a normal lab Hb following initial diagnosis,[X]Haemolytic anaemias
Anaemia & haematinic deficiency,3.96291E+14,Dyu2.,,[X]Aplastic and other anaemias,,,Anaemia deficit (i.e. all codes) resolve if there is a normal lab Hb following initial diagnosis,[X]Aplastic and other anaemias (disorder)
Anaemia & haematinic deficiency,234347009,Dyu22,,[X]Anaemia in other chronic diseases classified elsewhere,,,Anaemia deficit (i.e. all codes) resolve if there is a normal lab Hb following initial diagnosis,Anaemia of chronic disease
Anaemia & haematinic deficiency,3.89601E+14,Dyu22,,[X]Anaemia in other chronic diseases classified elsewhere,,,Anaemia deficit (i.e. all codes) resolve if there is a normal lab Hb following initial diagnosis,[X]]Anaemia in other chronic diseases classified elsewhere (disorder)
Anaemia & haematinic deficiency,234348004,X20Bv,,Anaemia of renal disease,,,Anaemia deficit (i.e. all codes) resolve if there is a normal lab Hb following initial diagnosis,Anaemia of renal disease
Anaemia & haematinic deficiency,234349007,X20Bw,,Microcytic anaemia,5,,Anaemia deficit (i.e. all codes) resolve if there is a normal lab Hb following initial diagnosis,Microcytic anemia
Anaemia & haematinic deficiency,234364007,X20CG,,Combined deficiency anaemia,5,,Anaemia deficit (i.e. all codes) resolve if there is a normal lab Hb following initial diagnosis,Combined deficiency anaemia
Anaemia & haematinic deficiency,234366009,X20CI,,Alcohol-related sideroblastic anaemia,5,,Anaemia deficit (i.e. all codes) resolve if there is a normal lab Hb following initial diagnosis,Alcohol-related sideroblastic anaemia
Anaemia & haematinic deficiency,77607006,X20CJ,,Drug-induced sideroblastic anaemia,5,,Anaemia deficit (i.e. all codes) resolve if there is a normal lab Hb following initial diagnosis,Drug-induced sideroblastic anemia
Anaemia & haematinic deficiency,28975000,X20CP,,Constitutional aplastic anaemia without malformation,,,Anaemia deficit (i.e. all codes) resolve if there is a normal lab Hb following initial diagnosis,Constitutional aplastic anemia
Anaemia & haematinic deficiency,191222008,X20Ca,,Acquired haemolytic anaemia with haemoglobinuria NEC,5,,Anaemia deficit (i.e. all codes) resolve if there is a normal lab Hb following initial diagnosis,Haemoglobinuria due to haemolysis from external causes
Anaemia & haematinic deficiency,3978000,X20Ce,,Warm autoimmune haemolytic anaemia,5,,Anaemia deficit (i.e. all codes) resolve if there is a normal lab Hb following initial diagnosis,Hemolytic anemia due to warm antibody
Anaemia & haematinic deficiency,286928002,XE14U,,Anaemia: [deficiency excluding iron] or [megaloblastic],5,,Anaemia deficit (i.e. all codes) resolve if there is a normal lab Hb following initial diagnosis,"Deficiency anaemias, excluding iron"
Anaemia & haematinic deficiency,276448005,Xa05o,,Idiopathic sideroblastic anaemia,,,Anaemia deficit (i.e. all codes) resolve if there is a normal lab Hb following initial diagnosis,Idiopathic sideroblastic anemia
Anaemia & haematinic deficiency,398937006,Xa36n,,Cold autoimmune haemolytic anaemia,5,,Anaemia deficit (i.e. all codes) resolve if there is a normal lab Hb following initial diagnosis,Cold autoimmune hemolytic anemia (disorder)
Anaemia & haematinic deficiency,128847002,XaBC5,,[M] Refractory anaemia with excess of blasts,,,Anaemia deficit (i.e. all codes) resolve if there is a normal lab Hb following initial diagnosis,RAEB
Anaemia & haematinic deficiency,307726001,XaBDS,,Anaemia in ovarian carcinoma,5,,Anaemia deficit (i.e. all codes) resolve if there is a normal lab Hb following initial diagnosis,Anaemia in ovarian carcinoma
Anaemia & haematinic deficiency,309742004,XaC0z,,Drug-induced autoimmune haemolytic anaemia,5,,Anaemia deficit (i.e. all codes) resolve if there is a normal lab Hb following initial diagnosis,Drug-induced autoimmune hemolytic anemia
Anaemia & haematinic deficiency,310647000,XaCLx,,Anaemia secondary to renal failure,,,Anaemia deficit (i.e. all codes) resolve if there is a normal lab Hb following initial diagnosis,Anaemia secondary to renal failure
Anaemia & haematinic deficiency,49708008,XaCLy,,Anaemia secondary to chronic renal failure,,,Anaemia deficit (i.e. all codes) resolve if there is a normal lab Hb following initial diagnosis,Anemia of chronic renal failure
Anaemia & haematinic deficiency,2.21231E+14,XaM6S,,Hypoplastic haemolytic and renal anaemia drugs Band 1,,,Anaemia deficit (i.e. all codes) resolve if there is a normal lab Hb following initial diagnosis,Hypoplastic haemolytic and renal anaemia drug therapy band 1 - OPCS Classification of Interventions and Procedures (procedure)
Anaemia & haematinic deficiency,2.21241E+14,XaM6T,,Hypoplastic haemolytic and renal anaemia drugs Band 2,,,Anaemia deficit (i.e. all codes) resolve if there is a normal lab Hb following initial diagnosis,Hypoplastic haemolytic and renal anaemia drug therapy band 2 - OPCS Classification of Interventions and Procedures (procedure)
Anaemia & haematinic deficiency,441482006,XaQi5,,History of sickle cell anaemia,,,Anaemia deficit (i.e. all codes) resolve if there is a normal lab Hb following initial diagnosis,History of sickle cell anaemia
Anaemia & haematinic deficiency,8.20601E+14,XaYv2,,Refractory anaemia with multilineage dysplasia,,,Anaemia deficit (i.e. all codes) resolve if there is a normal lab Hb following initial diagnosis,Refractory anaemia with multilineage dysplasia (disorder)
Anaemia & haematinic deficiency,8.66381E+14,Xaa65,,Recurrent anaemia,,,Anaemia deficit (i.e. all codes) resolve if there is a normal lab Hb following initial diagnosis,Recurrent anaemia (disorder)
Anaemia & haematinic deficiency,271026005,,,Hb estimation (procedure),,,"Result below lower reference range for sex (if not specified in dataset, for males use <13.0, >25.0, <130 and for females use <11.5, >25.0, <115 taken from Oxford Handbook of Clinical & Laboratory Investigations and accounting for change from g/dL to g/L)",Hemoglobin estimation level
Anxiety,702535006,173f.00,,Anxiety about breathlessness,5,,,Anxiety about breathlessness (finding)
Anxiety,162189001,1B1..00,,General nervous symptoms,5,,,General nervous symptoms
Anxiety,424196004,1B12.00,,"""Nerves"" - nervousness",5,,,Feeling nervous (finding)
Anxiety,48694002,1B13.00,,Anxiousness,5,,,Anxiety
Anxiety,263897001,1B14.11,,Tenseness - symptom,5,,,Feeling tense
Anxiety,395017009,1B1V.00,,C/O - panic attack,5,,,C/O - panic attack (context-dependent category)
Anxiety,79015004,1BK..00,,Worried,5,,,Worrisome mood
Anxiety,417676004,225J.00,,O/E - panic attack,5,,,O/E - panic attack (context-dependent category)
Anxiety,9.08541E+14,8CAZ000,,Patient given advice about management of anxiety,5,,,Patient given advice about management of anxiety (situation)
Anxiety,228560001,8G94.00,,Anxiety management training,5,,,AMT - Anxiety management training
Anxiety,1.99101E+14,8HHp.00,,Referral for guided self-help for anxiety,5,,,Referral for guided self-help for anxiety (procedure)
Anxiety,9.33461E+14,8IH5300,,Referral for guided self-help for anxiety declined,5,,,Referral for guided self-help for anxiety declined (situation)
Anxiety,198288003,E200.00,,Anxiety states,5,,,Anxiety state
Anxiety,197480006,E200.00,,Anxiety states,5,,,Anxiety disorder
Anxiety,371631005,E200100,,Panic disorder,5,,,Panic disorder (disorder)
Anxiety,225624000,E200111,,Panic attack,5,,,Panic attack
Anxiety,21897009,E200200,,Generalised anxiety disorder,5,,,Generalized anxiety disorder
Anxiety,207363009,E200200,,Generalised anxiety disorder,5,,,Anxiety neurosis
Anxiety,231504006,E200300,,Anxiety with depression,5,,,Mixed anxiety and depressive disorder
Anxiety,191708009,E200400,,Chronic anxiety,5,,,Chronic anxiety
Anxiety,191709001,E200500,,Recurrent anxiety,5,,,Recurrent anxiety
Anxiety,11806006,E292000,,Separation anxiety disorder,5,,,Separation anxiety disorder of childhood
Anxiety,17496003,Eu05400,,[X]Organic anxiety disorder,5,,,Organic anxiety disorder
Anxiety,78667006,Eu34114,,[X]Persistant anxiety depression,5,,,Dysthymia
Anxiety,4.02941E+14,Eu41.00,,[X]Other anxiety disorders,5,,,"[X]Neurotic, stress-related and somatoform disorders (disorder)"
Anxiety,225216003,Z4I7.00,,Acknowledging anxiety,5,,,Acknowledging anxiety
Anxiety,225977007,Z4I7200,,Alleviating anxiety,5,,,Alleviating anxiety
Anxiety,313087008,Z4L1.00,,Anxiety counselling,5,,,Anxiety counselling
Asthma,161527007,14B4.,efi-asthma_copd,H/O: asthma,,18,,H/O: asthma
Asthma,31387002,173A.,efi-asthma_copd,Exercise-induced asthma,,18,,Exercise-induced asthma
Asthma,170656008,663,efi-asthma_copd,Asthma sometimes restricts exercise,,18,,Asthma sometimes restricts exercise
Asthma,170657004,6630,efi-asthma_copd,Asthma severely restricts exercise,,18,,Asthma severely restricts exercise
Asthma,170627008,663J.,efi-asthma_copd,Airways obstruction reversible,,18,,Airways obstruction reversible
Asthma,170631002,663N.,efi-asthma_copd,Asthma disturbing sleep,,18,,Asthma disturbing sleep
Asthma,170632009,663N0,efi-asthma_copd,Asthma causing night waking,,18,,Asthma causing night waking
Asthma,170633004,663N1,efi-asthma_copd,Asthma disturbs sleep weekly,,18,,Asthma disturbs sleep weekly
Asthma,170634005,663N2,efi-asthma_copd,Asthma disturbs sleep frequently,,18,,Asthma disturbs sleep frequently
Asthma,170635006,663O.,efi-asthma_copd,Asthma not disturbing sleep,,18,,Asthma not disturbing sleep
Asthma,170636007,663O0,efi-asthma_copd,Asthma never disturbs sleep,,18,,Asthma never disturbs sleep
Asthma,170637003,663P.,efi-asthma_copd,Asthma limiting activities,,18,,Asthma limiting activities
Asthma,406162001,663U.,efi-asthma_copd,Asthma management plan given,,18,,Asthma management (regime/therapy)
Asthma,170642006,663V.,efi-asthma_copd,Asthma severity,,18,,Asthma severity
Asthma,370220003,663V0,efi-asthma_copd,Occasional asthma,,18,,Occasional asthma (finding)
Asthma,370218001,663V1,efi-asthma_copd,Mild asthma,,18,,Mild asthma (finding)
Asthma,370219009,663V2,efi-asthma_copd,Moderate asthma,,18,,Moderate asthma (finding)
Asthma,370221004,663V3,efi-asthma_copd,Severe asthma,,18,,Severe asthma (finding)
Asthma,170647000,663W.,efi-asthma_copd,Asthma prophylactic medication used,,18,,Asthma prophylactic medication used
Asthma,708358003,663d.,efi-asthma_copd,Emergency asthma admission since last appointment,,18,,Emergency asthma admission since last encounter (situation)
Asthma,170655007,663e.,efi-asthma_copd,Asthma restricts exercise,,18,,Asthma restricts exercise
Asthma,170658009,663f.,efi-asthma_copd,Asthma never restricts exercise,,18,,Asthma never restricts exercise
Asthma,401135008,679J.,efi-asthma_copd,Health education - asthma,,18,,Health education - asthma (regime/therapy)
Asthma,182726007,8793,efi-asthma_copd,Asthma control step 0,,18,,Asthma control step 0
Asthma,182727003,8794,efi-asthma_copd,Asthma control step 1,,18,,Asthma control step 1
Asthma,182728008,8795,efi-asthma_copd,Asthma control step 2,,18,,Asthma control step 2
Asthma,182729000,8796,efi-asthma_copd,Asthma control step 3,,18,,Asthma control step 3
Asthma,182730005,8797,efi-asthma_copd,Asthma control step 4,,18,,Asthma control step 4
Asthma,182731009,8798,efi-asthma_copd,Asthma control step 5,,18,,Asthma control step 5
Asthma,183478001,8H2P.,efi-asthma_copd,"Emergency admission, asthma",,18,,"Emergency admission, asthma"
Asthma,185242005,9N1d.,efi-asthma_copd,Seen in asthma clinic,,18,,Seen in asthma clinic
Asthma,185728001,9OJ1.,efi-asthma_copd,Attends asthma monitoring,,18,,Attends asthma monitoring
Asthma,185729009,9OJ2.,efi-asthma_copd,Refuses asthma monitoring,,18,,Refuses asthma monitoring
Asthma,763221007,9OJ2.,efi-asthma_copd,Refuses asthma monitoring,,18,,Asthma monitoring refused (situation)
Asthma,185730004,9OJ3.,efi-asthma_copd,Asthma monitor offer default,,18,,Asthma monitor offer default
Asthma,185735009,9OJ7.,efi-asthma_copd,Asthma monitoring call verbal invite,,18,,Asthma monitoring call verbal invite
Asthma,195967001,H33..,efi-asthma_copd,Asthma,,18,,Airway hyperreactivity
Asthma,389145006,H330.,efi-asthma_copd,Asthma: [extrins - atop][allerg][pollen][childh][+ hay fev],,18,,Allergic asthma (disorder)
Asthma,233683003,H330.,efi-asthma_copd,Asthma: [extrins - atop][allerg][pollen][childh][+ hay fev],,18,,Hay fever with asthma
Asthma,233678006,H330.,efi-asthma_copd,Asthma: [extrins - atop][allerg][pollen][childh][+ hay fev],,18,,Childhood asthma
Asthma,63088003,H3300,efi-asthma_copd,(Hay fever + asthma) or (extr asthma without status asthmat),,18,,Extrinsic asthma without status asthmaticus
Asthma,708095007,H3301,efi-asthma_copd,Extrins asthma with: [asthma attack] or [status asthmaticus],,18,,Acute severe exacerbation of extrinsic asthma (disorder)
Asthma,708093000,H3301,efi-asthma_copd,Extrins asthma with: [asthma attack] or [status asthmaticus],,18,,Acute exacerbation of extrinsic asthma
Asthma,424643009,H330z,efi-asthma_copd,Extrinsic asthma NOS,,18,,IgE-mediated allergic asthma (disorder)
Asthma,233679003,H331.,,Late-onset asthma,,18,,Late onset asthma
Asthma,266361008,H331.,,Late-onset asthma,,18,,Intrinsic asthma
Asthma,12428000,H3310,efi-asthma_copd,Intrinsic asthma without status asthmaticus,,18,,Intrinsic asthma without status asthmaticus
Asthma,708094006,H3311,efi-asthma_copd,Intrins asthma with: [asthma attack] or [status asthmaticus],,18,,Acute exacerbation of intrinsic asthma
Asthma,1086711000000100,H3311,efi-asthma_copd,Intrins asthma with: [asthma attack] or [status asthmaticus],,18,,Life threatening acute exacerbation of intrinsic asthma
Asthma,708096008,H3311,efi-asthma_copd,Intrins asthma with: [asthma attack] or [status asthmaticus],,18,,Acute severe exacerbation of intrinsic asthma (disorder)
Asthma,195977004,H332.,efi-asthma_copd,Mixed asthma,,18,,Mixed asthma
Asthma,708090002,H33z0,efi-asthma_copd,(Severe asthma attack) or (status asthmaticus NOS),,18,,Acute severe exacerbation of asthma (disorder)
Asthma,708038006,H33z0,efi-asthma_copd,(Severe asthma attack) or (status asthmaticus NOS),,18,,Asthma attack
Asthma,734904007,H33z0,efi-asthma_copd,(Severe asthma attack) or (status asthmaticus NOS),,18,,Life threatening acute exacerbation of asthma (disorder)
Asthma,304527002,H33z0,efi-asthma_copd,(Severe asthma attack) or (status asthmaticus NOS),,18,,Acute asthma
Asthma,405944004,H33zz,efi-asthma_copd,(Asthma:[exerc ind][allerg NEC][NOS]) or (allerg bronch NEC),,18,,Asthmatic bronchitis (disorder)
Asthma,292617004,TJF73,efi-asthma_copd,Adverse reaction to theophylline - asthma,,18,,Theophylline adverse reaction
Asthma,219036002,U60F6,efi-asthma_copd,"[X]Antiasthmats caus adverse effects in therapeut use, NEC",,18,,Adverse reaction to antiasthmatics
Asthma,218973009,U60F6,efi-asthma_copd,"[X]Antiasthmats caus adverse effects in therapeut use, NEC",,18,,Adverse reaction to theobromine
Asthma,292601005,U60F6,efi-asthma_copd,"[X]Antiasthmats caus adverse effects in therapeut use, NEC",,18,,Sodium cromoglycate adverse reaction
Asthma,292548001,U60F6,efi-asthma_copd,"[X]Antiasthmats caus adverse effects in therapeut use, NEC",,18,,Drug groups primarily affect respiratory system adverse reac
Asthma,292545003,U60F6,efi-asthma_copd,"[X]Antiasthmats caus adverse effects in therapeut use, NEC",,18,,Oxitropium adverse reaction
Asthma,292540008,U60F6,efi-asthma_copd,"[X]Antiasthmats caus adverse effects in therapeut use, NEC",,18,,Ipratropium adverse reaction
Asthma,292495000,U60F6,efi-asthma_copd,"[X]Antiasthmats caus adverse effects in therapeut use, NEC",,18,,Salbutamol adverse reaction
Asthma,292615007,U60F6,efi-asthma_copd,"[X]Antiasthmats caus adverse effects in therapeut use, NEC",,18,,Aminophylline adverse reaction
Asthma,225057002,Ua1AX,efi-asthma_copd,Brittle asthma,,18,,Brittle asthma
Asthma,93432008,X1023,efi-asthma_copd,Drug-induced asthma,,18,,Drug-induced asthma
Asthma,429258006,X1024,efi-asthma_copd,Aspirin-sensitive asthma with nasal polyps,,18,,History of aspirin-sensitive asthma with nasal polyp (situation)
Asthma,270442000,XE2Nb,efi-asthma_copd,Asthma monitoring check done,,18,,Asthma monitored
Asthma,275908000,XM1Xb,efi-asthma_copd,Asthma monitoring,,18,,Asthma monitoring
Asthma,405720007,Xa0lZ,efi-asthma_copd,Asthmatic bronchitis,,18,,Allergic bronchitis (disorder)
Asthma,281239006,Xa1hD,efi-asthma_copd,Exacerbation of asthma,,18,,Exacerbation of asthma
Asthma,302220000,Xa8Hn,efi-asthma_copd,Asthma control steps,,18,,Asthma control steps
Asthma,711442001,XaBAQ,efi-asthma_copd,Recent asthma management,,18,,Recent asthma management (situation)
Asthma,312453004,XaDvK,efi-asthma_copd,Asthma - currently active,,18,,Asthma - currently active
Asthma,312454005,XaDvL,efi-asthma_copd,Asthma - currently dormant,,18,,Asthma - currently dormant
Asthma,708373002,XaIIW,efi-asthma_copd,Asthma accident and emergency attendance since last visit,,18,,Emergency asthma patient visit since last encounter (situation)
Asthma,370226009,XaIIX,efi-asthma_copd,Asthma treatment compliance satisfactory,,18,,Asthma treatment compliance satisfactory (finding)
Asthma,370225008,XaIIY,efi-asthma_copd,Asthma treatment compliance unsatisfactory,,18,,Asthma treatment compliance unsatisfactory (finding)
Asthma,373899003,XaIIZ,efi-asthma_copd,Asthma daytime symptoms,,18,,Asthma daytime symptoms (finding)
Asthma,370205009,XaINZ,efi-asthma_copd,Asthma causes night symptoms 1 to 2 times per month,,18,,Asthma causes night symptoms 1 to 2 times per month (finding)
Asthma,370208006,XaINa,efi-asthma_copd,Asthma never causes daytime symptoms,,18,,Asthma never causes daytime symptoms (finding)
Asthma,370202007,XaINb,efi-asthma_copd,Asthma causes daytime symptoms 1 to 2 times per month,,18,,Asthma causes daytime symptoms 1 to 2 times per month (finding)
Asthma,370203002,XaINc,efi-asthma_copd,Asthma causes daytime symptoms 1 to 2 times per week,,18,,Asthma causes daytime symptoms 1 to 2 times per week (finding)
Asthma,370204008,XaINd,efi-asthma_copd,Asthma causes daytime symptoms most days,,18,,Asthma causes daytime symptoms most days (finding)
Asthma,370207001,XaINf,efi-asthma_copd,Asthma limits walking up hills or stairs,,18,,Asthma limits walking up hills or stairs (finding)
Asthma,370206005,XaINg,efi-asthma_copd,Asthma limits walking on the flat,,18,,Asthma limits walking on the flat (finding)
Asthma,366874008,XaINh,efi-asthma_copd,Number of asthma exacerbations in past year,,18,,Number of asthma exacerbations in past year
Asthma,390798007,XaIOV,efi-asthma_copd,Asthma finding,,18,,Asthma finding (finding)
Asthma,390872009,XaIQ4,efi-asthma_copd,Change in asthma management plan,,18,,Change in asthma management plan (regime/therapy)
Asthma,390877003,XaIQD,efi-asthma_copd,Step up change in asthma management plan,,18,,Step up change in asthma management plan (regime/therapy)
Asthma,390878008,XaIQE,efi-asthma_copd,Step down change in asthma management plan,,18,,Step down change in asthma management plan (regime/therapy)
Asthma,390940007,XaIRN,efi-asthma_copd,Asthma monitoring due,,18,,Asthma monitoring due (finding)
Asthma,394720003,XaIfK,efi-asthma_copd,Asthma medication review,,18,,Asthma medication review (procedure)
Asthma,395022009,XaIoE,efi-asthma_copd,Asthma night-time symptoms,,18,,Asthma night-time symptoms (finding)
Asthma,401182001,XaIu5,efi-asthma_copd,Asthma monitoring by nurse,,18,,Asthma monitoring by nurse (regime/therapy)
Asthma,401193004,XaIuG,efi-asthma_copd,Asthma confirmed,,18,,Asthma confirmed (context-dependent category)
Asthma,400987003,XaIww,efi-asthma_copd,Asthma trigger,,18,,Asthma trigger (observable entity)
Asthma,8.9581E+13,XaJ2A,efi-asthma_copd,Did not attend asthma clinic,,18,,Did not attend asthma clinic
Asthma,7.17291E+14,XaJ4z,efi-asthma_copd,Excepted from asthma quality indicators: Patient unsuitable,,18,,Excepted from asthma quality indicators - patient unsuitable (finding)
Asthma,7.16491E+14,XaJ50,efi-asthma_copd,Excepted from asthma quality indicators: Informed dissent,,18,,Excepted from asthma quality indicators - informed dissent
Asthma,407674008,XaJFG,efi-asthma_copd,Aspirin-induced asthma,,18,,Aspirin-induced asthma (disorder)
Asthma,736056000,XaJYe,efi-asthma_copd,Asthma clinical management plan,,18,,Asthma clinical management plan
Asthma,412775002,XaJYe,efi-asthma_copd,Asthma clinical management plan,,18,,Asthma clinical management plan (qualifier value)
Asthma,415265005,XaJtu,efi-asthma_copd,Referral to asthma clinic,,18,,Referral to asthma clinic (procedure)
Asthma,1.76711E+14,XaJuw,efi-asthma_copd,Does not have asthma management plan,,18,,Does not have asthma management plan
Asthma,2.01031E+14,XaLIm,efi-asthma_copd,Asthma trigger - respiratory infection,,18,,Asthma trigger - respiratory infection (observable entity)
Asthma,2.01041E+14,XaLIn,efi-asthma_copd,Asthma trigger - seasonal,,18,,Asthma trigger - seasonal (observable entity)
Asthma,2.01051E+14,XaLIr,efi-asthma_copd,Asthma trigger - animals,,18,,Asthma trigger - animals (observable entity)
Asthma,2.01191E+14,XaLJS,efi-asthma_copd,Asthma trigger - cold air,,18,,Asthma trigger - cold air (observable entity)
Asthma,2.01201E+14,XaLJT,efi-asthma_copd,Asthma trigger - damp,,18,,Asthma trigger - damp (observable entity)
Asthma,2.01211E+14,XaLJU,efi-asthma_copd,Asthma trigger - emotion,,18,,Asthma trigger - emotion (observable entity)
Asthma,3.40891E+14,XaObi,efi-asthma_copd,Asthma trigger - airborne dust,,18,,Asthma trigger: airborne dust (finding)
Asthma,3.40901E+14,XaObj,efi-asthma_copd,Asthma trigger - exercise,,18,,Asthma trigger: exercise (finding)
Asthma,3.40911E+14,XaObk,efi-asthma_copd,Asthma trigger - pollen,,18,,Asthma trigger: pollen (finding)
Asthma,3.40921E+14,XaObl,efi-asthma_copd,Asthma trigger - tobacco smoke,,18,,Asthma trigger: tobacco smoke (finding)
Asthma,3.40931E+14,XaObm,efi-asthma_copd,Asthma trigger - warm air,,18,,Asthma trigger: warm air (finding)
Asthma,443450003,XaQHq,efi-asthma_copd,Asthma control test,,18,,Asthma control test (assessment scale)
Asthma,443117005,XaQig,efi-asthma_copd,Asthma control questionnaire,,18,,Asthma control test score (observable entity)
Asthma,445531003,XaQig,efi-asthma_copd,Asthma control questionnaire,,18,,Asthma control questionnaire (assessment scale)
Asthma,698509001,XaQij,efi-asthma_copd,Under care of asthma specialist nurse,,18,,Under care of asthma specialist nurse (finding)
Asthma,699191007,XaR8K,efi-asthma_copd,Did not attend asthma review,,18,,Did not attend asthma review (finding)
Asthma,5.27171E+14,XaRFi,efi-asthma_copd,Patient has a written asthma personal action plan,,18,,Patient has a written asthma personal action plan (finding)
Asthma,5.27191E+14,XaRFj,efi-asthma_copd,Health education - asthma self management,,18,,Health education - asthma self management (procedure)
Asthma,5.27211E+14,XaRFk,efi-asthma_copd,Health education - structured asthma discussion,,18,,Health education - structured asthma discussion (procedure)
Asthma,5.27231E+14,XaRFl,efi-asthma_copd,Health education - structured patient focused asthma discuss,,18,,Health education - structured patient focused asthma discussion (procedure)
Asthma,7.54061E+14,XaX3n,efi-asthma_copd,Asthma review using Roy Colleg of Physicians three questions,,18,,Asthma review using Royal College of Physicians three questions (regime/therapy)
Asthma,7.71901E+14,XaXZm,efi-asthma_copd,Asthma causes night time symptoms 1 to 2 times per week,,18,,Asthma causes night time symptoms 1 to 2 times per week (finding)
Asthma,7.71941E+14,XaXZp,efi-asthma_copd,Asthma causes symptoms most nights,,18,,Asthma causes symptoms most nights (finding)
Asthma,7.71981E+14,XaXZs,efi-asthma_copd,Asthma limits activities 1 to 2 times per month,,18,,Asthma limits activities 1 to 2 times per month (finding)
Asthma,7.72011E+14,XaXZu,efi-asthma_copd,Asthma limits activities 1 to 2 times per week,,18,,Asthma limits activities 1 to 2 times per week (finding)
Asthma,7.72051E+14,XaXZx,efi-asthma_copd,Asthma limits activities most days,,18,,Asthma limits activities most days (finding)
Asthma,8.66881E+14,Xaa7B,,Chron asthm w fix airflw obstr,,18,,Chronic asthma with fixed airflow obstruction (disorder)
Asthma,74015002,Y1082,qof-asthma,Pneumopathy-other dust inhal.,,18,,Pneumonopathy due to inhalation of dust
Asthma,423889005,Y108F,qof-asthma,Allergic non-atopic asthma,,18,,Non-IgE mediated allergic asthma (disorder)
Asthma,233691007,Y1094,qof-asthma,Asthmatic pulm eosinophilia,,18,,Asthmatic pulmonary eosinophilia
Asthma,170612008,Y79zs,qof-asthma,Increasing exercise wheeze,,18,,Increasing exercise wheeze
Asthma,170638008,Y7A08,qof-asthma,Asthma not limiting activities,,18,,Asthma not limiting activities
Asthma,390921001,YaksM,qof-asthma,Absent work/schl due to asthma,,18,,Absent from work or school due to asthma (finding)
Asthma,394700004,Yal9n,qof-asthma,Asthma annual review,,18,,Asthma annual review (regime/therapy)
Asthma,394701000,Yal9o,qof-asthma,Asthma follow-up,,18,,Asthma follow-up (regime/therapy)
Asthma,401183006,YaleK,qof-asthma,Asthma monitoring by doctor,,18,,Asthma monitoring by doctor (regime/therapy)
Asthma,473391009,Yaudt,qof-asthma,Asthma never caus night symptm,,18,,Asthma never causes night symptoms (situation)
Asthma,734905008,Yayzu,qof-asthma,Moderate acut exacrbatn asthma,,18,,Moderate acute exacerbation of asthma (disorder)
Atrial fibrillation,164889003,3272,efi-af,ECG: atrial fibrillation,,,,ECG: atrial fibrillation
Atrial fibrillation,164890007,3273,efi-af,ECG: atrial flutter,,,,ECG: atrial flutter
Atrial fibrillation,175146007,7936A,efi-af,Implant intravenous pacemaker for atrial fibrillation,,,,Implantation of intravenous pacemaker for atrial fibrillation
Atrial fibrillation,195080001,G573.,efi-af,Atrial fibrillation and flutter,,,,Atrial fibrillation and flutter
Atrial fibrillation,49436004,G5730,efi-af,Atrial fibrillation,,,,Atrial fibrillation
Atrial fibrillation,5370000,G5731,efi-af,Atrial flutter,,,,Atrial flutter
Atrial fibrillation,282825002,G573200,mar-cardiovascular,Paroxysmal atrial fibrillation,,,,AF - Paroxysmal atrial fibrillation
Atrial fibrillation,233911009,G573300,mar-cardiovascular,Non-rheumatic atrial fibrillation,,,,Non-rheumatic atrial fibrillation
Atrial fibrillation,440028005,G573400,mar-cardiovascular,Permanent atrial fibrillation,,,,Permanent atrial fibrillation (disorder)
Atrial fibrillation,440059007,G573500,mar-cardiovascular,Persistent atrial fibrillation,,,,Persistent atrial fibrillation (disorder)
Atrial fibrillation,233910005,X202R,efi-af,Lone atrial fibrillation,,55,,Lone atrial fibrillation
Atrial fibrillation,300996004,Xa7nI,efi-af,Controlled atrial fibrillation,,,,Controlled atrial fibrillation
Atrial fibrillation,312442005,XaDv6,efi-af,H/O: atrial fibrillation,,,,H/O: atrial fibrillation
Atrial fibrillation,314208002,XaEga,efi-af,Rapid atrial fibrillation,,,,Rapid atrial fibrillation
Atrial fibrillation,134377004,XaIIT,efi-af,Atrial fibrillation monitoring,,,,Atrial fibrillation monitoring
Atrial fibrillation,7.15941E+14,XaLFi,efi-af,Except from atr fib quality indicators: Patient unsuitable,,,,Excepted from atrial fibrillation quality indicators - patient unsuitable
Atrial fibrillation,7.17381E+14,XaLFj,efi-af,Excepted from atrial fibrillation qual indic: Inform dissent,,,,Excepted from atrial fibrillation quality indicators - informed dissent
Atrial fibrillation,7.16981E+14,XaMDH,efi-af,Atrial fibrillation monitoring second letter,,,,Atrial fibrillation monitoring second letter (procedure)
Atrial fibrillation,2.48411E+14,XaMGD,efi-af,Atrial fibrillation annual review,,,,Atrial fibrillation annual review (regime/therapy)
Atrial fibrillation,426749004,XaeUP,,Chronic atrial fibrillation,,,,Chronic atrial fibrillation (disorder)
Atrial fibrillation,1085111000000109,,,"Congestive heart failure, hypertension, age 75 years or older, diabetes mellitus and previous stroke or transient ischaemic attack score (observable entity)",,,Code if greater than 0,"CHADS2 (congestive heart failure, hypertension, age 75 years or older, diabetes mellitus and previous stroke or transient ischaemic attack) score"
Atrial fibrillation,735259005,,,"Congestive heart failure, hypertension, age 2, diabetes mellitus, stroke 2, vascular disease, age, sex category stroke risk score (observable entity)",,,Code if greater than 0,"Congestive heart failure, hypertension, age 2, diabetes mellitus, stroke 2, vascular disease, age, sex category stroke risk score (observable entity)"
Atrial fibrillation,763008007,,,"Congestive heart failure, hypertension, age 75 years or older, diabetes mellitus and previous stroke or transient ischemic attack score (observable entity)",,,Code if greater than 0,"Congestive heart failure, hypertension, age 75 years or older, diabetes mellitus and previous stroke or transient ischemic attack score (observable entity)"
Atrial fibrillation,7.93851E+14,,,"Congestive heart failure, hypertension, age 2, diabetes mellitus, stroke 2 - vascular disease, age, sex category stroke risk score (observable entity)",,,Code if greater than 0,"CHA2DS2-VASc (congestive heart failure, hypertension, age 2, diabetes mellitus, stroke 2 - vascular disease, age, sex category) stroke risk score"
Back pain,161882006,16A2.,efi-back_pain,Stiff neck,5,,,Stiff neck
Back pain,161891005,16C2.,efi-back_pain,Backache,5,,,Backache
Back pain,161893008,16C4.,efi-back_pain,Back pain worse on sneezing,5,,,Back pain worse on sneezing
Back pain,161894002,16C5.,efi-back_pain,C/O - low back pain,5,,,C/O - low back pain
Back pain,183868005,8HTH.,efi-back_pain,Referral to back pain clinic,5,,,Referral to back pain clinic
Back pain,202487003,N094L,efi-back_pain,Sacroiliac joint pain,,,,Sacroiliac joint pain
Back pain,202707000,N121.,efi-back_pain,Prolapsed thoracic intervertebral disc without myelopathy,,,,Prolapsed thoracic intervertebral disc without myelopathy
Back pain,202708005,N122.,efi-back_pain,Prolapsed lumbar intervertebral disc,,,,Prolapsed lumbar intervertebral disc
Back pain,26538006,N127.,efi-back_pain,Lumbar disc degeneration,,,,Degeneration of lumbar intervertebral disc
Back pain,202728009,N12B.,efi-back_pain,Disc prolapse with myelopathy,,,,Disc prolapse with myelopathy
Back pain,202729001,N12B0,efi-back_pain,Cervical disc prolapse with myelopathy,,,,Cervical disc prolapse with myelopathy
Back pain,202730006,N12B1,efi-back_pain,Thoracic disc prolapse with myelopathy,,,,Thoracic disc prolapse with myelopathy
Back pain,202732003,N12C.,efi-back_pain,Disc prolapse with radiculopathy,,,,Disc prolapse with radiculopathy
Back pain,202733008,N12C0,efi-back_pain,Cervical disc prolapse with radiculopathy,,,,Cervical disc prolapse with radiculopathy
Back pain,202734002,N12C1,efi-back_pain,Thoracic disc prolapse with radiculopathy,,,,Thoracic disc prolapse with root compression
Back pain,202736000,N12C3,efi-back_pain,Lumbar disc prolapse with cauda equina compression,,,,Lumbar disc prolapse with cauda equina compression
Back pain,279029001,N131.,efi-back_pain,Pain in neck (& [cervical spine]),5,,,Pain in cervical spine
Back pain,81680005,N131.,efi-back_pain,Pain in neck (& [cervical spine]),5,,,Cervicodynia
Back pain,279035001,N141.,efi-back_pain,Thoracic pain: [spine] or [acute back],5,,,Acute thoracic back pain
Back pain,267981009,N141.,efi-back_pain,Thoracic pain: [spine] or [acute back],5,,,Pain in thoracic spine
Back pain,279039007,N142.,efi-back_pain,(Back pain:[lumb sp][low][ac lum]) or (lumbalg) or (lumbago),5,,,Low back pain
Back pain,267982002,N142.,efi-back_pain,(Back pain:[lumb sp][low][ac lum]) or (lumbalg) or (lumbago),5,,,Pain in lumbar spine
Back pain,278862001,N142.,efi-back_pain,(Back pain:[lumb sp][low][ac lum]) or (lumbalg) or (lumbago),5,,,Acute low back pain
Back pain,247366003,N143.,efi-back_pain,Acute back pain &/or sciatica,5,,,Acute back pain with sciatica
Back pain,23056005,N143.,efi-back_pain,Acute back pain &/or sciatica,5,,,Sciatica
Back pain,8847002,X7039,efi-back_pain,Spondylosis,,,,Spondylosis
Back pain,239880009,X703k,efi-back_pain,Lumbar spondylosis,,,,Lumbar spondylosis
Back pain,73589001,X70Cg,efi-back_pain,Prolapsed intervertebral disc,,,,Intervertebral disc prolapse
Back pain,240213002,X70Ch,efi-back_pain,Prolapsed intervertebral disc without myelopathy,,,,Prolapsed intervertebral disc without myelopathy
Back pain,240215009,X70Cj,efi-back_pain,Prolapsed cervical intervertebral disc,,,,Prolapsed cervical intervertebral disc
Back pain,48926009,X75ry,efi-back_pain,Pain in spine,5,,,Rachialgia
Back pain,61486003,X75s1,efi-back_pain,Sacral back pain,5,,,Sacralgia
Back pain,247368002,X75s3,efi-back_pain,Posterior compartment low back pain,5,,,Posterior compartment low back pain
Back pain,247369005,X75s4,efi-back_pain,Facet joint pain,5,,,Facet joint pain
Back pain,11679003,X75sl,efi-back_pain,Nerve root pain,5,,,Radicular pain
Back pain,275316003,XM1NI,efi-back_pain,O/E - lumbar pain on palpation,5,,,O/E - lumbar pain on palpation
Back pain,278860009,Xa0sK,efi-back_pain,Chronic low back pain,,,,Chronic low back pain
Back pain,279038004,Xa0ws,efi-back_pain,Thoracic back pain,5,,,Thoracic back pain
Back pain,279040009,Xa0wu,efi-back_pain,Mechanical low back pain,5,,,Mechanical low back pain
Back pain,279063004,Xa0yD,efi-back_pain,Lumbar facet joint pain,5,,,Lumbar facet joint pain
Back pain,298253002,Xa6sP,efi-back_pain,Cervical facet joint pain,5,,,Cervical facet joint pain
Back pain,298254008,Xa6sQ,efi-back_pain,Thoracic facet joint pain,5,,,Thoracic facet joint pain
Back pain,298478001,Xa6x0,efi-back_pain,Cervical spine - painful on movement,5,,,Cervical spine - painful on movement
Back pain,298579007,Xa6ye,efi-back_pain,Thoracic spine - painful on movement,5,,,Thoracic spine - painful on movement
Back pain,298674008,Xa70A,efi-back_pain,Lumbar spine - painful on movement,5,,,Lumbar spine - painful on movement
Back pain,300957005,Xa7mB,efi-back_pain,Postural low back pain,5,,,Postural low back pain
Back pain,103014001,XaB5B,efi-back_pain,Cervical nerve root pain,5,,,Cervical nerve root pain
Back pain,103015000,XaB5C,efi-back_pain,Thoracic nerve root pain,5,,,Thoracic nerve root pain
Back pain,311804006,XaD2p,efi-back_pain,Prolapsed lumbar intervertebral disc with sciatica,,,,Prolapsed lumbar intervertebral disc with sciatica
Back pain,134407002,XaIIv,efi-back_pain,Chronic back pain,,,,Chronic back pain
BMI,60621009,,,Body mass index,,,,Body mass index
BMI,310252000,22K6.00,,Body mass index less than 20,,,,Body mass index less than 20
BMI,427090001,,,Body mass index less than 16.5,,,,Body mass index less than 16.5 (finding)
BMI,4.43371E+14,22KC.00,,Obese class I,,,,Obese class I (finding)
BMI,4.43381E+14,22KD.00,,Obese class II,,,,Obese class II (finding)
BMI,819948005,22KE.00,,Obese class III,,,,Obese class III
BMI,9.14721E+14,22KC.00,,Obese class I (body mass index 30.0 - 34.9),,,,Obese class I (body mass index 30.0 - 34.9) (finding)
BMI,301331008,22K..,,Body Mass Index,,,"BMI 30+ = obesity, BMI <18.5 Underweight",Finding of body mass index
BMI,60621009,22K..,,Body Mass Index,,,"BMI 30+ = obesity, BMI <18.5 Underweight",Body mass index
BMI,162864005,22K5.,,Body mass index 30+ - obesity,,,,Body mass index 30+ - obesity
BMI,408512008,XaJJH,,BMI 40+ - severely obese,,,,Body mass index 40+ - severely obese (finding)
BMI,8.46931E+14,XaZcl,,Baseline body mass index,,,"BMI 30+ = obesity, BMI <18.5 Underweight",Baseline body mass index (observable entity)
BMI,9.14731E+14,Yax5S,qof-obesity_no_val,Obese class II (BMI 35.0-39.9),,,,Obese class II (body mass index 35.0 - 39.9) (finding)
BMI,9.14741E+14,Yax5T,qof-obesity_no_val,Obese cls III (BMI eq/gr 40.0),,,,Obese class III (body mass index equal to or greater than 40.0) (finding)
Bone disease,4598005,C28..11,mar-bone_related_disease,osteomalacia,,,,Osteomalacia
Bone disease,34713006,C28..11,mar-bone_related_disease,osteomalacia,,,,Vitamin D deficiency
Bone disease,41345002,C28..11,mar-bone_related_disease,osteomalacia,,,,Rickets
Bone disease,190644002,C284.00,mar-bone_related_disease,senile osteomalacia,,,,Senile osteomalacia
Bone disease,190645001,C285.00,mar-bone_related_disease,adult osteomalacia due to malabsorption,,,,Adult osteomalacia due to malabsorption
Bone disease,190646000,C286.00,mar-bone_related_disease,adult osteomalacia due to malnutrition,,,,Adult osteomalacia due to malnutrition
Bone disease,2089002,N310.00,mar-bone_related_disease,osteitis deformans - paget's disease of the bone,,,,Osteitis deformans
Bone disease,203327008,N310000,mar-bone_related_disease,paget's disease-cervical spine,,,,Paget's disease-cervical spine
Bone disease,203328003,N310100,mar-bone_related_disease,paget's disease-thoracic spine,,,,Paget's disease-thoracic spine
Bone disease,203329006,N310200,mar-bone_related_disease,paget's disease-lumbar spine,,,,Paget's disease-lumbar spine
Bone disease,203330001,N310300,mar-bone_related_disease,paget's disease-sacrum,,,,Paget's disease-sacrum
Bone disease,203332009,N310500,mar-bone_related_disease,paget's disease-clavicle,,,,Paget's disease-clavicle
Bone disease,203333004,N310600,mar-bone_related_disease,paget's disease-scapula,,,,Paget's disease-scapula
Bone disease,203334005,N310700,mar-bone_related_disease,paget's disease-humerus,,,,Paget's disease of humerus
Bone disease,203335006,N310800,mar-bone_related_disease,paget's disease-radius,,,,Paget's disease-radius
Bone disease,203336007,N310900,mar-bone_related_disease,paget's disease-ulna,,,,Paget's disease-ulna
Bone disease,203337003,N310A00,mar-bone_related_disease,paget's disease-carpal bone,,,,Paget's disease-carpal bone
Bone disease,203340003,N310D00,mar-bone_related_disease,paget's disease-pelvis,,,,Paget's disease of pelvis
Bone disease,203342006,N310E00,mar-bone_related_disease,paget's disease-femur,,,,Paget's disease-femur
Bone disease,203343001,N310F00,mar-bone_related_disease,paget's disease-patella,,,,Paget's disease-patella
Bone disease,203344007,N310G00,mar-bone_related_disease,paget's disease-tibia,,,,Paget's disease-tibia
Bone disease,203345008,N310H00,mar-bone_related_disease,paget's disease-fibula,,,,Paget's disease-fibula
Bone disease,203351003,N310P00,mar-bone_related_disease,paget's disease-skull,,,,Paget's disease of skull
Bone disease,203352005,N310x00,mar-bone_related_disease,paget's disease-multiple sites,,,,Paget's disease-multiple sites
Bone disease,3.96931E+14,NyuB900,mar-bone_related_disease,"[x]adult osteomalacia, unspecified",,,,"[X]Adult osteomalacia, unspecified (disorder)"
Cancer,9903002,1,mar-cancer,"[m]paraganglioma, malignant",,,,"Paraganglioma, malignant"
Cancer,315241008,1D18.00,mar-cancer,pain from metastases,,,,Pain from metastases
Cancer,395099008,1O0..00,mar-cancer,cancer confirmed,,,,Cancer confirmed (context-dependent category)
Cancer,369775001,4M00.00,mar-cancer,gleason prostate grade 2-4 (low),,,,Gleason Score 2-4: Well differentiated
Cancer,394932008,4M01.00,mar-cancer,gleason prostate grade 5-7 (medium),,,,Gleason prostate grade 5-7 (medium) (finding)
Cancer,369777009,4M02.00,mar-cancer,gleason prostate grade 8-10 (high),,,,Gleason Score 8-10: Poorly differentiated
Cancer,30440004,4M20.00,mar-cancer,lymphoma stage i,,,,Lymphoma stage I
Cancer,76422004,4M21.00,mar-cancer,lymphoma stage ii,,,,Lymphoma stage II
Cancer,56944001,4M22.00,mar-cancer,lymphoma stage iii,,,,Lymphoma stage III
Cancer,66445009,4M23.00,mar-cancer,lymphoma stage iv,,,,Lymphoma stage IV
Cancer,21165006,4M72.00,mar-cancer,clark melanoma level 3,,,,Clark melanoma level 3
Cancer,177281002,7G03J00,mar-cancer,excision of melanoma,,,,Excision of melanoma
Cancer,301889008,7G03K00,mar-cancer,excision malignant skin tumour,,,,Excision of malignant skin tumour
Cancer,363688001,8B3p.00,mar-cancer,administration of cancer treatment,,,,Administration of antineoplastic agent
Cancer,716872004,8BAD000,mar-cancer,cancer chemotherapy,,,,Antineoplastic chemotherapy regimen (regime/therapy)
Cancer,395073001,8BC6.00,mar-cancer,cancer treatment started,,,,Cancer treatment started (context-dependent category)
Cancer,413737006,8BCF.00,mar-cancer,cancer hospital treatment completed,,,,Cancer hospital treatment completed (regime/therapy)
Cancer,420524008,A789500,mar-cancer,hiv disease resulting in kaposi's sarcoma,,,,Kaposi's sarcoma associated with AIDS (disorder)
Cancer,713897006,A789600,mar-cancer,hiv disease resulting in burkitt's lymphoma,,,,Burkitt lymphoma co-occurrent with human immunodeficiency virus infection (disorder)
Cancer,442537007,A789700,mar-cancer,hiv dis resulting oth types of non-hodgkin's lymphoma,,,,Non-Hodgkin lymphoma associated with Human immunodeficiency virus infection
Cancer,363346000,B....11,mar-cancer,cancers,,,,Malignant tumour
Cancer,55342001,B....11,mar-cancer,cancers,,,,Neoplastic disease
Cancer,271323007,B0...,,"Carcinoma lip, oral, pharynx",,,,"Malignant neoplasm of lip, oral cavity and pharynx"
Cancer,255069008,B0...11,mar-cancer,"carcinoma of lip, oral cavity and pharynx",,,,"Carcinoma of lip, oral cavity and pharynx"
Cancer,363348004,B00..,,Carcinoma of lip,,,,Malignant tumour of lip
Cancer,269515006,B00..,,Carcinoma of lip,,,,Carcinoma of lip
Cancer,363372009,B000.,,"Malig neop upp lip,vermil bord",,,,Malignant tumor of vermilion border of upper lip
Cancer,421249001,B000000,mar-cancer,"malignant neoplasm of upper lip, external",,,,Malignant tumor of vermilion border of lip (disorder)
Cancer,187601000,B000100,mar-cancer,"malignant neoplasm of upper lip, lipstick area",,,,"Malignant neoplasm of upper lip, lipstick area"
Cancer,363373004,B001.00,mar-cancer,"malignant neoplasm of lower lip, vermilion border",,,,Malignant tumour of vermilion border of lower lip
Cancer,187604008,B0010,,"Malig neop lower lip, external",,,,"Malignant neoplasm of lower lip, external"
Cancer,187606005,B002.,,"Malig neop upp lip,oral aspect",,,,Malignant tumour of oral aspect of upper lip
Cancer,187608006,B0021,,"Malig neop upper lip, frenulum",,,,Malignant tumour of fraenum of upper lip
Cancer,271568003,B003.00,mar-cancer,"malignant neoplasm of lower lip, inner aspect",,,,"Malig neoplasm of lower lip, oral aspect"
Cancer,187613005,B0030,,"Malig neop low lip,bucc aspect",,,,"Malignant neoplasm of lower lip, buccal aspect"
Cancer,187614004,B0031,,"Malig neop lower lip, frenulum",,,,Malignant tumor of frenum of lower lip
Cancer,187622006,B004.,,"Malig neop lip unsp,inn aspect",,,,Malignant tumor of labial mucosa
Cancer,302815008,B0041,,"Malig neop lip, unsp, frenulum",,,,Malignant tumour of fraenum of lip
Cancer,363374005,B005.,,Malig neop commissure of lip,,,,Malignant tumor of commissure of lip
Cancer,187624007,B006.00,mar-cancer,malignant neoplasm of overlapping lesion of lip,,,,Malignant neoplasm of overlapping lesion of lip
Cancer,275399006,B00z1,,"Malig neop lip, unsp, lipstick",,,,Malignant tumour of lipstick area of lip
Cancer,363375006,B01..,,CA - Cancer of tongue,,,,Malignant tumour of tongue
Cancer,363376007,B010.,,Malig neop base of tongue,,,,Malignant tumor of base of tongue
Cancer,187631006,B010000,mar-cancer,malignant neoplasm of base of tongue dorsal surface,,,,Malignant neoplasm of base of tongue dorsal surface
Cancer,93773005,B011.,,Malig neop dorsal tongue,,,,Malignant neoplasm of dorsal surface of tongue
Cancer,187633009,B011.00,mar-cancer,malignant neoplasm of dorsal surface of tongue,,,,Malignant neoplasm of dorsal surface of tongue
Cancer,187634003,B0110,,Malig neop ant 2/3 tong.dorsal,,,,Malignant neoplasm of anterior 2/3 of tongue dorsal surface
Cancer,275396004,B0111,,Ca anterior 2/3 tongue dorsum,,,,Carcinoma of anterior two-thirds of tongue - dorsal surface
Cancer,187635002,B0111,,Ca anterior 2/3 tongue dorsum,,,,Malignant neoplasm of midline of tongue
Cancer,187637005,B012.00,mar-cancer,"malignant neoplasm of tongue, tip and lateral border",,,,"Malignant neoplasm of tongue, tip and lateral border"
Cancer,94134006,B013.,,Malig neop ventral tongue,,,,Malignant neoplasm of ventral surface of tongue
Cancer,187640005,B0130,,Mali neop ant 2/3 tongue vent,,,,Malignant neoplasm of anterior 2/3 of tongue ventral surface
Cancer,187641009,B0131,,Malig neop frenulum linguae,,,,Malignant tumor of frenum linguae
Cancer,363360003,B014.00,mar-cancer,malignant neoplasm of anterior 2/3 of tongue unspecified,,,,Malignant tumor of anterior two-thirds of tongue
Cancer,187644001,B015.,,Malig neop tongue junct zone,,,,Malignant tumour of junctional zone of tongue
Cancer,363377003,B016.,,Malig neop lingual tonsil,,,,Malignant tumour of lingual tonsil
Cancer,109823006,B017.00,mar-cancer,malignant overlapping lesion of tongue,,,,Overlapping malignant neoplasm of tongue
Cancer,363378008,B02..,,Malig neop major saliv glands,,,,Malignant tumor of major salivary gland
Cancer,363379000,B020.,,CA - Cancer of parotid gland,,,,Malignant tumour of parotid gland
Cancer,363380002,B021.,,Malig neop submandibular gland,,,,Malignant tumor of submandibular gland
Cancer,363381003,B022.,,Malig neop sublingual gland,,,,Malignant tumour of sublingual gland
Cancer,109824000,B023.,,"Mal neop,ovlap lesn maj sal gl",,,,Overlapping malignant neoplasm of major salivary gland
Cancer,363382005,B03..,,CA - Cancer of gum,,,,Malignant tumor of gum
Cancer,363383000,B030.,,Malig neop of upper gum,,,,Malignant tumour of upper gingiva
Cancer,363384006,B031.,,Malig neop of lower gum,,,,Malignant tumour of lower gingiva
Cancer,363385007,B04..,,FOM - Cancer of floor of mouth,,,,Malignant tumor of floor of mouth
Cancer,187652003,B040.,,"Malig neop ant, mouth floor",,,,Malignant tumour of anterior floor of mouth
Cancer,187653008,B041.,,"Malig neop lat, mouth floor",,,,Malignant neoplasm of lateral portion of floor of mouth
Cancer,109830000,B042.00,mar-cancer,"malignant neoplasm, overlapping lesion of floor of mouth",,,,Overlapping malignant neoplasm of floor of mouth
Cancer,363505006,B05..00,mar-cancer,malignant neoplasm of other and unspecified parts of mouth,,,,Malignant tumor of oral cavity
Cancer,363386008,B050.,,Malignant neo buccal mucosa,,,,Malignant tumour of buccal mucosa
Cancer,187658004,B051.,,Malig neop vestibule of mouth,,,,Malignant tumour of vestibule of mouth
Cancer,187659007,B0510,,Malig neop upper buccal sulcus,,,,Malignant neoplasm of upper buccal sulcus
Cancer,187660002,B0511,,Malig neop lower buccal sulcus,,,,Malignant tumor of lower buccal sulcus
Cancer,187661003,B0512,,Malig neop upper labial sulcus,,,,Malignant neoplasm of upper labial sulcus
Cancer,187662005,B0513,,Malig neop lower labial sulcus,,,,Malignant tumor of lower labial sulcus
Cancer,363387004,B052.,,Malig neop hard palate,,,,Malignant tumor of hard palate
Cancer,363388009,B053.,,Malig neop soft palate,,,,Malignant tumour of soft palate
Cancer,363389001,B054.,,Malignant neoplasm of uvula,,,,Malignant tumor of uvula
Cancer,363390005,B055.,,Malig neop palate unspecified,,,,Malignant tumour of palate
Cancer,187666008,B0550,,Malig neop hard/soft palat jct,,,,Malignant neoplasm of junction of hard and soft palate
Cancer,363391009,B056.,,Malig neop retromolar area,,,,Malignant tumor of retromolar area
Cancer,109388009,B05z0,,Kaposi's sarcoma of palate,,,,Kaposi's sarcoma of palate
Cancer,363392002,B06..,,Cancer of oropharynx,,,,Malignant tumour of oropharynx
Cancer,363393007,B060.,,Malignant neoplasm of tonsil,,,,Malignant tumor of tonsil
Cancer,110013004,B0602,,Mal neopl overlap lesn tonsil,,,,Overlapping malignant neoplasm of tonsil
Cancer,363394001,B061.,,Malig neop of tonsillar fossa,,,,Malignant tumour of tonsillar fossa
Cancer,187675005,B062.,,Malig neop faucial pillar,,,,Malignant tumour of palatopharyngeal arch
Cancer,254459004,B0621,,Malig neop glossopalatine fold,,,,Malignant tumour of anterior pillar of fauces
Cancer,363395000,B063.,,Malig neop of vallecula,,,,Malignant tumor of vallecula
Cancer,187681002,B064.00,mar-cancer,malignant neoplasm of anterior epiglottis,,,,Malignant neoplasm of anterior epiglottis
Cancer,187682009,B064000,mar-cancer,"malignant neoplasm of epiglottis, free border",,,,"Malignant neoplasm of epiglottis, free border"
Cancer,187683004,B064100,mar-cancer,malignant neoplasm of glossoepiglottic fold,,,,Malignant neoplasm of glossoepiglottic fold
Cancer,187685006,B065.,,Malig neop junct reg. epiglott,,,,Malignant neoplasm of junctional region of epiglottis
Cancer,93862005,B066.,,Malig neop lat wall oropharynx,,,,Malignant neoplasm of lateral wall of oropharynx
Cancer,448868009,B066.00,mar-cancer,malignant neoplasm of lateral wall of oropharynx,,,,Malignant neoplasm of lateral wall of oropharynx (disorder)
Cancer,187688008,B067.,,Malig neop post wall orophary.,,,,Malignant tumour of posterior wall of oropharynx
Cancer,363396004,B06y0,,Malig neop branchial cleft,,,,Malignant tumour of branchial cleft
Cancer,187692001,B07..,,Cancer of nasopharynx,,,,Malignant tumor of epipharynx
Cancer,363397008,B070.,,Malig tum sup wall nasopharynx,,,,Malignant tumor of roof of nasopharynx
Cancer,187693006,B071.,,Malig neop post wall nasophar.,,,,Malignant tumour of posterior wall of nasopharynx
Cancer,187694000,B0710,,Malignant neoplasm of adenoid,,,,Malignant tumor of adenoid
Cancer,363398003,B072.,,Malig neop lat wall nasopharyn,,,,Malignant tumour of lateral wall of nasopharynx
Cancer,187697007,B0720,,Malig neop pharyngeal recess,,,,Malignant tumour of fossa of Rosenmuller
Cancer,187698002,B0721,,Malig neop opening audit. tube,,,,Malignant tumor of opening of auditory tube
Cancer,187700006,B073.,,Malig neop ant wall nasopharyn,,,,Malignant tumor of anterior wall of nasopharynx
Cancer,187701005,B0730,,Malig neop floor nasopharynx,,,,Malignant neoplasm of floor of nasopharynx
Cancer,254484001,B0732,,Malig neop post septum/choanae,,,,Malignant tumor of posterior margin of nasal septum and choanae
Cancer,109367000,B074.00,mar-cancer,"malignant neoplasm, overlapping lesion of nasopharynx",,,,Overlapping malignant neoplasm of nasopharynx
Cancer,363399006,B08..,,Malig neoplasm laryngopharynx,,,,Malignant tumor of hypopharynx
Cancer,363400004,B080.,,Malig neop postcricoid region,,,,Malignant tumour of postcricoid region
Cancer,363401000,B081.,,Malig neop pyriform sinus,,,,Malignant tumor of pyriform fossa
Cancer,187708004,B082.,,"Malig neop aryepigl fold,hypop",,,,Malignant tumor aryepiglottic fold - hypopharyngeal aspect
Cancer,187709007,B083.,,Malig neop posterior pharynx,,,,Malignant neoplasm of posterior pharynx
Cancer,109368005,B084.,,Mal neop overlap lesn hypophar,,,,Overlapping malignant neoplasm of hypopharynx
Cancer,363507003,B0z0.00,mar-cancer,malignant neoplasm of pharynx unspecified,,,,Malignant tumor of pharynx
Cancer,187716008,B0z1.,,Malig neop Waldeyer's ring,,,,Malignant tumour of Waldeyer's ring
Cancer,428905002,B1...00,mar-cancer,malignant neoplasm of digestive organs and peritoneum,,,,Malignant neoplasm of gastrointestinal tract (disorder)
Cancer,269456006,B1...11,mar-cancer,carcinoma of digestive organs and peritoneum,,,,Malignant neoplasm of digestive organs and peritoneum
Cancer,255077007,B1...11,mar-cancer,carcinoma of digestive organs and peritoneum,,,,Malignant tumour of digestive organ
Cancer,363402007,B10..,,CA - Cancer of oesophagus,,,,Malignant tumour of oesophagus
Cancer,187722004,B100.,,Malig neop cervical oesophagus,,,,Malignant tumour of cervical part of oesophagus
Cancer,187723009,B101.,,Malig neop thoracic oesophagus,,,,Malignant neoplasm of thoracic esophagus
Cancer,187724003,B102.,,Malig neop abdominal oesophag,,,,Malignant tumour of abdominal part of oesophagus
Cancer,187725002,B103.,,Malig neop upp 1/3 oesophagus,,,,Malignant neoplasm of upper third of esophagus
Cancer,187726001,B104.,,Malig neop mid 1/3 oesophagus,,,,Malignant tumor of middle third of esophagus
Cancer,187727005,B105.,,Malig neop low 1/3 oesophagus,,,,Malignant neoplasm of lower third of oesophagus
Cancer,109835005,B106.,,Mal neopl overlap lesn oesoph,,,,Overlapping malignant neoplasm of esophagus
Cancer,3.42571E+14,B107.00,mar-cancer,siewert type i adenocarcinoma,,,,Siewert type I adenocarcinoma (disorder)
Cancer,363349007,B11..00,mar-cancer,malignant neoplasm of stomach,,,,Malignant tumor of stomach
Cancer,126824007,B11..11,mar-cancer,gastric neoplasm,,,,Neoplasm of stomach
Cancer,187732006,B110.,,Malig neop cardia of stomach,,,,Malignant neoplasm of cardia of stomach
Cancer,187733001,B1100,,Malig neop card orific stomach,,,,Malignant neoplasm of cardiac orifice of stomach
Cancer,187734007,B1101,,Malig neop gastro-oesoph junct,,,,Malignant neoplasm of cardio-esophageal junction of stomach
Cancer,187736009,B111.,,Malig neop pylorus of stomach,,,,Malignant tumor of pylorus
Cancer,187738005,B111000,mar-cancer,malignant neoplasm of prepylorus of stomach,,,,Malignant neoplasm of pyloric canal of stomach
Cancer,187740000,B112.,,Malig neop pyloric ant stomach,,,,Malignant tumor of pyloric antrum
Cancer,187741001,B113.,,Malig neop fundus of stomach,,,,Malignant tumour of fundus of stomach
Cancer,187742008,B114.,,Malig neop body of stomach,,,,Malignant tumor of body of stomach
Cancer,269459004,B115.,,Malig neop less curv stom unsp,,,,Malignant tumour of lesser curve of stomach
Cancer,269460009,B116.,,Malig neop great curv stom uns,,,,Malignant tumor of greater curve of stomach
Cancer,109836006,B117.,,Malig neopl overlap lesn stom,,,,Overlapping malignant neoplasm of stomach
Cancer,3.42511E+14,B118.00,mar-cancer,siewert type ii adenocarcinoma,,,,Siewert type II adenocarcinoma (disorder)
Cancer,3.42561E+14,B119.00,mar-cancer,siewert type iii adenocarcinoma,,,,Siewert type III adenocarcinoma (disorder)
Cancer,363509000,B12..00,mar-cancer,malignant neoplasm of small intestine and duodenum,,,,Malignant tumor of small intestine
Cancer,363403002,B120.,,Malignant neoplasm of duodenum,,,,Malignant tumor of duodenum
Cancer,363404008,B121.,,Malignant neoplasm of jejunum,,,,Malignant tumour of jejunum
Cancer,363405009,B122.00,mar-cancer,malignant neoplasm of ileum,,,,Malignant tumor of ileum
Cancer,187752007,B123.,,Malig neop Meckel's divertic,,,,Malignant tumor of Meckel's diverticulum
Cancer,109837002,B124.,,Mal neop overlap les small int,,,,Overlapping malignant neoplasm of small intestine
Cancer,363406005,B13..00,mar-cancer,malignant neoplasm of colon,,,,Malignant tumour of colon
Cancer,363407001,B130.00,mar-cancer,malignant neoplasm of hepatic flexure of colon,,,,Malignant tumor of hepatic flexure
Cancer,363408006,B131.,,Malig neop of transverse colon,,,,Malignant tumour of transverse colon
Cancer,363409003,B132.00,mar-cancer,malignant neoplasm of descending colon,,,,Malignant tumor of descending colon
Cancer,363410008,B133.,,Malig neop of sigmoid colon,,,,Malignant tumour of sigmoid colon
Cancer,363350007,B134.,,Malignant neoplasm of caecum++,,,,Malignant tumour of caecum
Cancer,255081007,B134.11,mar-cancer,carcinoma of caecum,,,,Carcinoma of cecum
Cancer,363411007,B135.,,Malignant neoplasm of appendix,,,,Malignant tumor of appendix
Cancer,363412000,B136.,,Malig neop of ascending colon,,,,Malignant tumour of ascending colon
Cancer,363413005,B137.00,mar-cancer,malignant neoplasm of splenic flexure of colon,,,,Malignant tumor of splenic flexure
Cancer,187757001,B138.00,mar-cancer,"malignant neoplasm, overlapping lesion of colon",,,,"Malignant neoplasm, overlapping lesion of colon"
Cancer,187760008,B14..,,Malig neop of rectum and anus,,,,"Malignant neoplasm of rectum, rectosigmoid junction and anus"
Cancer,363414004,B140.,,Malig neop rectosigmoid junct,,,,Malignant tumour of rectosigmoid junction
Cancer,254582000,B141.,,Rectal carcinoma,,,,Carcinoma of rectum
Cancer,363351006,B141.00,mar-cancer,malignant neoplasm of rectum,,,,Malignant tumor of rectum
Cancer,363352004,B142.00,mar-cancer,malignant neoplasm of anal canal,,,,Malignant tumour of anal canal
Cancer,363491008,B142000,mar-cancer,malignant neoplasm of cloacogenic zone,,,,Malignant tumour of cloacogenic zone
Cancer,255083005,B143.,,Malig neop of anus unspecified,,,,Malignant tumor of anus and anal canal
Cancer,363490009,B143.00,mar-cancer,malignant neoplasm of anus unspecified,,,,Malignant tumor of anus
Cancer,187767006,B15..00,mar-cancer,malignant neoplasm of liver and intrahepatic bile ducts,,,,Malignant neoplasm of liver and intrahepatic bile ducts
Cancer,93870000,B150.,,Malignant tumour of liver,,,,Malignant neoplasm of liver
Cancer,95214007,B150.00,mar-cancer,primary malignant neoplasm of liver,,,,Primary malignant neoplasm of liver
Cancer,187769009,B150000,mar-cancer,primary carcinoma of liver,,,,Primary carcinoma of liver
Cancer,109843000,B150100,mar-cancer,hepatoblastoma of liver,,,,Hepatoblastoma (clinical)
Cancer,109844006,B150200,mar-cancer,primary angiosarcoma of liver,,,,Angiosarcoma of liver
Cancer,109841003,B1503,,LCC - Liver cell carcinoma,,,,Liver cell carcinoma (clinical)
Cancer,447109003,B151.,,Malig neop intrahep bile ducts,,,,Primary malignant neoplasm of intrahepatic bile duct (disorder)
Cancer,187777008,B151.00,mar-cancer,malignant neoplasm of intrahepatic bile ducts,,,,Malignant neoplasm of intrahepatic gall duct
Cancer,187773007,B151000,mar-cancer,malignant neoplasm of interlobular bile ducts,,,,Malignant neoplasm of interlobular bile ducts
Cancer,187776004,B1511,,Malig neop interlob bil canals,,,,Malignant neoplasm of intrahepatic canaliculi
Cancer,94381002,B153.00,mar-cancer,secondary malignant neoplasm of liver,,,,Secondary malignant neoplasm of liver
Cancer,363415003,B16..,,Malig neop GB/extrahep ducts,,,,Malignant tumor of biliary tract
Cancer,372139008,B160.,,Carcinoma gallbladder,,,,Primary malignant neoplasm of gallbladder (disorder)
Cancer,363353009,B160.,,Carcinoma gallbladder,,,,Malignant tumor of gallbladder
Cancer,372140005,B160.11,mar-cancer,carcinoma gallbladder,,,,Carcinoma of gallbladder (disorder)
Cancer,363416002,B161.,,Malig neop extrahep bile ducts,,,,Malignant tumour of extrahepatic bile duct
Cancer,93770008,B161000,mar-cancer,malignant neoplasm of cystic duct,,,,Malignant neoplasm of cystic duct
Cancer,187784000,B161100,mar-cancer,malignant neoplasm of hepatic duct,,,,Malignant neoplasm of hepatic duct
Cancer,255086002,B161200,mar-cancer,malignant neoplasm of common bile duct,,,,Carcinoma common bile duct
Cancer,93763008,B161211,mar-cancer,carcinoma common bile duct,,,,Malignant neoplasm of common bile duct
Cancer,187786003,B1613,,Malig neop sphincter of Oddi,,,,Malignant neoplasm of sphincter of Oddi
Cancer,363417006,B162.,,Malig neop ampulla of Vater,,,,Malignant tumor of ampulla of Vater
Cancer,109847004,B163.,,Mal neop overlap lesn bil trac,,,,Overlapping malignant neoplasm of biliary tract
Cancer,363418001,B17..,,CA - Cancer of pancreas,,,,Malignant tumour of pancreas
Cancer,363419009,B170.,,Malig neop head of pancreas,,,,Malignant tumor of head of pancreas
Cancer,187791002,B171.,,Malig neop body of pancreas,,,,Malignant tumor of body of pancreas
Cancer,187792009,B172.,,Malig neop tail of pancreas,,,,Malignant tumour of tail of pancreas
Cancer,187793004,B173.,,Malig neop pancreatic duct,,,,Malignant tumor of pancreatic duct
Cancer,187794005,B174.,,Malignant Islet cell tumour,,,,Malignant tumour of Islets of Langerhans
Cancer,109848009,B175.00,mar-cancer,"malignant neoplasm, overlapping lesion of pancreas",,,,Overlapping malignant neoplasm of pancreas
Cancer,187798008,B17y0,,Malig neop ectop pancreat tiss,,,,Malignant neoplasm of ectopic pancreatic tissue
Cancer,187801002,B18..,,Malig neop retroperit/periton,,,,Malignant tumour of peritoneum and retroperitoneum
Cancer,363420003,B180.,,Malig neop of retroperitoneum,,,,Malignant retroperitoneal tumour
Cancer,93955002,B1800,,Malig neop periadrenal tissue,,,,Malignant neoplasm of periadrenal tissue
Cancer,187803004,B1801,,Malig neop perinephric tissue,,,,Malignant neoplasm of perinephric tissue
Cancer,187804005,B180200,mar-cancer,malignant neoplasm of retrocaecal tissue,,,,Malignant neoplasm of retrocaecal tissue
Cancer,109853004,B181.00,mar-cancer,mesothelioma of peritoneum,,,,Mesothelioma of peritoneum
Cancer,187808008,B18y.00,mar-cancer,malignant neoplasm of specified parts of peritoneum,,,,Malignant neoplasm of specified parts of peritoneum
Cancer,187809000,B18y0,,Malig neop of mesocolon,,,,Malignant neoplasm of mesocolon
Cancer,187810005,B18y1,,Malig neop of mesocaecum,,,,Malignant neoplasm of mesocaecum
Cancer,187811009,B18y200,mar-cancer,malignant neoplasm of mesorectum,,,,Malignant neoplasm of mesorectum
Cancer,363421004,B18y3,,CA - Cancer of omentum,,,,Malignant neoplasm of omentum
Cancer,93947009,B18y400,mar-cancer,malignant neoplasm of parietal peritoneum,,,,Malignant neoplasm of parietal peritoneum
Cancer,449377002,B18y5,,Malig neop pelvic peritoneum,,,,Malignant neoplasm of pelvic peritoneum (disorder)
Cancer,93952004,B18y500,mar-cancer,malignant neoplasm of pelvic peritoneum,,,,Malignant neoplasm of pelvic peritoneum
Cancer,187814001,B18y600,mar-cancer,malignant neoplasm of the pouch of douglas,,,,Malignant neoplasm of the pouch of Douglas
Cancer,363370001,B18y700,mar-cancer,malignant neoplasm of mesentery,,,,Malignant neoplasm of mesentery
Cancer,302817000,B1z..,,Malig neop GIT other/ill-defin,,,,Malignant tumor of unknown origin or ill-defined site
Cancer,363508008,B1z0.,,Cancer of bowel,,,,Malignant tumour of intestine
Cancer,363499005,B1z1.,,Malig neop spleen NEC,,,,Malignant tumour of spleen
Cancer,187821001,B1z10,,Angiosarcoma of spleen,,,,Angiosarcoma of spleen
Cancer,187822008,B1z1100,mar-cancer,fibrosarcoma of spleen,,,,Fibrosarcoma of spleen
Cancer,187824009,B1z2.00,mar-cancer,"malignant neoplasm, overlapping lesion of digestive system",,,,"Malignant neoplasm, overlapping lesion of digestive system"
Cancer,428100006,B2...,,Carcinoma resp/intrath. organ,,,,Malignant neoplasm of thoracic cavity structure (disorder)
Cancer,126667002,B2...,,Carcinoma resp/intrath. organ,,,,Neoplasm of respiratory tract
Cancer,3.97641E+14,B2...,,Carcinoma resp/intrath. organ,,,,[X]Malignant neoplasm of respiratory and intrathoracic organs (disorder)
Cancer,187828007,B20..,,"Malig neop nose,mid ear,sinus",,,,"Malignant neoplasm of nasal cavities, middle ear and accessory sinuses"
Cancer,363422006,B200.,,Malig neop nasal cavities,,,,Malignant tumor of nasal cavity
Cancer,187829004,B200000,mar-cancer,malignant neoplasm of cartilage of nose,,,,Malignant neoplasm of cartilage of nose
Cancer,187830009,B2001,,Malig neop nasal conchae,,,,Malignant neoplasm of nasal conchae
Cancer,363423001,B2002,,Malig neop septum of nose,,,,Malignant tumour of nasal septum
Cancer,187831008,B2003,,Malig neop vestibule of nose,,,,Malignant tumour of nasal vestibule
Cancer,187833006,B201.,,Malig neop middle ear,,,,"Malignant neoplasm of auditory tube, middle ear and mastoid air cells"
Cancer,187834000,B2010,,Malig neop eustachian tube,,,,Malignant tumor of Eustachian tube
Cancer,187835004,B2011,,Malig neop tympanic cavity,,,,Malignant tumour of tympanic cavity
Cancer,187836003,B2012,,Malig neop tympanic antrum,,,,Malignant tumor of tympanic antrum
Cancer,363424007,B2013,,Malig neop mastoid air cells,,,,Malignant tumor of mastoid air cells
Cancer,269463006,B201z,,Malig neop middle ear NOS,,,,Malignant tumor of middle ear and mastoid
Cancer,363425008,B202.,,Malig neop maxillary sinus,,,,Malignant tumour of maxillary sinus
Cancer,363426009,B203.,,Malig neop ethmoidal sinus,,,,Malignant tumor of ethmoid sinus
Cancer,363427000,B204.,,Malig neop frontal sinus,,,,Malignant tumour of frontal sinus
Cancer,363428005,B205.,,Malig neop sphenoidal sinus,,,,Malignant tumor of sphenoid sinus
Cancer,187838002,B206.00,mar-cancer,"malignant neoplasm, overlapping lesion of accessory sinuses",,,,"Malignant neoplasm, overlapping lesion of accessory sinuses"
Cancer,255073006,B20y.,,"Malig neop oth nose,ear,sinus",,,,"Malignant tumor of ear, nose and throat"
Cancer,363506007,B20z.,,Malig neop accessory sinus NOS,,,,Malignant tumour of nasal sinuses
Cancer,93659005,B20z.00,mar-cancer,malignant neoplasm of accessory sinus nos,,,,Malignant neoplasm of accessory sinus
Cancer,363429002,B21..,,CA - Cancer of larynx,,,,Malignant tumour of larynx
Cancer,187841006,B210.,,Malignant neoplasm of glottis,,,,Malignant tumor of glottis
Cancer,187842004,B211.,,Malig neop supraglottis,,,,Malignant tumour of supraglottis
Cancer,363430007,B212.,,Malig neop subglottis,,,,Malignant tumor of subglottis
Cancer,363431006,B213.,,Malig neop laryngeal cartilage,,,,Malignant tumour of laryngeal cartilage
Cancer,187843009,B213000,mar-cancer,malignant neoplasm of arytenoid cartilage,,,,Malignant neoplasm of arytenoid cartilage
Cancer,187844003,B213100,mar-cancer,malignant neoplasm of cricoid cartilage,,,,Malignant neoplasm of cricoid cartilage
Cancer,187845002,B2132,,Malig neop cuneiform cartilage,,,,Malignant neoplasm of cuneiform cartilage
Cancer,187846001,B213300,mar-cancer,malignant neoplasm of thyroid cartilage,,,,Malignant neoplasm of thyroid cartilage
Cancer,109369002,B214.00,mar-cancer,"malignant neoplasm, overlapping lesion of larynx",,,,Overlapping malignant neoplasm of larynx
Cancer,430621000,B22..,,Malig neop trachea/bronch/lung,,,,Malignant neoplasm of lower respiratory tract (disorder)
Cancer,363432004,B220.,,Tracheal cancer,,,,Malignant tumor of trachea
Cancer,187853005,B2200,,Malig neop cartilage trachea,,,,Malignant neoplasm of cartilage of trachea
Cancer,187854004,B2201,,Malig neop mucosa of trachea,,,,Malignant neoplasm of mucosa of trachea
Cancer,372065009,B221.,,Malig neop main bronchus,,,,Malignant neoplasm of main bronchus (disorder)
Cancer,93882009,B221.00,mar-cancer,malignant neoplasm of main bronchus,,,,Malignant neoplasm of main bronchus
Cancer,187857006,B221000,mar-cancer,malignant neoplasm of carina of bronchus,,,,Malignant neoplasm of carina of bronchus
Cancer,93827000,B221100,mar-cancer,malignant neoplasm of hilus of lung,,,,Malignant neoplasm of hilus of lung
Cancer,269464000,B222.,,Pancoast's syndrome,,,,"Malignant neoplasm of upper lobe, bronchus or lung"
Cancer,278065000,B222.11,mar-cancer,pancoast's syndrome,,,,Superior pulmonary sulcus syndrome
Cancer,187861000,B2220,,Malig neop upper lobe bronchus,,,,Malignant neoplasm of upper lobe bronchus
Cancer,187862007,B222100,mar-cancer,malignant neoplasm of upper lobe of lung,,,,Malignant neoplasm of upper lobe of lung
Cancer,187864008,B223.00,mar-cancer,"malignant neoplasm of middle lobe, bronchus or lung",,,,"Malignant neoplasm of middle lobe, bronchus or lung"
Cancer,187865009,B2230,,Malig neop mid lobe bronchus,,,,Malignant neoplasm of middle lobe bronchus
Cancer,187866005,B2231,,Malig neop middle lobe of lung,,,,Malignant neoplasm of middle lobe of lung
Cancer,187868006,B224.00,mar-cancer,"malignant neoplasm of lower lobe, bronchus or lung",,,,"Malignant neoplasm of lower lobe, bronchus or lung"
Cancer,187869003,B2240,,Malig neop lower bronchus,,,,Malignant neoplasm of lower lobe bronchus
Cancer,187870002,B224100,mar-cancer,malignant neoplasm of lower lobe of lung,,,,Malignant neoplasm of lower lobe of lung
Cancer,109371002,B225.,,"Mal neop,overlap les bron/lung",,,,Overlapping malignant neoplasm of bronchus and lung
Cancer,115232000,B226.00,mar-cancer,mesothelioma,,,,Mesothelial neoplasm
Cancer,62064005,B226.00,mar-cancer,mesothelioma,,,,"Mesothelioma, malignant"
Cancer,363358000,B22y.00,mar-cancer,malignant neoplasm of other sites of bronchus or lung,,,,Malignant tumor of lung
Cancer,363433009,B23..,,Cancer of pleura,,,,Malignant tumour of pleura
Cancer,93948004,B230.,,Malig neop parietal pleura,,,,Malignant neoplasm of parietal pleura
Cancer,449067008,B230.00,mar-cancer,malignant neoplasm of parietal pleura,,,,Malignant neoplasm of parietal pleura (disorder)
Cancer,94140004,B231.,,Malig neop visceral pleura,,,,Malignant neoplasm of visceral pleura
Cancer,449308006,B231.,,Malig neop visceral pleura,,,,Malignant neoplasm of visceral pleura (disorder)
Cancer,254645002,B232.00,mar-cancer,mesothelioma of pleura,,,,Malignant mesothelioma of pleura
Cancer,187881004,B24..00,mar-cancer,"malignant neoplasm of thymus, heart and mediastinum",,,,"Malignant neoplasm of thymus, heart and mediastinum"
Cancer,363434003,B240.,,Malignant neoplasm of thymus,,,,Malignant tumor of thymus
Cancer,363435002,B241.,,Malignant neoplasm of heart,,,,Malignant tumour of heart
Cancer,363436001,B2410,,Malig neop endocardium,,,,Malignant tumor of endocardium
Cancer,93782004,B2411,,Malig neop epicardium,,,,Malignant neoplasm of epicardium
Cancer,363437005,B2412,,Malig neop myocardium,,,,Malignant tumour of myocardium
Cancer,93957005,B241300,mar-cancer,malignant neoplasm of pericardium,,,,Malignant neoplasm of pericardium
Cancer,93671004,B242.,,Malig neop ant mediastinum,,,,Malignant neoplasm of anterior mediastinum
Cancer,449224009,B242.00,mar-cancer,malignant neoplasm of anterior mediastinum,,,,Malignant neoplasm of anterior mediastinum (disorder)
Cancer,448670003,B243.,,Malig neop post mediastinum,,,,Malignant neoplasm of posterior mediastinum (disorder)
Cancer,93969002,B243.00,mar-cancer,malignant neoplasm of posterior mediastinum,,,,Malignant neoplasm of posterior mediastinum
Cancer,363494000,B24X.00,mar-cancer,"malignant neoplasm of mediastinum, part unspecified",,,,Malignant tumor of mediastinum
Cancer,109384006,B25..00,mar-cancer,"malig neo, overlapping lesion of heart, mediastinum & pleura",,,,"Overlapping malignant neoplasm of heart, mediastinum and pleura"
Cancer,93841009,B26..00,mar-cancer,"malignant neoplasm, overlap lesion of resp & intrathor orgs",,,,Malignant neoplasm of intrathoracic organs
Cancer,94118008,B2z0.,,Malig neop up resp tract unspe,,,,Malignant neoplasm of upper respiratory tract
Cancer,93986008,B2zy.00,mar-cancer,malignant neoplasm of other site of respiratory tract,,,,Malignant neoplasm of respiratory tract
Cancer,449096009,B2zz.,,Malig neop resp tract NOS,,,,Malignant neoplasm of respiratory system (disorder)
Cancer,255067005,B3...00,mar-cancer,"malig neop of bone, connective tissue, skin and breast",,,,Sarcoma of bone and connective tissue
Cancer,255068000,B3...12,mar-cancer,sarcoma of bone and connective tissue,,,,"Carcinoma of bone, connective tissue, skin and breast"
Cancer,271467005,B3...12,mar-cancer,sarcoma of bone and connective tissue,,,,"Malignant neoplasm of bone, connective tissue, skin and breast"
Cancer,443679004,B30..00,mar-cancer,malignant neoplasm of bone and articular cartilage,,,,Malignant neoplasm of skeletal system (disorder)
Cancer,187900002,B300.,,Malig neop bones of skull/face,,,,Malignant neoplasm of bones of skull and face
Cancer,93786001,B300000,mar-cancer,malignant neoplasm of ethmoid bone,,,,Malignant neoplasm of ethmoid bone
Cancer,93806005,B3001,,Malig neop frontal bone,,,,Malignant neoplasm of frontal bone
Cancer,187903000,B3002,,Malig neop malar bone,,,,Malignant neoplasm of malar bone
Cancer,93916003,B3003,,Malig neop nasal bone,,,,Malignant neoplasm of nasal bone
Cancer,93927001,B3004,,Malig neop occipital bone,,,,Malignant neoplasm of occipital bone
Cancer,187906008,B300500,mar-cancer,malignant neoplasm of orbital bone,,,,Malignant neoplasm of orbital bone
Cancer,93945001,B3006,,Malig neop parietal bone,,,,Malignant neoplasm of parietal bone
Cancer,94066004,B300700,mar-cancer,malignant neoplasm of sphenoid bone,,,,Malignant neoplasm of sphenoid bone
Cancer,94085001,B3008,,Malig neop temporal bone,,,,Malignant neoplasm of temporal bone
Cancer,94145009,B3009,,Malig neop zygomatic bone,,,,Malignant neoplasm of zygomatic bone
Cancer,93888008,B300A,,Malignant neoplasm of maxilla,,,,Malignant neoplasm of maxilla
Cancer,94142007,B300C00,mar-cancer,malignant neoplasm of vomer,,,,Malignant neoplasm of vomer
Cancer,93886007,B301.,,Malignant neoplasm of mandible,,,,Malignant neoplasm of mandible
Cancer,448668007,B301.00,mar-cancer,malignant neoplasm of mandible,,,,Malignant neoplasm of mandible (disorder)
Cancer,363438000,B302.,,CA - Cancer of spine,,,,Malignant tumor of vertebral column
Cancer,187916000,B302000,mar-cancer,malignant neoplasm of cervical vertebra,,,,Malignant neoplasm of cervical vertebra
Cancer,187917009,B302100,mar-cancer,malignant neoplasm of thoracic vertebra,,,,Malignant neoplasm of thoracic vertebra
Cancer,187918004,B3022,,Malig neop lumbar vertebra,,,,Malignant neoplasm of lumbar vertebra
Cancer,187920001,B303.00,mar-cancer,"malignant neoplasm of ribs, sternum and clavicle",,,,"Malignant neoplasm of ribs, sternum and clavicle"
Cancer,93990005,B303000,mar-cancer,malignant neoplasm of rib,,,,Malignant neoplasm of rib
Cancer,94073009,B3031,,Malignant neoplasm of sternum,,,,Malignant neoplasm of sternum
Cancer,93757004,B3032,,Malignant neoplasm of clavicle,,,,Malignant neoplasm of clavicle
Cancer,187925006,B303300,mar-cancer,malignant neoplasm of costal cartilage,,,,Malignant neoplasm of costal cartilage
Cancer,187926007,B3034,,Malig neop costo-vertebral jnt,,,,Malignant neoplasm of costovertebral joint
Cancer,187927003,B303500,mar-cancer,malignant neoplasm of xiphoid process,,,,Malignant neoplasm of xiphoid process
Cancer,187929000,B304.,,Malig neop scap/arm long bone,,,,Malignant neoplasm of scapula and long bones of upper arm
Cancer,93997008,B304000,mar-cancer,malignant neoplasm of scapula,,,,Malignant neoplasm of scapula
Cancer,93661001,B3041,,Malignant neoplasm of acromion,,,,Malignant neoplasm of acromion
Cancer,187932002,B3042,,Malignant neoplasm of humerus,,,,Malignant neoplasm of humerus
Cancer,93979000,B3043,,Malignant neoplasm of radius,,,,Malignant neoplasm of radius
Cancer,94112009,B304400,mar-cancer,malignant neoplasm of ulna,,,,Malignant neoplasm of ulna
Cancer,269467007,B305.,,Malig neop metacarpal bones,,,,Malignant neoplasm of hand bones
Cancer,255091001,B305.00,mar-cancer,malignant neoplasm of hand bones,,,,Malignant neoplasm of metacarpal bones
Cancer,255090000,B305.12,mar-cancer,malignant neoplasm of metacarpal bones,,,,Malignant neoplasm of carpal bones
Cancer,187937008,B305000,mar-cancer,malignant neoplasm of carpal bone - scaphoid,,,,Malignant neoplasm of carpal bone - scaphoid
Cancer,187938003,B305100,mar-cancer,malignant neoplasm of carpal bone - lunate,,,,Malignant neoplasm of carpal bone - lunate
Cancer,187939006,B3052,,Malig neop carpal - triquetrum,,,,Malignant neoplasm of carpal bone - triquetrum
Cancer,187940008,B3053,,Malig neop carpal - pisiform,,,,Malignant neoplasm of carpal bone - pisiform
Cancer,187941007,B3054,,Malig neop carpal - trapezium,,,,Malignant neoplasm of carpal bone - trapezium
Cancer,187942000,B3055,,Malig neop carpal - trapezoid,,,,Malignant neoplasm of carpal bone - trapezoid
Cancer,187943005,B3056,,Malig neop carpal - capitate,,,,Malignant neoplasm of carpal bone - capitate
Cancer,187944004,B3057,,Malig neop carpal - hamate,,,,Malignant neoplasm of carpal bone - hamate
Cancer,187945003,B3058,,Malig neop first metacarpal,,,,Malignant neoplasm of first metacarpal bone
Cancer,187946002,B3059,,Malig neop second metacarpal,,,,Malignant neoplasm of second metacarpal bone
Cancer,187947006,B305A,,Malig neop third metacarpal,,,,Malignant neoplasm of third metacarpal bone
Cancer,187948001,B305B,,Malig neop fourth metacarpal,,,,Malignant neoplasm of fourth metacarpal bone
Cancer,187949009,B305C,,Malig neop fifth metacarpal,,,,Malignant neoplasm of fifth metacarpal bone
Cancer,187950009,B305D,,Malig neop phalanges of hand,,,,Malignant neoplasm of phalanges of hand
Cancer,187952001,B306.,,Malig neop pelvis/sacrum/coccy,,,,"Malignant neoplasm of pelvic bones, sacrum and coccyx"
Cancer,93833009,B3060,,Malignant neoplasm of ilium,,,,Malignant neoplasm of ilium
Cancer,93842002,B306100,mar-cancer,malignant neoplasm of ischium,,,,Malignant neoplasm of ischium
Cancer,93975006,B306200,mar-cancer,malignant neoplasm of pubis,,,,Malignant neoplasm of pubis
Cancer,187956003,B306300,mar-cancer,malignant neoplasm of sacral vertebra,,,,Malignant neoplasm of sacral vertebra
Cancer,187957007,B306400,mar-cancer,malignant neoplasm of coccygeal vertebra,,,,Malignant neoplasm of coccygeal vertebra
Cancer,416842003,B306500,mar-cancer,malignant sacral teratoma,,,,Malignant sacral teratoma (disorder)
Cancer,449627008,B307.00,mar-cancer,malignant neoplasm of long bones of leg,,,,Malignant neoplasm of long bone of lower limb (disorder)
Cancer,93798006,B307000,mar-cancer,malignant neoplasm of femur,,,,Malignant neoplasm of femur
Cancer,93799003,B3071,,Malignant neoplasm of fibula,,,,Malignant neoplasm of fibula
Cancer,94099002,B307200,mar-cancer,malignant neoplasm of tibia,,,,Malignant neoplasm of tibia
Cancer,93871001,B307z,,Malig neop long bone leg NOS,,,,Malignant neoplasm of long bone of lower limb
Cancer,93950007,B3080,,Malignant neoplasm of patella,,,,Malignant neoplasm of patella
Cancer,94083008,B3081,,Malignant neoplasm of talus,,,,Malignant neoplasm of talus
Cancer,187967002,B3082,,Malig neop calcaneum,,,,Malignant neoplasm of calcaneum
Cancer,187968007,B3083,,Malig neop medial cuneiform,,,,Malignant neoplasm of medial cuneiform
Cancer,187969004,B3084,,Malig neop intermed cuneiform,,,,Malignant neoplasm of intermediate cuneiform
Cancer,187970003,B3085,,Malig neop lateral cuneiform,,,,Malignant neoplasm of lateral cuneiform
Cancer,93769007,B3086,,Malignant neoplasm of cuboid,,,,Malignant neoplasm of cuboid
Cancer,187972006,B3087,,Malig neop navicular,,,,Malignant neoplasm of navicular
Cancer,187973001,B308800,mar-cancer,malignant neoplasm of first metatarsal bone,,,,Malignant neoplasm of first metatarsal bone
Cancer,187974007,B3089,,Malig neop second metatarsal,,,,Malignant neoplasm of second metatarsal bone
Cancer,187975008,B308A,,Malig neop third metatarsal,,,,Malignant neoplasm of third metatarsal bone
Cancer,187976009,B308B00,mar-cancer,malignant neoplasm of fourth metatarsal bone,,,,Malignant neoplasm of fourth metatarsal bone
Cancer,187977000,B308C,,Malig neop fifth metatarsal,,,,Malignant neoplasm of fifth metatarsal bone
Cancer,187978005,B308D,,Malig neop phalanges of foot,,,,Malignant neoplasm of phalanges of foot
Cancer,712525007,B308z,,Malig neop short bone leg NOS,,,,Malignant neoplasm of short bone of lower limb
Cancer,109348004,B309.,,Malig neop ovlap bone/car lim,,,,Overlapping malignant neoplasm of bone and articular cartilage of limbs
Cancer,109347009,B30W.00,mar-cancer,malignant neoplasm/overlap lesion/bone+articulr cartilage,,,,Overlapping malignant neoplasm of bone and articular cartilage
Cancer,307576001,B30z000,mar-cancer,osteosarcoma,,,,Osteosarcoma of bone
Cancer,269469005,B31..00,mar-cancer,malignant neoplasm of connective and other soft tissue,,,,Malignant neoplasm of soft tissue
Cancer,302816009,B310.,,Malig neop soft tiss head/neck,,,,"Malignant tumour of soft tissue of head, face and neck"
Cancer,363439008,B3100,,Malig neop soft tissue of head,,,,Malignant tumour of soft tissue of head
Cancer,363440005,B3101,,Malig neop soft tissue of face,,,,Malignant tumor of soft tissue of face
Cancer,363441009,B3102,,Malig neop soft tissue of neck,,,,Malignant tumour of soft tissue of neck
Cancer,187987001,B310300,mar-cancer,malignant neoplasm of cartilage of ear,,,,Malignant neoplasm of cartilage of ear
Cancer,187988006,B3104,,Malig neop tarsus of eyelid,,,,Malignant neoplasm of tarsus of eyelid
Cancer,187989003,B3105,,"Malignancy, soft tiss-Cx spine",,,,Malignant neoplasm soft tissues of cervical spine
Cancer,187991006,B311.,,Malig neop soft tis arm/should,,,,Malignant neoplasm of connective and soft tissue of upper limb and shoulder
Cancer,187992004,B311000,mar-cancer,malignant neoplasm of connective and soft tissue of shoulder,,,,Malignant neoplasm of connective and soft tissue of shoulder
Cancer,187993009,B3111,,Malig neop soft tiss upper arm,,,,"Malignant neoplasm of connective and soft tissue, upper arm"
Cancer,187994003,B3112,,Malig neop soft tiss fore-arm,,,,Malignant neoplasm of connective and soft tissue of fore-arm
Cancer,187995002,B3113,,Malig neop soft tissue hand,,,,Malignant neoplasm of connective and soft tissue of hand
Cancer,187996001,B311400,mar-cancer,malignant neoplasm of connective and soft tissue of finger,,,,Malignant neoplasm of connective and soft tissue of finger
Cancer,187997005,B3115,,Malig neop soft tissue thumb,,,,Malignant neoplasm of connective and soft tissue of thumb
Cancer,187999008,B312.00,mar-cancer,malig neop of connective and soft tissue of hip and leg,,,,Malignant neoplasm of connective and soft tissue of hip and lower limb
Cancer,188001003,B3121,,Malig neop tis thigh/upper leg,,,,Malignant neoplasm of connective and soft tissue of thigh and upper leg
Cancer,188002005,B312200,mar-cancer,malig neop connective and soft tissue of popliteal space,,,,Malignant neoplasm of connective and soft tissue of popliteal space
Cancer,188003000,B312300,mar-cancer,malig neop of connective and soft tissue of lower leg,,,,Malignant neoplasm of connective and soft tissue of lower leg
Cancer,188004006,B312400,mar-cancer,malignant neoplasm of connective and soft tissue of foot,,,,Malignant neoplasm of connective and soft tissue of foot
Cancer,188005007,B3125,,Malig neop soft tissue toe,,,,Malignant neoplasm of connective and soft tissue of toe
Cancer,188006008,B3126,,Malig neop soft tiss great toe,,,,Malignant neoplasm of connective and soft tissue of great toe
Cancer,188010006,B313000,mar-cancer,malignant neoplasm of connective and soft tissue of axilla,,,,Malignant neoplasm of connective and soft tissue of axilla
Cancer,93772000,B313100,mar-cancer,malignant neoplasm of diaphragm,,,,Malignant neoplasm of diaphragm
Cancer,93817006,B313200,mar-cancer,malignant neoplasm of great vessels,,,,Malignant neoplasm of great vessels
Cancer,188013008,B3133,,"Malignancy, soft tiss-th spine",,,,Malignant neoplasm of connective and soft tissues of thoracic spine
Cancer,363365008,B313z,,Malig neop soft tis thorax NOS,,,,Malignant tumor of soft tissue of thorax
Cancer,188015001,B314.,,Malig neop soft tissue abdomen,,,,Malignant neoplasm of connective and soft tissue of abdomen
Cancer,188016000,B314000,mar-cancer,malig neop of connective and soft tissue of abdominal wall,,,,Malignant neoplasm of connective and soft tissue of abdominal wall
Cancer,188017009,B3141,,"Malignancy, soft tiss-lu spine",,,,Malignant neoplasm of connective and soft tissues of lumbar spine
Cancer,188019007,B315.00,mar-cancer,malignant neoplasm of connective and soft tissue of pelvis,,,,Malignant neoplasm of connective and soft tissue of pelvis
Cancer,188020001,B3150,,Malig neop soft tissue buttock,,,,Malignant neoplasm of connective and soft tissue of buttock
Cancer,188021002,B3151,,Malig neop tis inguinal region,,,,Malignant neoplasm of connective and soft tissue of inguinal region
Cancer,188022009,B315200,mar-cancer,malignant neoplasm of connective and soft tissue of perineum,,,,Malignant neoplasm of connective and soft tissue of perineum
Cancer,188023004,B3153,,"Malignancy, soft tiss-sac+cocc",,,,Malignant neoplasm of connective and soft tissue of sacrum or coccyx
Cancer,363366009,B315z00,mar-cancer,malig neop of connective and soft tissue of pelvis nos,,,,Malignant tumour of soft tissue of pelvis
Cancer,188029000,B31z0,,Kaposi's sarc of soft tissue,,,,Kaposi's sarcoma of soft tissue
Cancer,93655004,B32..,,MM-Malignant melanoma of skin,,,,Malignant melanoma of skin
Cancer,188030005,B320.00,mar-cancer,malignant melanoma of lip,,,,Malignant melanoma of lip
Cancer,231834005,B321.00,mar-cancer,malignant melanoma of eyelid including canthus,,,,Malignant melanoma of eyelid
Cancer,188032002,B322.00,mar-cancer,malignant melanoma of ear and external auricular canal,,,,Malignant melanoma of ear and external auricular canal
Cancer,188033007,B322000,mar-cancer,malignant melanoma of auricle (ear),,,,Malignant melanoma of auricle (ear)
Cancer,188034001,B3221,,Malig melanoma ext. ear canal,,,,Malignant melanoma of external auditory meatus
Cancer,93225001,B323.,,Malig melanoma other part face,,,,Malignant melanoma of skin of face
Cancer,269578002,B323.00,mar-cancer,malignant melanoma of other and unspecified parts of face,,,,Malignant melanoma of head and neck
Cancer,93217003,B3230,,"Malignant melanoma cheek, ext",,,,Malignant melanoma of skin of cheek
Cancer,188038003,B3231,,Malignant melanoma of chin,,,,Malignant melanoma of chin
Cancer,93223008,B3232,,Malignant melanoma of eyebrow,,,,Malignant melanoma of skin of eyebrow
Cancer,188040008,B323300,mar-cancer,malignant melanoma of forehead,,,,Malignant melanoma of forehead
Cancer,93643005,B323400,mar-cancer,malignant melanoma of external surface of nose,,,,Malignant melanoma of skin of nose
Cancer,188042000,B3235,,Malignant melanoma of temple,,,,Malignant melanoma of temple
Cancer,188044004,B324.,,Malignant melanoma scalp/neck,,,,Malignant melanoma of scalp and neck
Cancer,188045003,B3240,,Malignant melanoma of scalp,,,,Malignant melanoma of scalp
Cancer,188046002,B3241,,Malignant melanoma of neck,,,,Malignant melanoma of neck
Cancer,93651008,B325.00,mar-cancer,malignant melanoma of trunk (excluding scrotum),,,,Malignant melanoma of skin of trunk
Cancer,188049009,B3250,,Malignant melanoma of axilla,,,,Malignant melanoma of axilla
Cancer,188050009,B3251,,Malignant melanoma of breast,,,,Malignant melanoma of breast
Cancer,188051008,B3252,,Malignant melanoma of buttock,,,,Malignant melanoma of buttock
Cancer,188052001,B3253,,Malignant melanoma of groin,,,,Malignant melanoma of groin
Cancer,93209006,B3254,,Malig melan of perianal skin,,,,Malignant melanoma of perianal skin
Cancer,188054000,B3255,,Malignant melanoma of perineum,,,,Malignant melanoma of perineum
Cancer,188055004,B325600,mar-cancer,malignant melanoma of umbilicus,,,,Malignant melanoma of umbilicus
Cancer,310498001,B325700,mar-cancer,malignant melanoma of back,,,,Malignant melanoma of back
Cancer,313248004,B325800,mar-cancer,malignant melanoma of chest wall,,,,Malignant melanoma of chest wall
Cancer,269579005,B325z,,Malignant melanoma trunk NOS,,,,Malignant melanoma of trunk
Cancer,269580008,B326.00,mar-cancer,malignant melanoma of upper limb and shoulder,,,,Malignant melanoma of upper limb
Cancer,188060000,B326000,mar-cancer,malignant melanoma of shoulder,,,,Malignant melanoma of shoulder
Cancer,188061001,B326100,mar-cancer,malignant melanoma of upper arm,,,,Malignant melanoma of upper arm
Cancer,188062008,B3262,,Malignant melanoma of fore-arm,,,,Malignant melanoma of fore-arm
Cancer,188063003,B3263,,Malignant melanoma of hand,,,,Malignant melanoma of hand
Cancer,188064009,B326400,mar-cancer,malignant melanoma of finger,,,,Malignant melanoma of finger
Cancer,188065005,B3265,,Malignant melanoma of thumb,,,,Malignant melanoma of thumb
Cancer,188067002,B327.,,Malignant melanoma of leg/hip,,,,Malignant melanoma of lower limb and hip
Cancer,188068007,B327000,mar-cancer,malignant melanoma of hip,,,,Malignant melanoma of hip
Cancer,188069004,B3271,,Malignant melanoma of thigh,,,,Malignant melanoma of thigh
Cancer,188070003,B327200,mar-cancer,malignant melanoma of knee,,,,Malignant melanoma of knee
Cancer,188071004,B3273,,Malig melanoma-popliteal area,,,,Malignant melanoma of popliteal fossa area
Cancer,188072006,B327400,mar-cancer,malignant melanoma of lower leg,,,,Malignant melanoma of lower leg
Cancer,188073001,B327500,mar-cancer,malignant melanoma of ankle,,,,Malignant melanoma of ankle
Cancer,188074007,B3276,,Malignant melanoma of heel,,,,Malignant melanoma of heel
Cancer,188075008,B327700,mar-cancer,malignant melanoma of foot,,,,Malignant melanoma of foot
Cancer,188076009,B327800,mar-cancer,malignant melanoma of toe,,,,Malignant melanoma of toe
Cancer,188077000,B327900,mar-cancer,malignant melanoma of great toe,,,,Malignant melanoma of great toe
Cancer,109267002,B32y000,mar-cancer,overlapping malignant melanoma of skin,,,,Overlapping malignant melanoma of skin
Cancer,94032008,B330.,,Malig neop skin of lip,,,,Malignant neoplasm of skin of lip
Cancer,310599006,B331000,mar-cancer,malignant neoplasm of canthus,,,,Malignant neoplasm of canthus
Cancer,313249007,B331100,mar-cancer,malignant neoplasm of upper eyelid,,,,Malignant neoplasm of upper eyelid
Cancer,313250007,B331200,mar-cancer,malignant neoplasm of lower eyelid,,,,Malignant neoplasm of lower eyelid
Cancer,277156006,B332200,mar-cancer,malignant neoplasm of pinna nec,,,,Malignant tumour of external ear
Cancer,276799004,B339.00,mar-cancer,dermatofibrosarcoma protuberans,,,,DFSP - Dermatofibrosarcoma protruberans
Cancer,109386008,B33z000,mar-cancer,kaposi's sarcoma of skin,,,,Kaposi's sarcoma of skin
Cancer,372064008,B34..,,Ca female breast,,,,Malignant neoplasm of female breast (disorder)
Cancer,188147009,B340.,,Malig neop nipple/areola (f),,,,Malignant neoplasm of nipple and areola of female breast
Cancer,93924008,B340000,mar-cancer,malignant neoplasm of nipple of female breast,,,,Malignant neoplasm of nipple of female breast
Cancer,93680004,B340100,mar-cancer,malignant neoplasm of areola of female breast,,,,Malignant neoplasm of areola of female breast
Cancer,188151006,B341.00,mar-cancer,malignant neoplasm of central part of female breast,,,,Malignant neoplasm of central part of female breast
Cancer,188152004,B342.00,mar-cancer,malignant neoplasm of upper-inner quadrant of female breast,,,,Malignant neoplasm of upper-inner quadrant of female breast
Cancer,188153009,B343.,,Malig neop low-inner quad (f),,,,Malignant neoplasm of lower-inner quadrant of female breast
Cancer,188154003,B344.00,mar-cancer,malignant neoplasm of upper-outer quadrant of female breast,,,,Malignant neoplasm of upper-outer quadrant of female breast
Cancer,188155002,B345.,,Malig neop low-outer quad (f),,,,Malignant neoplasm of lower-outer quadrant of female breast
Cancer,188156001,B346.00,mar-cancer,malignant neoplasm of axillary tail of female breast,,,,Malignant neoplasm of axillary tail of female breast
Cancer,188157005,B347.00,mar-cancer,"malignant neoplasm, overlapping lesion of breast",,,,"Malignant neoplasm, overlapping lesion of breast"
Cancer,188159008,B34y000,mar-cancer,malignant neoplasm of ectopic site of female breast,,,,Malignant neoplasm of ectopic site of female breast
Cancer,372095001,B35..,,Malig neop male breast (m),,,,Malignant neoplasm of male breast (disorder)
Cancer,93884005,B35..00,mar-cancer,malignant neoplasm of male breast,,,,Malignant neoplasm of male breast
Cancer,188163001,B350.00,mar-cancer,malignant neoplasm of nipple and areola of male breast,,,,Malignant neoplasm of nipple and areola of male breast
Cancer,93925009,B3500,,Malig neop nipple male breast,,,,Malignant neoplasm of nipple of male breast
Cancer,93681000,B350100,mar-cancer,malignant neoplasm of areola of male breast,,,,Malignant neoplasm of areola of male breast
Cancer,188168005,B35z000,mar-cancer,malignant neoplasm of ectopic site of male breast,,,,Malignant neoplasm of ectopic site of male breast
Cancer,271468000,B4...,,Carcinoma genitourinary organ,,,,Malignant neoplasm of genitourinary organ
Cancer,255066001,B4...11,mar-cancer,carcinoma of genitourinary organ,,,,Carcinoma of genitourinary organ
Cancer,371973000,B40..,,"Malig neop uterus, part unspec",,,,Malignant neoplasm of uterus (disorder)
Cancer,363354003,B41..,,Cervical carcinoma (uterus),,,,Malignant tumour of cervix
Cancer,372097009,B410.00,mar-cancer,malignant neoplasm of endocervix,,,,Malignant neoplasm of endocervix (disorder)
Cancer,93779009,B410.00,mar-cancer,malignant neoplasm of endocervix,,,,Malignant neoplasm of endocervix
Cancer,188176007,B4100,,Malig neop endocervical canal,,,,Malignant neoplasm of endocervical canal
Cancer,188177003,B410100,mar-cancer,malignant neoplasm of endocervical gland,,,,Malignant neoplasm of endocervical gland
Cancer,372099007,B411.,,Malig neop exocervix,,,,Malignant neoplasm of exocervix (disorder)
Cancer,93789008,B411.00,mar-cancer,malignant neoplasm of exocervix,,,,Malignant neoplasm of exocervix
Cancer,188180002,B412.,,"Mal neop, overlap lesn cerv ut",,,,"Malignant neoplasm, overlapping lesion of cervix uteri"
Cancer,188183000,B41y000,mar-cancer,malignant neoplasm of cervical stump,,,,Malignant neoplasm of cervical stump
Cancer,188184006,B41y1,,Malig neop squamocolum cervix,,,,Malignant neoplasm of squamocolumnar junction of cervix
Cancer,721567004,B42..,,Malignant neoplasm of placenta,,,,Primary malignant neoplasm of placenta (disorder)
Cancer,371972005,B43..,,Cancer of uterus,,,,Malignant neoplasm of body of uterus (disorder)
Cancer,188189001,B430.,,"Malig neop corp uteri,ex isthm",,,,"Malignant neoplasm of corpus uteri, excluding isthmus"
Cancer,188190005,B4300,,Malig neop cornu corpus uteri,,,,Malignant neoplasm of cornu of corpus uteri
Cancer,188191009,B4301,,Malig neop fundus corpus uteri,,,,Malignant neoplasm of fundus of corpus uteri
Cancer,188192002,B430200,mar-cancer,malignant neoplasm of endometrium of corpus uteri,,,,Malignant neoplasm of endometrium of corpus uteri
Cancer,188193007,B4303,,Malig neop myomet corpus uteri,,,,Malignant neoplasm of myometrium of corpus uteri
Cancer,188195000,B431.,,Malig neop isthmus of uterus,,,,Malignant neoplasm of isthmus of uterine body
Cancer,188198003,B432.,,"Mal neop, ovlap les corp uteri",,,,Malignant neoplasm of overlapping lesion of corpus uteri
Cancer,126909004,B43y.00,mar-cancer,malignant neoplasm of other site of uterine body,,,,Neoplasm of body of uterus
Cancer,428322007,B44..,,Malig neop ovary/uterine adnex,,,,Malignant neoplasm of uterine adnexa (disorder)
Cancer,363443007,B440.00,mar-cancer,malignant neoplasm of ovary,,,,Malignant tumour of ovary
Cancer,363444001,B441.00,mar-cancer,malignant neoplasm of fallopian tube,,,,Malignant tumor of fallopian tube
Cancer,93728003,B442.,,Malig neop broad ligament,,,,Malignant neoplasm of broad ligament
Cancer,93942003,B443.,,Malig neop parametrium,,,,Malignant neoplasm of parametrium
Cancer,448674007,B443.00,mar-cancer,malignant neoplasm of parametrium,,,,Malignant neoplasm of parametrium (disorder)
Cancer,188204000,B444.,,Malig neop round ligament,,,,Malignant neoplasm of round ligament
Cancer,126915004,B44y.00,mar-cancer,malignant neoplasm of other site of uterine adnexa,,,,Neoplasm of uterine adnexa
Cancer,363514001,B45..,,Malig neop oth female genital,,,,Malignant tumour of female genital organ
Cancer,363445000,B450.,,Cancer of vagina,,,,Malignant tumour of vagina
Cancer,188208002,B4500,,Malig neop Gartner's duct,,,,Malignant neoplasm of Gartner's duct
Cancer,188209005,B450100,mar-cancer,malignant neoplasm of vaginal vault,,,,Malignant neoplasm of vaginal vault
Cancer,363446004,B451.00,mar-cancer,malignant neoplasm of labia majora,,,,Malignant neoplasm of labia majora
Cancer,188211001,B451000,mar-cancer,malignant neoplasm of greater vestibular (bartholin's) gland,,,,Malignant neoplasm of greater vestibular (Bartholin's) gland
Cancer,363447008,B452.,,Malig neop labia minora,,,,Malignant neoplasm of labia minora
Cancer,371979001,B453.00,mar-cancer,malignant neoplasm of clitoris,,,,Malignant neoplasm of clitoris (disorder)
Cancer,363367000,B454.00,mar-cancer,malignant neoplasm of vulva unspecified,,,,Malignant tumor of vulva
Cancer,275419009,B454.11,mar-cancer,primary vulval cancer,,,,Primary vulval cancer
Cancer,4.62461E+14,B45X.00,mar-cancer,malignant neoplasm/overlapping lesion/feml genital organs,,,,[X]Malignant neoplasm of female genital organs (disorder)
Cancer,109878000,B45X.00,mar-cancer,malignant neoplasm/overlapping lesion/feml genital organs,,,,Overlapping malignant neoplasm of female genital organs
Cancer,109885001,B45y000,mar-cancer,malignant neoplasm of overlapping lesion of vulva,,,,Overlapping malignant neoplasm of vulva
Cancer,399068003,B46..,,CA - Cancer of prostate,,,,Malignant tumor of prostate (disorder)
Cancer,126906006,B46..,,CA - Cancer of prostate,,,,Neoplasm of prostate
Cancer,363449006,B47..,,Testicular cancer,,,,Malignant tumour of testis
Cancer,188219004,B470.,,Malig neop undescended testis,,,,Malignant tumour of undescended testis
Cancer,188220005,B4700,,Malig neop ectopic testis,,,,Malignant neoplasm of ectopic testis
Cancer,313428008,B470200,mar-cancer,seminoma of undescended testis,,,,Seminoma of undescended testis
Cancer,417417007,B470300,mar-cancer,teratoma of undescended testis,,,,Malignant teratoma of undescended testis (disorder)
Cancer,109876001,B471.00,mar-cancer,malignant neoplasm of descended testis,,,,Malignant neoplasm of descended testis
Cancer,313429000,B471000,mar-cancer,seminoma of descended testis,,,,Seminoma of descended testis
Cancer,417554000,B471100,mar-cancer,teratoma of descended testis,,,,Malignant teratoma of descended testis (disorder)
Cancer,255107005,B47z.,,Malig neop testis NOS,,,,Seminoma of testis
Cancer,416769008,B47z.12,mar-cancer,teratoma of testis,,,,Malignant teratoma of testis (disorder)
Cancer,363515000,B48..,,Malig neop penis/oth male gen,,,,Malignant tumor of male genital organ
Cancer,363450006,B480.,,Malig neop prepuce (foreskin),,,,Malignant tumor of foreskin
Cancer,363451005,B481.,,Malig neop glans penis,,,,Malignant tumour of glans penis
Cancer,188230001,B482.,,Malig neop body of penis,,,,Malignant tumour of shaft of penis
Cancer,363516004,B483.00,mar-cancer,"malignant neoplasm of penis, part unspecified",,,,Malignant tumour of penis
Cancer,363452003,B484.00,mar-cancer,malignant neoplasm of epididymis,,,,Malignant tumor of epididymis
Cancer,363453008,B485.00,mar-cancer,malignant neoplasm of spermatic cord,,,,Malignant tumour of spermatic cord
Cancer,363454002,B486.,,CA - Cancer of scrotum,,,,Malignant tumor of scrotum
Cancer,109875002,B487.,,"Malig neop, overlap lesn penis",,,,Overlapping malignant neoplasm of penis
Cancer,188234005,B48y0,,Malig neop seminal vesicle,,,,Malignant neoplasm of seminal vesicle
Cancer,188235006,B48y1,,Malig neop tunica vaginalis,,,,Malignant tumor of tunica vaginalis
Cancer,109874003,B48y2,,"Mal neop,ovlap les mal gen org",,,,Overlapping malignant neoplasm of male genital organs
Cancer,399326009,B49..,,CA - Bladder cancer,,,,Malignant tumor of urinary bladder (disorder)
Cancer,126885006,B49..,,CA - Bladder cancer,,,,Neoplasm of bladder
Cancer,188239000,B490.,,Malig neop trigone of bladder,,,,Malignant tumor of trigone of urinary bladder
Cancer,188240003,B491.,,Malig neop dome of bladder,,,,Malignant tumour of vault of bladder
Cancer,188241004,B492.,,Malig neop lat wall bladder,,,,Malignant neoplasm of lateral wall of urinary bladder
Cancer,188242006,B493.,,Malig neop ant wall bladder,,,,Malignant neoplasm of anterior wall of urinary bladder
Cancer,188243001,B494.00,mar-cancer,malignant neoplasm of posterior wall of urinary bladder,,,,Malignant neoplasm of posterior wall of urinary bladder
Cancer,188244007,B495.,,Malig neop bladder neck,,,,Malignant tumour of bladder neck
Cancer,188245008,B496.,,Malig neop ureteric orifice,,,,Malignant neoplasm of ureteric orifice
Cancer,363456000,B497.,,Malignant neoplasm of urachus,,,,Malignant tumor of urachus
Cancer,188247000,B49y0,,"Mal neopl, overlap lesn bladd",,,,"Malignant neoplasm, overlapping lesion of bladder"
Cancer,419052002,B4A..00,mar-cancer,malig neop of kidney and other unspecified urinary organs,,,,Malignant tumor of urinary system (disorder)
Cancer,363518003,B4A..00,mar-cancer,malig neop of kidney and other unspecified urinary organs,,,,Malignant tumour of kidney
Cancer,188250002,B4A0.,,Malig neop kidney parenchyma,,,,Malignant neoplasm of kidney parenchyma
Cancer,188251003,B4A00,,Adenocarcinoma of kidney,,,,Hypernephroma
Cancer,702391001,B4A0000,mar-cancer,hypernephroma,,,,Renal cell carcinoma
Cancer,363457009,B4A1.,,Malig neop renal pelvis,,,,Malignant tumour of renal pelvis
Cancer,188252005,B4A10,,Malig neop renal calyces,,,,Malignant neoplasm of renal calyx
Cancer,188253000,B4A11,,Malig neop ureteropelvic junct,,,,Malignant tumour of pelviureteric junction
Cancer,363458004,B4A2.00,mar-cancer,malignant neoplasm of ureter,,,,Malignant tumor of ureter
Cancer,363459007,B4A3.,,CA - Cancer of urethra,,,,Malignant tumour of urethra
Cancer,363460002,B4A4.,,Malig neop paraurethral glands,,,,Malignant tumor of paraurethral gland
Cancer,126879004,B4Ay.00,mar-cancer,malignant neoplasm of other urinary organs,,,,Neoplasm of urinary system
Cancer,188256008,B4Ay000,mar-cancer,malignant neoplasm of overlapping lesion of urinary organs,,,,Malignant neoplasm of overlapping lesion of urinary organs
Cancer,363461003,B50..,,Malignant neoplasm of eye,,,,Malignant tumour of eye
Cancer,188261005,B500.00,mar-cancer,"malig neop eyeball excl conjunctiva, cornea, retina, choroid",,,,"Malignant neoplasm of eyeball excluding conjunctiva, cornea, retina and choroid"
Cancer,188263008,B5000,,Malig neop ciliary body,,,,Malignant neoplasm of ciliary body
Cancer,188264002,B5001,,Malignant neoplasm of iris,,,,Malignant neoplasm of iris
Cancer,188265001,B5002,,Malig neop crystalline lens,,,,Malignant neoplasm of crystalline lens
Cancer,188266000,B5003,,Malignant neoplasm of sclera,,,,Malignant neoplasm of sclera
Cancer,363462005,B501.,,Malignant neoplasm of orbit,,,,Malignant tumor of orbit
Cancer,188268004,B501000,mar-cancer,malignant neoplasm of connective tissue of orbit,,,,Malignant neoplasm of connective tissue of orbit
Cancer,188269007,B5011,,Malig neop extraoc musc orbit,,,,Malignant neoplasm of extraocular muscle of orbit
Cancer,188272000,B502.00,mar-cancer,malignant neoplasm of lacrimal gland,,,,Malignant neoplasm of lacrimal gland
Cancer,363463000,B503.,,Malig neop conjunctiva,,,,Malignant tumour of conjunctiva
Cancer,363464006,B504.,,Malignant neoplasm of cornea,,,,Malignant tumor of cornea
Cancer,363465007,B505.,,Malignant neoplasm of retina,,,,Malignant tumour of retina
Cancer,363466008,B506.,,Malignant neoplasm of choroid,,,,Malignant tumor of choroid
Cancer,188274004,B507100,mar-cancer,malignant neoplasm of nasolacrimal duct,,,,Malignant neoplasm of nasolacrimal duct
Cancer,109948008,B508.,,"Mal neop, overlap lesn eye/adn",,,,Overlapping malignant neoplasm of eye and adnexa (primary)
Cancer,428061005,B51..00,mar-cancer,malignant neoplasm of brain,,,,Malignant neoplasm of brain (disorder)
Cancer,188280007,B510.00,mar-cancer,malignant neoplasm cerebrum (excluding lobes and ventricles),,,,Malignant neoplasm of cerebrum (excluding lobes and ventricles)
Cancer,188281006,B510000,mar-cancer,malignant neoplasm of basal ganglia,,,,Malignant neoplasm of basal ganglia
Cancer,188282004,B510100,mar-cancer,malignant neoplasm of cerebral cortex,,,,Malignant neoplasm of cerebral cortex
Cancer,188283009,B5102,,Malig neop corpus striatum,,,,Malignant neoplasm of corpus striatum
Cancer,188285002,B5103,,Malig neop globus pallidus,,,,Malignant neoplasm of globus pallidus
Cancer,188286001,B510400,mar-cancer,malignant neoplasm of hypothalamus,,,,Malignant tumor of hypothalamus
Cancer,188287005,B510500,mar-cancer,malignant neoplasm of thalamus,,,,Malignant neoplasm of thalamus
Cancer,363467004,B511.,,Malig neop frontal lobe,,,,Malignant neoplasm of frontal lobe
Cancer,363468009,B512.,,Malig neop temporal lobe,,,,Malignant neoplasm of temporal lobe
Cancer,188289008,B5120,,Malig neop hippocampus,,,,Malignant neoplasm of hippocampus
Cancer,188290004,B5121,,Malignant neoplasm of uncus,,,,Malignant neoplasm of uncus
Cancer,363469001,B513.00,mar-cancer,malignant neoplasm of parietal lobe,,,,Malignant neoplasm of parietal lobe
Cancer,363470000,B514.,,Malig neop occipital lobe,,,,Malignant neoplasm of occipital lobe
Cancer,363471001,B515.00,mar-cancer,malignant neoplasm of cerebral ventricles,,,,Malignant neoplasm of cerebral ventricles
Cancer,188292007,B5150,,Malig neop choroid plexus,,,,Malignant tumour of choroid plexus
Cancer,188293002,B5151,,Malig neop floor of ventricle,,,,Malignant neoplasm of floor of cerebral ventricle
Cancer,93746009,B516.,,Malig neop cerebellum,,,,Malignant neoplasm of cerebellum
Cancer,449420002,B516.,,Malig neop cerebellum,,,,Malignant neoplasm of cerebellum (disorder)
Cancer,363473003,B517.,,Malig neop brain stem,,,,Malignant neoplasm of brainstem
Cancer,188295009,B517000,mar-cancer,malignant neoplasm of cerebral peduncle,,,,Malignant neoplasm of cerebral peduncle
Cancer,188296005,B5171,,Malig neop medulla oblongata,,,,Malignant neoplasm of medulla oblongata
Cancer,188297001,B517200,mar-cancer,malignant neoplasm of midbrain,,,,Malignant neoplasm of midbrain
Cancer,188298006,B517300,mar-cancer,malignant neoplasm of pons,,,,Malignant neoplasm of pons
Cancer,126952004,B51y.00,mar-cancer,malignant neoplasm of other parts of brain,,,,Neoplasm of brain
Cancer,188301005,B51y0,,Malig neop corpus callosum,,,,Malignant neoplasm of corpus callosum
Cancer,188302003,B51y1,,Malignant neoplasm of tapetum,,,,Malignant neoplasm of tapetum
Cancer,109912006,B51y200,mar-cancer,"malignant neoplasm, overlapping lesion of brain",,,,Overlapping malignant neoplasm of brain
Cancer,372063002,B52..00,mar-cancer,malig neop of other and unspecified parts of nervous system,,,,Malignant neoplasm of nervous system (disorder)
Cancer,188307009,B520.,,Malig neop cranial nerves,,,,Malignant tumour of cranial nerve
Cancer,188308004,B5200,,Malig neop olfactory bulb,,,,Malignant neoplasm of olfactory bulb
Cancer,363498002,B520100,mar-cancer,malignant neoplasm of optic nerve,,,,Malignant tumor of optic nerve
Cancer,254980001,B520200,mar-cancer,malignant neoplasm of acoustic nerve,,,,Malignant tumor of acoustic vestibular nerve
Cancer,363474009,B521.,,Malig neop cerebral meninges,,,,Malignant neoplasm of cerebral meninges
Cancer,188312005,B5210,,Malig neop cerebral dura mater,,,,Malignant neoplasm of cerebral dura mater
Cancer,188313000,B5211,,Malig neop cereb arach mater,,,,Malignant neoplasm of cerebral arachnoid mater
Cancer,188315007,B5212,,Malig neop cerebral pia mater,,,,Malignant neoplasm of cerebral pia mater
Cancer,363475005,B522.,,Malig neop spinal cord,,,,Malignant tumour of spinal cord
Cancer,363476006,B523.,,Malig neop spinal meninges,,,,Malignant neoplasm of spinal meninges
Cancer,188317004,B5230,,Malig neop spinal dura mater,,,,Malignant neoplasm of spinal dura mater
Cancer,188318009,B5231,,Malig neop spinal arach mater,,,,Malignant neoplasm of spinal arachnoid mater
Cancer,188319001,B5232,,Malig neop spinal pia mater,,,,Malignant neoplasm of spinal pia mater
Cancer,363497007,B523z00,mar-cancer,malignant neoplasm of spinal meninges nos,,,,Malignant tumour of meninges
Cancer,188321006,B524.00,mar-cancer,malig neopl peripheral nerves and autonomic nervous system,,,,Malignant neoplasm of peripheral nerves and autonomic nervous system
Cancer,188322004,B524000,mar-cancer,"malignant neoplasm of peripheral nerves of head, face & neck",,,,"Malignant neoplasm of peripheral nerves of head, face and neck"
Cancer,188323009,B5241,,"Mal neo per nv up limb, inc sh",,,,"Malignant neoplasm of peripheral nerves of upper limb, including shoulder"
Cancer,188324003,B5242,,"Mal neo per nv low lmb,inc hip",,,,"Malignant neoplasm of peripheral nerves of lower limb, including hip"
Cancer,188325002,B5243,,Malig neopl periph nerv thorax,,,,Malignant neoplasm of peripheral nerve of thorax
Cancer,188326001,B5244,,Malig neopl periph nerve abdom,,,,Malignant neoplasm of peripheral nerve of abdomen
Cancer,188327005,B5245,,Malig neopl periph nerv pelvis,,,,Malignant neoplasm of peripheral nerve of pelvis
Cancer,109919002,B5246,,"Ml neo,ovlap les per nv/aut ns",,,,Overlapping malignant neoplasm of peripheral nerves and autonomic nervous system
Cancer,363477002,B525.00,mar-cancer,malignant neoplasm of cauda equina,,,,Malignant neoplasm of cauda equina
Cancer,109911004,B52W.00,mar-cancer,"malig neopl, overlap lesion brain & other part of cns",,,,Overlapping malignant neoplasm of brain and other parts of the central nervous system
Cancer,363478007,B53..,,Malig neop thyroid gland,,,,Malignant tumor of thyroid gland
Cancer,371982006,B54..,,Malig neop oth endocrine gland,,,,Malignant neoplasm of endocrine gland (disorder)
Cancer,127331007,B54..00,mar-cancer,malig neop of other endocrine glands and related structures,,,,Neoplasm by body site
Cancer,93665005,B540.,,Malig neop adrenal gland,,,,Malignant neoplasm of adrenal gland
Cancer,363355002,B540.00,mar-cancer,malignant neoplasm of adrenal gland,,,,Malignant tumor of adrenal gland
Cancer,302835009,B540.00,mar-cancer,malignant neoplasm of adrenal gland,,,,Phaeochromocytoma
Cancer,371964008,B5400,,Malig neop adrenal cortex,,,,Malignant neoplasm of adrenal cortex (disorder)
Cancer,371965009,B5401,,Malig neop adrenal medulla,,,,Malignant neoplasm of adrenal medulla (disorder)
Cancer,127021009,B540z,,Malig neop adrenal gland NOS,,,,Neoplasm of adrenal gland
Cancer,363481002,B541.,,Parathyroid cancer,,,,Malignant tumour of parathyroid gland
Cancer,188339002,B542.,,Malig neop pit+craniophar duct,,,,Malignant neoplasm of pituitary gland and craniopharyngeal duct
Cancer,363482009,B5420,,Cancer of pituitary gland,,,,Malignant tumor of pituitary gland
Cancer,188340000,B5421,,Malig neop craniophary duct,,,,Malignant tumor of craniopharyngeal duct
Cancer,363483004,B543.,,Malig neop pineal gland,,,,Malignant tumour of pineal gland
Cancer,93740003,B544.,,Malig neop carotid body,,,,Malignant neoplasm of carotid body
Cancer,447883002,B544.00,mar-cancer,malignant neoplasm of carotid body,,,,Malignant neoplasm of carotid body (disorder)
Cancer,127029006,B545.,,Malig neop aort body/paragangl,,,,Neoplasm of aortic body
Cancer,93941005,B545.00,mar-cancer,malignant neoplasm of aortic body and other paraganglia,,,,Malignant neoplasm of paraganglion
Cancer,93814004,B5450,,Malig neop glomus jugulare,,,,Malignant neoplasm of glomus jugulare
Cancer,93677000,B545100,mar-cancer,malignant neoplasm of aortic body,,,,Malignant neoplasm of aortic body
Cancer,93759001,B5452,,Malig neop coccygeal body,,,,Malignant neoplasm of coccygeal body
Cancer,387922007,B54y.00,mar-cancer,malignant neoplasm of other specified endocrine gland,,,,Neoplasm of endocrine gland (disorder)
Cancer,387927001,B54z.00,mar-cancer,malig neop of endocrine gland or related structure nos,,,,Neoplasm of endocrine system (disorder)
Cancer,188353002,B550.,,"Malig neop head, neck and face",,,,"Malignant neoplasm of head, neck and face"
Cancer,255056009,B550000,mar-cancer,malignant neoplasm of head nos,,,,Malignant tumor of head and neck
Cancer,363501002,B5501,,Malig neop cheek NOS,,,,Malignant tumor of face
Cancer,447949005,B550100,mar-cancer,malignant neoplasm of cheek nos,,,,Malignant epithelial neoplasm of cheek (disorder)
Cancer,363489000,B5504,,Malignant neoplasm of neck NOS,,,,Malignant tumour of neck
Cancer,188361007,B551.,,Malignant neoplasm of thorax,,,,Malignant neoplasm of thorax
Cancer,363502009,B551000,mar-cancer,malignant neoplasm of axilla nos,,,,Malignant tumour of axilla
Cancer,712750007,B551100,mar-cancer,malignant neoplasm of chest wall nos,,,,Malignant neoplasm of chest wall
Cancer,188366002,B552.,,Malignant neoplasm of abdomen,,,,Malignant tumor of abdomen
Cancer,363484005,B553.,,Malignant neoplasm of pelvis,,,,Malignant tumor of pelvis
Cancer,93973004,B553100,mar-cancer,malignant neoplasm of presacral region,,,,Malignant neoplasm of presacral region
Cancer,93995000,B5532,,Malig neop sacrococcygeal reg,,,,Malignant neoplasm of sacrococcygeal region
Cancer,363503004,B554.,,Malig neop upper limb NOS,,,,Malignant tumor of upper limb
Cancer,363504005,B555.00,mar-cancer,malignant neoplasm of lower limb nos,,,,Malignant tumour of lower limb
Cancer,94392001,B56..,,Metastasis to lymph node,,,,Secondary malignant neoplasm of lymph node
Cancer,303194003,B560.00,mar-cancer,secondary and unspec malig neop lymph nodes head/face/neck,,,,Metastasis to head and neck lymph node
Cancer,94475009,B5600,,2-malig neop sup parotid LN,,,,Secondary malignant neoplasm of parotid lymph nodes
Cancer,94394000,B5603,,2-malig neop occipital LN,,,,Secondary malignant neoplasm of lymph nodes of head
Cancer,94449005,B560300,mar-cancer,secondary and unspec malignant neoplasm occipital lymph node,,,,Secondary malignant neoplasm of occipital lymph nodes
Cancer,94609005,B560500,mar-cancer,secondary and unspec malig neop submandibular lymph nodes,,,,Secondary malignant neoplasm of submandibular lymph nodes
Cancer,94393006,B560600,mar-cancer,secondary and unspec malig neop of facial lymph nodes,,,,Secondary malignant neoplasm of lymph nodes of face
Cancer,94611001,B560700,mar-cancer,secondary and unspec malig neop submental lymph nodes,,,,Secondary malignant neoplasm of submental lymph nodes
Cancer,94351005,B561.00,mar-cancer,secondary and unspec malig neop intrathoracic lymph nodes,,,,Secondary malignant neoplasm of intrathoracic lymph nodes
Cancer,94344001,B5611,,2-malig neop intercostal LN,,,,Secondary malignant neoplasm of intercostal lymph nodes
Cancer,94408005,B5613,,2-malig neop ant mediastin LN,,,,Secondary malignant neoplasm of mediastinal lymph nodes
Cancer,94642006,B561600,mar-cancer,secondary and unspec malig neop superfic tracheobronchial ln,,,,Secondary malignant neoplasm of tracheobronchial lymph nodes
Cancer,94227002,B5618,,2-malig neop bronchopulmon LN,,,,Secondary malignant neoplasm of bronchopulmonary lymph nodes
Cancer,94347008,B562.,,2-malig neop intra-abdo LN,,,,Secondary malignant neoplasm of intra-abdominal lymph nodes
Cancer,94410007,B562100,mar-cancer,secondary and unspec malig neop superficial mesenteric ln,,,,Secondary malignant neoplasm of mesenteric lymph nodes
Cancer,94350006,B5623,,2-malig neop common iliac LN,,,,Secondary malignant neoplasm of intrapelvic lymph nodes
Cancer,94336001,B562300,mar-cancer,secondary and unspec malig neop common iliac lymph nodes,,,,Secondary malignant neoplasm of iliac lymph nodes
Cancer,94398002,B563.00,mar-cancer,secondary and unspec malig neop axilla and upper limb ln,,,,Secondary malignant neoplasm of lymph nodes of upper limb
Cancer,94181007,B563000,mar-cancer,secondary and unspec malig neop axillary lymph nodes,,,,Secondary malignant neoplasm of axillary lymph nodes
Cancer,1090101000000100,B5631,,2-malig neop supratrochlear LN,,,,Secondary malignant neoplasm of supratrochlear lymph nodes
Cancer,94338000,B563200,mar-cancer,secondary and unspec malig neop infraclavicular lymph nodes,,,,Secondary malignant neoplasm of infraclavicular lymph nodes
Cancer,94477001,B563300,mar-cancer,secondary and unspec malig neop pectoral lymph nodes,,,,Secondary malignant neoplasm of pectoral axillary lymph nodes
Cancer,94395004,B564.,,2-malig neop inguinal/leg LN,,,,Secondary malignant neoplasm of lymph nodes of lower limb
Cancer,94612008,B5640,,2-malig neop super inguinal LN,,,,Secondary malignant neoplasm of superficial inguinal lymph nodes
Cancer,94494004,B5642,,2-malig neop popliteal LN,,,,Secondary malignant neoplasm of popliteal lymph nodes
Cancer,1090221000000100,B5650,,2-malig neop internal iliac LN,,,,Secondary malignant neoplasm of internal iliac lymph nodes
Cancer,94446003,B5654,,2-malig neop obturator LN,,,,Secondary malignant neoplasm of obturator lymph nodes
Cancer,303201005,B56y.,,2-malig neop multiple site LN,,,,Metastasis to multiple lymph nodes
Cancer,269473008,B57..,,Secondary ca - resp/GIT syst,,,,Secondary malignant neoplasm of respiratory and digestive systems
Cancer,94391008,B570.00,mar-cancer,secondary malignant neoplasm of lung,,,,Secondary malignant neoplasm of lung
Cancer,94409002,B571.,,Mediastinal metastasis,,,,Secondary malignant neoplasm of mediastinum
Cancer,94493005,B572.,,Pleural seedling,,,,Secondary malignant neoplasm of pleura
Cancer,94515004,B573.,,2-malig neop other resp organs,,,,Secondary malignant neoplasm of respiratory tract
Cancer,128462008,B573.00,mar-cancer,secondary malignant neoplasm of other respiratory organs,,,,Metastatic neoplasm (disease)
Cancer,94580002,B574.00,mar-cancer,secondary malignant neoplasm of small intestine and duodenum,,,,Secondary malignant neoplasm of small intestine
Cancer,94275007,B5740,,2-malig neop duodenum,,,,Secondary malignant neoplasm of duodenum
Cancer,94357009,B5741,,2-malig neop jejunum,,,,Secondary malignant neoplasm of jejunum
Cancer,94335002,B5742,,2-malig neop ileum,,,,Secondary malignant neoplasm of ileum
Cancer,94365007,B575.,,2-malig neop colon/rectum,,,,Secondary malignant neoplasm of large intestine
Cancer,448922007,B575.00,mar-cancer,secondary malignant neoplasm of large intestine and rectum,,,,Secondary malignant neoplasm of large intestine and rectum (disorder)
Cancer,94260004,B5750,,2-malig neop colon,,,,Secondary malignant neoplasm of colon
Cancer,94513006,B575100,mar-cancer,secondary malignant neoplasm of rectum,,,,Secondary malignant neoplasm of rectum
Cancer,188445006,B576.,,2-malig neop retroperit/perit,,,,Secondary malignant neoplasm of retroperitoneum and peritoneum
Cancer,94628003,B5760,,2-malig neop retroperitoneum,,,,Secondary malignant neoplasm of the retroperitoneum
Cancer,94627008,B5761,,2-malig neop peritoneum,,,,Secondary malignant neoplasm of the peritoneum
Cancer,94313005,B57y.00,mar-cancer,secondary malignant neoplasm of other digestive organ,,,,Secondary malignant neoplasm of gastrointestinal tract
Cancer,94360002,B580.00,mar-cancer,secondary malignant neoplasm of kidney,,,,Secondary malignant neoplasm of kidney
Cancer,94663008,B581.,,2-malig neop oth urinary organ,,,,Secondary malignant neoplasm of urinary system
Cancer,94659001,B5810,,Metastatic tumour to ureter,,,,Secondary malignant neoplasm of ureter
Cancer,94186002,B5811,,2-malig neop bladder,,,,Secondary malignant neoplasm of bladder
Cancer,94661005,B5812,,Metastatic tumour to urethra,,,,Secondary malignant neoplasm of urethra
Cancer,94579000,B582.,,Skin secondaries,,,,Secondary malignant neoplasm of skin
Cancer,188454009,B582000,mar-cancer,secondary malignant neoplasm of skin of head,,,,Secondary malignant neoplasm of skin of head
Cancer,94554003,B5821,,2-malig neop skin of face,,,,Secondary malignant neoplasm of skin of face
Cancer,94566009,B582200,mar-cancer,secondary malignant neoplasm of skin of neck,,,,Secondary malignant neoplasm of skin of neck
Cancer,94575006,B5823,,2-malig neop skin of trunk,,,,Secondary malignant neoplasm of skin of trunk
Cancer,188458007,B582400,mar-cancer,secondary malignant neoplasm of skin of shoulder and arm,,,,Secondary malignant neoplasm of skin of shoulder and arm
Cancer,188459004,B582500,mar-cancer,secondary malignant neoplasm of skin of hip and leg,,,,Secondary malignant neoplasm of skin of hip and leg
Cancer,94544002,B5826,,2-malig neop skin of breast,,,,Secondary malignant neoplasm of skin of breast
Cancer,188462001,B583.00,mar-cancer,secondary malignant neoplasm of brain and spinal cord,,,,Secondary malignant neoplasm of brain and spinal cord
Cancer,94225005,B5830,,Cerebral metastases,,,,Secondary malignant neoplasm of brain
Cancer,94248000,B5830,,Cerebral metastases,,,,Secondary malignant neoplasm of cerebrum
Cancer,94602001,B5831,,Spinal metastases,,,,Secondary malignant neoplasm of vertebral column
Cancer,94600009,B5831,,Spinal metastases,,,,Secondary malignant neoplasm of spinal cord
Cancer,94442001,B583z,,2-malig neop brain/spine NOS,,,,Secondary malignant neoplasm of nervous system
Cancer,94222008,B585.,,Metastatic tumour of bone,,,,Secondary malignant neoplasm of bone
Cancer,134421000,B585000,mar-cancer,pathological fracture due to metastatic bone disease,,,,Pathological fracture due to metastatic bone disease
Cancer,94455000,B586.00,mar-cancer,secondary malignant neoplasm of ovary,,,,Secondary malignant neoplasm of ovary
Cancer,94161006,B587.,,Suprarenal metastasis,,,,Secondary malignant neoplasm of adrenal gland
Cancer,94297009,B58y0,,Secondary malig depos breast,,,,Secondary malignant neoplasm of female breast
Cancer,94665001,B58y1,,2-malig neop uterus,,,,Secondary malignant neoplasm of uterus
Cancer,188469005,B58y2,,Secondary cancer of the cervix,,,,Secondary malignant neoplasm of cervix uteri
Cancer,94668004,B58y3,,Secondary tumour to vagina,,,,Secondary malignant neoplasm of vagina
Cancer,94681006,B58y4,,Secondary cancer of the vulva,,,,Secondary malignant neoplasm of vulva
Cancer,94503003,B58y5,,Metastatic tumour to prostate,,,,Secondary malignant neoplasm of prostate
Cancer,94623007,B58y6,,Metastatic tumour to testis,,,,Secondary malignant neoplasm of testis
Cancer,94481001,B58y7,,Metastatic tumour to penis,,,,Secondary malignant neoplasm of penis
Cancer,188471005,B58y8,,2-malig neop epididy/vas defer,,,,Secondary malignant neoplasm of epididymis and vas deferens
Cancer,94638008,B58y900,mar-cancer,secondary malignant neoplasm of tongue,,,,Secondary malignant neoplasm of tongue
Cancer,405843009,B590.,,Disseminated malignancy NOS,,,,Widespread metastatic malignant neoplastic disease (disorder)
Cancer,307593001,B590.00,mar-cancer,disseminated malignancy nos,,,,Disseminated carcinomatosis
Cancer,188478004,B592.,,[X]Mal neo/prim-mult sit clasf,,,,Malignant neoplasms of independent (primary) multiple sites
Cancer,109392002,B592X00,mar-cancer,kaposi's sarcoma of multiple organs,,,,Kaposi's sarcoma of multiple organs
Cancer,310504009,B593.00,mar-cancer,primary malignant neoplasm of unknown site,,,,Primary malignant neoplasm of unknown site
Cancer,274088005,B594.00,mar-cancer,secondary malignant neoplasm of unknown site,,,,Secondary malignant neoplasm of unknown site
Cancer,109385007,B59zX00,mar-cancer,"kaposi's sarcoma, unspecified",,,,Kaposi's sarcoma (clinical)
Cancer,269475001,B6...,,Malig neop lympha/haemo tiss,,,,Malignant neoplasm of lymphatic and haemopoietic tissue
Cancer,188487008,B60..,,Lymphosarcoma/reticulosarcoma,,,,Lymphosarcoma and reticulosarcoma
Cancer,373168002,B600.,,Reticulum cell sarcoma,,,,Reticulosarcoma (disorder)
Cancer,188489006,B6001,,Reticulosarcoma-head/face/neck,,,,"Reticulosarcoma of lymph nodes of head, face and neck"
Cancer,95226002,B6002,,Reticulosarcoma -intrathoracic,,,,Reticulosarcoma of intrathoracic lymph nodes
Cancer,95224004,B6003,,Reticulosarcoma - intra-abdomi,,,,Reticulosarcoma of intra-abdominal lymph nodes
Cancer,188492005,B6004,,Reticulosarcoma - axilla / arm,,,,Reticulosarcoma of lymph nodes of axilla and upper limb
Cancer,188493000,B6005,,Reticulosarcoma - inguinal/leg,,,,Reticulosarcoma of lymph nodes of inguinal region and lower limb
Cancer,95225003,B6006,,Reticulosarcoma - intrapelvic,,,,Reticulosarcoma of intrapelvic lymph nodes
Cancer,95231000,B6007,,Reticulosarcoma of spleen,,,,Reticulosarcoma of spleen
Cancer,95230004,B6008,,Reticulosarcoma-multiple sites,,,,Reticulosarcoma of lymph nodes of multiple sites
Cancer,188498009,B601.00,mar-cancer,lymphosarcoma,,,,Lymphosarcoma
Cancer,188500005,B601100,mar-cancer,"lymphosarcoma of lymph nodes of head, face and neck",,,,"Lymphosarcoma of lymph nodes of head, face and neck"
Cancer,188501009,B6012,,Lymphosarcoma - intrathoracic,,,,Lymphosarcoma of intrathoracic lymph nodes
Cancer,188502002,B6013,,Lymphosarcoma-intra-abdominal,,,,Lymphosarcoma of intra-abdominal lymph nodes
Cancer,188503007,B6014,,Lymphosarcoma - axilla or arm,,,,Lymphosarcoma of lymph nodes of axilla and upper limb
Cancer,188504001,B6015,,Lymphosarcoma - inguinal / leg,,,,Lymphosarcoma of lymph nodes of inguinal region and lower limb
Cancer,188505000,B6016,,Lymphosarcoma - intrapelvic,,,,Lymphosarcoma of intrapelvic lymph nodes
Cancer,188506004,B6017,,Lymphosarcoma of spleen,,,,Lymphosarcoma of spleen
Cancer,188507008,B6018,,Lymphosarcoma - multiple sites,,,,Lymphosarcoma of lymph nodes of multiple sites
Cancer,118617000,B602.,,BL - Burkitt's lymphoma,,,,Burkitt's lymphoma (clinical)
Cancer,188510001,B602100,mar-cancer,"burkitt's lymphoma of lymph nodes of head, face and neck",,,,"Burkitt's lymphoma of lymph nodes of head, face and neck"
Cancer,188511002,B6022,,Burkitt's lymph-intrathoracic,,,,Burkitt's lymphoma of intrathoracic lymph nodes
Cancer,188512009,B602300,mar-cancer,burkitt's lymphoma of intra-abdominal lymph nodes,,,,Burkitt's lymphoma of intra-abdominal lymph nodes
Cancer,188513004,B6024,,Burkitt's lymphoma-axilla/arm,,,,Burkitt's lymphoma of lymph nodes of axilla and upper limb
Cancer,188514005,B602500,mar-cancer,burkitt's lymphoma of lymph nodes of inguinal region and leg,,,,Burkitt's lymphoma of lymph nodes of inguinal region and lower limb
Cancer,188515006,B6026,,Burkitt's lymphoma-intrapelvic,,,,Burkitt's lymphoma of intrapelvic lymph nodes
Cancer,188516007,B6027,,Burkitt's lymphoma of spleen,,,,Burkitt's lymphoma of spleen
Cancer,188517003,B6028,,Burkitt's lymphoma-multip.site,,,,Burkitt's lymphoma of lymph nodes of multiple sites
Cancer,118599009,B61..,,HD - Hodgkin's disease,,,,Hodgkin's disease (clinical)
Cancer,118605002,B610.00,mar-cancer,hodgkin's paragranuloma,,,,Hodgkin's paragranuloma (clinical)
Cancer,93542008,B6101,,Hodgkin's paragran - head/neck,,,,"Hodgkin's paragranuloma of lymph nodes of head, face AND/OR neck"
Cancer,188524002,B6102,,Hodgkin's paragran-intrathorax,,,,Hodgkin's paragranuloma of intrathoracic lymph nodes
Cancer,188526000,B6103,,Hodgkin's paragran-intra-abd.,,,,Hodgkin's paragranuloma of intra-abdominal lymph nodes
Cancer,93493001,B610300,mar-cancer,hodgkin's paragranuloma of intra-abdominal lymph nodes,,,,"Hodgkin's disease, lymphocytic-histiocytic predominance of intra-abdominal lymph nodes"
Cancer,93541001,B6104,,Hodgkin's paragran-axilla/arm,,,,Hodgkin's paragranuloma of lymph nodes of axilla AND/OR upper limb
Cancer,93543003,B6105,,Hodgkin's paragran-inguin./leg,,,,Hodgkin's paragranuloma of lymph nodes of inguinal region AND/OR lower limb
Cancer,188529007,B6106,,Hodgkin's paragran-intrapelvic,,,,Hodgkin's paragranuloma of intrapelvic lymph nodes
Cancer,93545005,B6107,,Hodgkin's paragranuloma-spleen,,,,Hodgkin's paragranuloma of spleen
Cancer,188531003,B6108,,Hodgkin's paragran.-mult.sites,,,,Hodgkin's paragranuloma of lymph nodes of multiple sites
Cancer,118602004,B611.,,Hodgkin's granuloma,,,,Hodgkin's granuloma (clinical)
Cancer,188534006,B6111,,Hodgkin's granuloma-head/neck,,,,"Hodgkin's granuloma of lymph nodes of head, face and neck"
Cancer,93531004,B6112,,Hodgkin's granuloma-intrathor.,,,,Hodgkin's granuloma of intrathoracic lymph nodes
Cancer,188536008,B6113,,Hodgkin's granuloma - intra-ab,,,,Hodgkin's granuloma of intra-abdominal lymph nodes
Cancer,188537004,B6114,,Hodgkin's granuloma-axilla/arm,,,,Hodgkin's granuloma of lymph nodes of axilla and upper limb
Cancer,188538009,B6115,,Hodgkin's granuloma-inguin/leg,,,,Hodgkin's granuloma of lymph nodes of inguinal region and lower limb
Cancer,93530003,B6116,,Hodgkin's granuloma-intrapelv.,,,,Hodgkin's granuloma of intrapelvic lymph nodes
Cancer,93536009,B6117,,Hodgkin's granuloma of spleen,,,,Hodgkin's granuloma of spleen
Cancer,188541000,B6118,,Hodgkin's granuloma-mult.sites,,,,Hodgkin's granuloma of lymph nodes of multiple sites
Cancer,118606001,B612.,,Hodgkin's sarcoma,,,,Hodgkin's sarcoma (clinical)
Cancer,188544008,B6121,,Hodgkin's sarcoma - head/neck,,,,"Hodgkin's sarcoma of lymph nodes of head, face and neck"
Cancer,93549004,B6122,,Hodgkin's sarcoma-intrathorax,,,,Hodgkin's sarcoma of intrathoracic lymph nodes
Cancer,93547002,B6123,,Hodgkin's sarcoma-intra-abdom.,,,,Hodgkin's sarcoma of intra-abdominal lymph nodes
Cancer,188547001,B612400,mar-cancer,hodgkin's sarcoma of lymph nodes of axilla and upper limb,,,,Hodgkin's sarcoma of lymph nodes of axilla and upper limb
Cancer,188548006,B6125,,Hodgkin's sarcoma-inguinal/leg,,,,Hodgkin's sarcoma of lymph nodes of inguinal region and lower limb
Cancer,93548007,B6126,,Hodgkin's sarcoma-intrapelvic,,,,Hodgkin's sarcoma of intrapelvic lymph nodes
Cancer,93554008,B6127,,Hodgkin's sarcoma of spleen,,,,Hodgkin's sarcoma of spleen
Cancer,188551004,B6128,,Hodgkin's sarcoma-multip.sites,,,,Hodgkin's sarcoma of lymph nodes of multiple sites
Cancer,118607005,B613.,,"Hodgkin lymphma, lymphcyte-rch",,,,"Hodgkin's disease, lymphocytic-histiocytic predominance (clinical)"
Cancer,188554007,B6131,,"Lymph-histio-Hodgkin,head/neck",,,,"Hodgkin's disease, lymphocytic-histiocytic predominance of lymph nodes of head, face and neck"
Cancer,93495008,B6132,,"Lymph-histio-Hodgkin,intrathor",,,,"Hodgkin's disease, lymphocytic-histiocytic predominance of intrathoracic lymph nodes"
Cancer,188558005,B6134,,"Lymph-histio-Hodgkin,axil./arm",,,,"Hodgkin's disease, lymphocytic-histiocytic predominance of lymph nodes of axilla and upper limb"
Cancer,188559002,B6135,,"Lymph-histio-Hodgkin,ing./leg",,,,"Hodgkin's disease, lymphocytic-histiocytic predominance of lymph nodes of inguinal region and lower limb"
Cancer,93494007,B613600,mar-cancer,"hodgkin's, lymphocytic-histiocytic pred intrapelvic nodes",,,,"Hodgkin's disease, lymphocytic-histiocytic predominance of intrapelvic lymph nodes"
Cancer,93500006,B6137,,"Lymph-histio-Hodgkin, spleen",,,,"Hodgkin's disease, lymphocytic-histiocytic predominance of spleen"
Cancer,188562004,B6138,,"Lymph-histio-Hodgkin,mult.site",,,,"Hodgkin's disease, lymphocytic-histiocytic predominance of lymph nodes of multiple sites"
Cancer,118608000,B614.,,Hodgkin's nodular sclerosis,,,,"Hodgkin's disease, nodular sclerosis (clinical)"
Cancer,188565002,B614100,mar-cancer,"hodgkin's nodular sclerosis of head, face and neck",,,,"Hodgkin's disease, nodular sclerosis of lymph nodes of head, face and neck"
Cancer,188566001,B614200,mar-cancer,hodgkin's nodular sclerosis of intrathoracic lymph nodes,,,,"Hodgkin's disease, nodular sclerosis of intrathoracic lymph nodes"
Cancer,188567005,B614300,mar-cancer,hodgkin's nodular sclerosis of intra-abdominal lymph nodes,,,,"Hodgkin's disease, nodular sclerosis of intra-abdominal lymph nodes"
Cancer,188568000,B6144,,Hodgkin's nod.scl.-axilla/arm,,,,"Hodgkin's disease, nodular sclerosis of lymph nodes of axilla and upper limb"
Cancer,188569008,B6145,,Hodgkin's nod.scl.- inguin/leg,,,,"Hodgkin's disease, nodular sclerosis of lymph nodes of inguinal region and lower limb"
Cancer,188570009,B6146,,Hodgkin's nod.scl.-intrapelvic,,,,"Hodgkin's disease, nodular sclerosis of intrapelvic lymph nodes"
Cancer,93518009,B6147,,Hodgkin's nod.scl. - spleen,,,,"Hodgkin's disease, nodular sclerosis of spleen"
Cancer,188572001,B614800,mar-cancer,hodgkin's nodular sclerosis of lymph nodes of multiple sites,,,,"Hodgkin's disease, nodular sclerosis of lymph nodes of multiple sites"
Cancer,118609008,B615.,,Hodgkin's - mixed cellularity,,,,"Hodgkin's disease, mixed cellularity (clinical)"
Cancer,188575004,B6151,,Hodgkin's mix cell-head/neck,,,,"Hodgkin's disease, mixed cellularity of lymph nodes of head, face and neck"
Cancer,188576003,B615200,mar-cancer,hodgkin's mixed cellularity of intrathoracic lymph nodes,,,,"Hodgkin's disease, mixed cellularity of intrathoracic lymph nodes"
Cancer,188577007,B6153,,Hodgkin's mix cell-intra-abdom,,,,"Hodgkin's disease, mixed cellularity of intra-abdominal lymph nodes"
Cancer,188578002,B6154,,Hodgkin's mix cell-axilla/arm,,,,"Hodgkin's disease, mixed cellularity of lymph nodes of axilla and upper limb"
Cancer,188579005,B6155,,Hodgkin's mix cell-inguin/leg,,,,"Hodgkin's disease, mixed cellularity of lymph nodes of inguinal region and lower limb"
Cancer,188580008,B6156,,Hodgkin's mix cell-intrapelvic,,,,"Hodgkin's disease, mixed cellularity of intrapelvic lymph nodes"
Cancer,93509007,B6157,,Hodgkin's mix cell - spleen,,,,"Hodgkin's disease, mixed cellularity of spleen"
Cancer,188582000,B6158,,Hodgkin's mix cell-multip.site,,,,"Hodgkin's disease, mixed cellularity of lymph nodes of multiple sites"
Cancer,118610003,B616.,,Hodgkin's lymphocyt. depletion,,,,"Hodgkin's disease, lymphocytic depletion (clinical)"
Cancer,188585003,B6161,,Hodgkin's lymp.dep.-head/neck,,,,"Hodgkin's disease, lymphocytic depletion of lymph nodes of head, face and neck"
Cancer,188586002,B6162,,Hodgkin's lymp.dep.-intrathor.,,,,"Hodgkin's disease, lymphocytic depletion of intrathoracic lymph nodes"
Cancer,188587006,B6163,,Hodgkin's lymp.dep.-intra-abd.,,,,"Hodgkin's disease, lymphocytic depletion of intra-abdominal lymph nodes"
Cancer,188589009,B616400,mar-cancer,hodgkin's lymphocytic depletion lymph nodes axilla and arm,,,,"Hodgkin's disease, lymphocytic depletion of lymph nodes of axilla and upper limb"
Cancer,188590000,B6165,,Hodgkin's lymp.dep.-inguin/leg,,,,"Hodgkin's disease, lymphocytic depletion of lymph nodes of inguinal region and lower limb"
Cancer,188591001,B6166,,Hodgkin's lymp.dep.-intrapelv.,,,,"Hodgkin's disease, lymphocytic depletion of intrapelvic lymph nodes"
Cancer,188592008,B6167,,Hodgkin's lymp.dep. - spleen,,,,"Hodgkin's disease, lymphocytic depletion of spleen"
Cancer,188593003,B6168,,Hodgkin's lymp.dep.-mult.sites,,,,"Hodgkin's disease, lymphocytic depletion of lymph nodes of multiple sites"
Cancer,93524003,B61z100,mar-cancer,"hodgkin's disease nos of lymph nodes of head, face and neck",,,,"Hodgkin's disease of lymph nodes of head, face AND/OR neck"
Cancer,93522004,B61z200,mar-cancer,hodgkin's disease nos of intrathoracic lymph nodes,,,,Hodgkin's disease of intrathoracic lymph nodes
Cancer,93520007,B61z3,,Hodgkin's dis.NOS-intra-abdom.,,,,Hodgkin's disease of intra-abdominal lymph nodes
Cancer,93523009,B61z4,,Hodgkin's dis.NOS-axilla/arm,,,,Hodgkin's disease of lymph nodes of axilla AND/OR upper limb
Cancer,93525002,B61z5,,Hodgkin's dis.NOS-inguinal/leg,,,,Hodgkin's disease of lymph nodes of inguinal region AND/OR lower limb
Cancer,93521006,B61z6,,Hodgkin's dis.NOS-intrapelvic,,,,Hodgkin's disease of intrapelvic lymph nodes
Cancer,93527005,B61z7,,Hodgkin's dis.NOS - spleen,,,,Hodgkin's disease of spleen
Cancer,93526001,B61z8,,Hodgkin's dis.NOS-multip.sites,,,,Hodgkin's disease of lymph nodes of multiple sites
Cancer,277606000,B62..00,mar-cancer,other malignant neoplasm of lymphoid and histiocytic tissue,,,,Lymphoreticular tumour
Cancer,269476000,B620.,,Reticulosarcoma - foll./nod.,,,,Nodular lymphoma
Cancer,188609000,B6201,,Nodular lymphoma-head/neck,,,,"Nodular lymphoma of lymph nodes of head, face and neck"
Cancer,95188007,B6202,,Nodular lymphoma-intrathoracic,,,,Nodular lymphoma of intrathoracic lymph nodes
Cancer,95186006,B6203,,Nodular lymphoma-intra-abdomen,,,,Nodular lymphoma of intra-abdominal lymph nodes
Cancer,188612002,B6204,,Nodular lymphoma-axilla/arm,,,,Nodular lymphoma of lymph nodes of axilla and upper limb
Cancer,188613007,B6205,,Nodular lymphoma-inguinal/leg,,,,Nodular lymphoma of lymph nodes of inguinal region and lower limb
Cancer,95187002,B6206,,Nodular lymphoma-intrapelvic,,,,Nodular lymphoma of intrapelvic lymph nodes
Cancer,95193005,B6207,,Nodular lymphoma of spleen,,,,Nodular lymphoma of spleen
Cancer,95192000,B6208,,Nodular lymphoma-multiple site,,,,Nodular lymphoma of lymph nodes of multiple sites
Cancer,118618005,B621.,,MF - Mycosis fungoides,,,,Mycosis fungoides (clinical)
Cancer,94711005,B6211,,Mycosis fungoides-head/neck,,,,"Mycosis fungoides of lymph nodes of head, face AND/OR neck"
Cancer,94709001,B6212,,Mycosis fungoides-intrathorax,,,,Mycosis fungoides of intrathoracic lymph nodes
Cancer,94707004,B6213,,Mycosis fungoides-intra-abdom.,,,,Mycosis fungoides of intra-abdominal lymph nodes
Cancer,94710006,B6214,,Mycosis fungoides-axilla/arm,,,,Mycosis fungoides of lymph nodes of axilla AND/OR upper limb
Cancer,94712003,B6215,,Mycosis fungoides-inguinal/leg,,,,Mycosis fungoides of lymph nodes of inguinal region AND/OR lower limb
Cancer,94708009,B6216,,Mycosis fungoides-intrapelvic,,,,Mycosis fungoides of intrapelvic lymph nodes
Cancer,94714002,B6217,,Mycosis fungoides of spleen,,,,Mycosis fungoides of spleen
Cancer,188627002,B6218,,Mycosis fungoides-multip.sites,,,,Mycosis fungoides of lymph nodes of multiple sites
Cancer,118611004,B622.,,Sezary disease,,,,Sézary's disease (clinical)
Cancer,188630009,B6221,,Sezary's disease-head/neck,,,,"Sezary's disease of lymph nodes of head, face and neck"
Cancer,188631008,B6222,,Sezary's disease-intrathoracic,,,,Sezary's disease of intrathoracic lymph nodes
Cancer,188632001,B6223,,Sezary's disease-intra-abdomen,,,,Sezary's disease of intra-abdominal lymph nodes
Cancer,188633006,B6224,,Sezary's disease-axilla/arm,,,,Sezary's disease of lymph nodes of axilla and upper limb
Cancer,188634000,B6225,,Sezary's disease-inguinal/leg,,,,Sezary's disease of lymph nodes of inguinal region and lower limb
Cancer,188635004,B6226,,Sezary's disease - intrapelvic,,,,Sezary's disease of intrapelvic lymph nodes
Cancer,95263006,B6227,,Sezary's disease of spleen,,,,Sézary's disease of spleen
Cancer,188637007,B6228,,Sezary's disease-multiple site,,,,Sezary's disease of lymph nodes of multiple sites
Cancer,118612006,B623.00,mar-cancer,malignant histiocytosis,,,,Malignant histiocytosis (clinical)
Cancer,188640007,B623100,mar-cancer,"malignant histiocytosis of lymph nodes head, face and neck",,,,"Malignant histiocytosis of lymph nodes of head, face and neck"
Cancer,93182006,B623300,mar-cancer,malignant histiocytosis of intra-abdominal lymph nodes,,,,Malignant histiocytosis of intra-abdominal lymph nodes
Cancer,118613001,B624.,,LRE-Leuk reticuloendotheliosis,,,,Leukemic reticuloendotheliosis (clinical) [obs]
Cancer,188645002,B6241,,Leukaem.reticuloend.-head/neck,,,,"Leukaemic reticuloendotheliosis of lymph nodes of head, face and neck"
Cancer,93146001,B6242,,Leukaem.reticuloend.-intrathor,,,,Leukemic reticuloendotheliosis of intrathoracic lymph nodes
Cancer,93144003,B6243,,Leukaem.reticuloend.-intra-abd,,,,Leukemic reticuloendotheliosis of intra-abdominal lymph nodes
Cancer,188648000,B6244,,Leukaem.reticuloend.-axill/arm,,,,Leukemic reticuloendotheliosis of lymph nodes of axilla and upper limb
Cancer,188649008,B6245,,Leukaem.reticuloend.-ingu./leg,,,,Leukaemic reticuloendotheliosis of lymph nodes of inguinal region and lower limb
Cancer,93145002,B6246,,Leukaem.reticuloend.-intrapelv,,,,Leukemic reticuloendotheliosis of intrapelvic lymph nodes
Cancer,93151007,B6247,,Leukaem.reticuloend. - spleen,,,,Leukemic reticuloendotheliosis of spleen
Cancer,93150008,B6248,,Leukaem.reticuloend.-mult.site,,,,Leukemic reticuloendotheliosis of lymph nodes of multiple sites
Cancer,118614007,B625.11,mar-cancer,"histiocytosis x (acute, progressive)",,,,Letterer-Siwe disease (clinical)
Cancer,93139005,B625800,mar-cancer,letterer-siwe disease of lymph nodes of multiple sites,,,,Letterer-Siwe disease of lymph nodes of multiple sites
Cancer,188660004,B626.,,Malignant mast cell tumours,,,,Malignant mast cell tumours
Cancer,397009000,B6260,,Mast cell malignancy ? site,,,,Mast cell malignancy (disorder)
Cancer,188662007,B6261,,Mast cell malignancy-head/neck,,,,"Mast cell malignancy of lymph nodes of head, face and neck"
Cancer,188663002,B6262,,Mast cell malignancy-intrathor,,,,Mast cell malignancy of intrathoracic lymph nodes
Cancer,188664008,B6263,,Mast cell malignancy-intra-abd,,,,Mast cell malignancy of intra-abdominal lymph nodes
Cancer,188665009,B6264,,Mast cell malignancy-axill/arm,,,,Mast cell malignancy of lymph nodes of axilla and upper limb
Cancer,188666005,B6265,,Mast cell malignancy-ingui/leg,,,,Mast cell malignancy of lymph nodes of inguinal region and lower limb
Cancer,188667001,B6266,,Mast cell malignancy-intrapelv,,,,Mast cell malignancy of intrapelvic lymph nodes
Cancer,188668006,B6267,,Mast cell malignancy of spleen,,,,Mast cell malignancy of spleen
Cancer,188669003,B626800,mar-cancer,mast cell malignancy of lymph nodes of multiple sites,,,,Mast cell malignancy of lymph nodes of multiple sites
Cancer,118615008,B626z,,Malignant mast cell tumour NOS,,,,Malignant mast cell tumor (clinical)
Cancer,109962001,B627.,,Non-follicular lymphoma,,,,Diffuse non-Hodgkin's lymphoma
Cancer,118601006,B627.00,mar-cancer,non - hodgkin's lymphoma,,,,Non-Hodgkin's lymphoma (clinical)
Cancer,277625002,B627000,mar-cancer,follicular non-hodgkin's small cleaved cell lymphoma,,,,Follicular non-Hodgkin's small cleaved cell lymphoma
Cancer,188672005,B627100,mar-cancer,follicular non-hodg mixed sml cleavd & lge cell lymphoma,,,,Follicular non-Hodgkin's mixed small cleaved and large cell lymphoma
Cancer,277641001,B627200,mar-cancer,follicular non-hodgkin's large cell lymphoma,,,,"Malignant lymphoma - histiocytic, nodular"
Cancer,188674006,B6273,,Non-Burk mal lymph-undiff cell,,,,Diffuse malignant lymphoma - small non-cleaved cell
Cancer,188675007,B6274,,Dif non-H sm clv cel (dif) lya,,,,Diffuse non-Hodgkin's small cleaved cell (diffuse) lymphoma
Cancer,188676008,B6275,,Dif n-H mx sm/lg cel (dif) lya,,,,Malignant lymphoma - mixed small and large cell
Cancer,109966003,B6276,,Dif non-H immunobl (dif) lympa,,,,"Diffuse non-Hodgkin's lymphoma, immunoblastic (clinical)"
Cancer,109965004,B627700,mar-cancer,diffuse non-hodgkin's lymphoblastic (diffuse) lymphoma,,,,"Diffuse non-Hodgkin's lymphoma, lymphoblastic (clinical)"
Cancer,188679001,B6278,,Dif non-H lyma undiffer (diff),,,,Diffuse non-Hodgkin's lymphoma undifferentiated (diffuse)
Cancer,277622004,B627900,mar-cancer,mucosa-associated lymphoma,,,,Mucosa-associated lymphoma
Cancer,308121000,B627B,,Other types follicular lymphom,,,,Follicular non-Hodgkin's lymphoma
Cancer,302842009,B627D00,mar-cancer,diffuse non-hodgkin's centroblastic lymphoma,,,,Diffuse malignant lymphoma - centroblastic
Cancer,109979007,B627W00,mar-cancer,unspecified b-cell non-hodgkin's lymphoma,,,,B-cell lymphoma (clinical)
Cancer,118600007,B62x.00,mar-cancer,malignant lymphoma otherwise specified,,,,Lymphoma (clinical)
Cancer,109975001,B62x000,mar-cancer,t-zone lymphoma,,,,T-zone lymphoma (clinical)
Cancer,109976000,B62x100,mar-cancer,lymphoepithelioid lymphoma,,,,Lymphoepithelioid lymphoma (clinical)
Cancer,109977009,B62x200,mar-cancer,peripheral t-cell lymphoma,,,,Peripheral T-cell lymphoma (clinical)
Cancer,188691005,B62x500,mar-cancer,malignant immunoproliferative small intestinal disease,,,,Malignant immunoproliferative small intestinal disease
Cancer,109988003,B62x600,mar-cancer,true histiocytic lymphoma,,,,True histiocytic lymphoma (clinical)
Cancer,109978004,B62xX00,mar-cancer,oth and unspecif peripheral & cutaneous t-cell lymphomas,,,,T-cell lymphoma (clinical)
Cancer,277613000,B62xX00,mar-cancer,oth and unspecif peripheral & cutaneous t-cell lymphomas,,,,Cutaneous/peripheral T-cell lymphoma
Cancer,93195001,B62y1,,Malig.lymphoma NOS-head/neck,,,,"Malignant lymphoma of lymph nodes of head, face AND/OR neck"
Cancer,93193008,B62y2,,Malig.lymphoma NOS-intrathorax,,,,Malignant lymphoma of intrathoracic lymph nodes
Cancer,93191005,B62y300,mar-cancer,malignant lymphoma nos of intra-abdominal lymph nodes,,,,Malignant lymphoma of intra-abdominal lymph nodes
Cancer,93194002,B62y400,mar-cancer,malignant lymphoma nos of lymph nodes of axilla and arm,,,,Malignant lymphoma of lymph nodes of axilla AND/OR upper limb
Cancer,93196000,B62y500,mar-cancer,malignant lymphoma nos of lymph node inguinal region and leg,,,,Malignant lymphoma of lymph nodes of inguinal region AND/OR lower limb
Cancer,93192003,B62y6,,Malig.lymphoma NOS-intrapelvic,,,,Malignant lymphoma of intrapelvic lymph nodes
Cancer,93198004,B62y7,,Malig.lymphoma NOS - spleen,,,,Malignant lymphoma of spleen
Cancer,93197009,B62y8,,Malig.lymphoma NOS-multip.site,,,,Malignant lymphoma of lymph nodes of multiple sites
Cancer,275524009,B62zz11,mar-cancer,immunoproliferative neoplasm,,,,Immunoproliferative neoplasm
Cancer,127071007,B63..,,Multiple myeloma+immunopr.neop,,,,Immunoproliferative disorder
Cancer,109989006,B63..,,Multiple myeloma+immunopr.neop,,,,Multiple myeloma (clinical)
Cancer,188718006,B6300,,Extramedullary plasmacytoma,,,,Extramedullary plasmacytoma (clinical)
Cancer,415112005,B630100,mar-cancer,solitary myeloma,,,,Plasmacytoma (disorder)
Cancer,313427003,B630300,mar-cancer,lambda light chain myeloma,,,,Lambda light chain myeloma
Cancer,95210003,B631.00,mar-cancer,plasma cell leukaemia,,,,Plasma cell leukemia
Cancer,188725004,B64..,,Lymphatic leukaemia,,,,Lymphatic leukaemia
Cancer,91857003,B640.00,mar-cancer,acute lymphoid leukaemia,,,,Acute lymphoid leukemia
Cancer,51092000,B641.,,CLL-Chron lymphocyt leukaemia,,,,Chronic lymphocytic leukemia
Cancer,92814006,B641.00,mar-cancer,chronic lymphoid leukaemia,,,,Chronic lymphoid leukemia
Cancer,188726003,B642.,,Subacute lymphoid leukaemia,,,,Subacute lymphoid leukemia
Cancer,188728002,B64y0,,Aleukaemic lymphoid leukaemia,,,,Aleukemic lymphoid leukemia
Cancer,110006004,B64y1,,PLL - Prolymphocytic leukaemia,,,,Prolymphocytic leukemia (clinical)
Cancer,188729005,B64y200,mar-cancer,adult t-cell leukaemia,,,,Adult T-cell leukaemia
Cancer,188732008,B65..,,Myelosis,,,,Myeloid leukemia
Cancer,91861009,B650.,,AML - Acute myeloid leukaemia,,,,Acute myeloid leukemia
Cancer,92818009,B651.,,CGL - Chronic granul leukaemia,,,,Chronic myeloid leukemia
Cancer,188733003,B6510,,Chronic eosinophilic leukaemia,,,,Chronic eosinophilic leukaemia
Cancer,188734009,B6512,,Chronic neutrophilic leukaemia,,,,Chronic neutrophilic leukemia
Cancer,188736006,B652.,,Subacute myeloid leukaemia,,,,Subacute myeloid leukaemia
Cancer,94719007,B653.,,Myeloid sarcoma,,,,Myeloid sarcoma
Cancer,188737002,B6530,,Chloroma,,,,Chloroma
Cancer,188738007,B6531,,Granulocytic sarcoma,,,,Granulocytic sarcoma
Cancer,188741003,B65y0,,Aleukaemic myeloid leukaemia,,,,Aleukaemic myeloid leukaemia
Cancer,110004001,B65y1,,APL - Acute promyelocytic leuk,,,,Acute promyelocytic leukaemia (clinical)
Cancer,188744006,B66..,,Monoblastic leukaemia,,,,Histiocytic leukemia
Cancer,413441006,B660.,,M5b - Acute monocytic leukaem,,,,"Acute monocytic leukemia, FAB M5b (disorder)"
Cancer,188745007,B661.,,Chronic monocytic leukaemia,,,,Chronic monocytic leukemia
Cancer,188746008,B662.,,Subacute monocytic leukaemia,,,,Subacute monocytic leukaemia
Cancer,188748009,B66y0,,Aleukaemic monocytic leukaemia,,,,Aleukaemic monocytic leukaemia
Cancer,93143009,B67..00,mar-cancer,other specified leukaemia,,,,Leukaemia
Cancer,93451002,B670.,,Acute erythraemia/erythroleuk.,,,,Erythroleukaemia
Cancer,109992005,B671.,,Heilmeyer - Schoner disease,,,,Vaquez's disease
Cancer,188754005,B672.,,Thrombocytic leukaemia,,,,Thrombocytic leukemia
Cancer,110002002,B673.,,Mast cell leukaemia,,,,Mast cell leukemia (clinical)
Cancer,109991003,B674.,,Acute panmyelosis,,,,Acute myelofibrosis (clinical)
Cancer,91855006,B680.,,Acute leukaemia NOS,,,,Acute leukemia
Cancer,92812005,B681.,,Chronic leukaemia NOS,,,,Chronic leukemia
Cancer,302855005,B682.,,Subacute leukaemia NOS,,,,Subacute leukemia
Cancer,188768003,B69..,,Myelomonocytic leukaemia,,,,Myelomonocytic leukaemia
Cancer,110005000,B690.,,M4 - Acute myelomonocy leukaem,,,,Acute myelomonocytic leukaemia (clinical)
Cancer,127225006,B691.,,CMML - Chron myelomonocyt leuk,,,,Chronic myelomonocytic leukemia
Cancer,188770007,B692.,,Subacut myelomonocytic leukaem,,,,Subacute myelomonocytic leukaemia
Cancer,425333006,B6y0.00,mar-cancer,myeloproliferative disorder,,,,Myeloproliferative disorder (disorder)
Cancer,307651005,B6y1.00,mar-cancer,myelosclerosis with myeloid metaplasia,,,,Myelosclerosis with myeloid metaplasia
Cancer,109391009,B6z0.00,mar-cancer,kaposi's sarcoma of lymph nodes,,,,Kaposi's sarcoma of lymph nodes
Cancer,126949007,B7F1000,mar-cancer,acoustic neuroma,,,,Acoustic neuroma
Cancer,302820008,B7F2000,mar-cancer,cerebral meningioma,,,,Intracranial meningioma
Cancer,189164002,B7F2000,mar-cancer,cerebral meningioma,,,,Cerebral meningioma
Cancer,189167009,B7F4000,mar-cancer,spinal meningioma,,,,Meningioma of spinal cord
Cancer,189336000,B830.00,mar-cancer,carcinoma in situ of breast,,,,Carcinoma in situ of breast
Cancer,92767001,B8yy0,,Ca-in-situ thyroid gland,,,,Carcinoma in situ of thyroid gland
Cancer,71232009,B933.11,mar-cancer,cystosarcoma phyllodes,,,,Phyllodes tumor
Cancer,269497004,B933.11,mar-cancer,cystosarcoma phyllodes,,,,Neoplasm of uncertain behaviour of breast
Cancer,277577000,B936.11,mar-cancer,myeloma - solitary,,,,Monoclonal gammopathy of uncertain significance
Cancer,86049000,BB02.00,mar-cancer,"[m]neoplasm, malignant",,,,"Neoplasm, malignant"
Cancer,14799000,BB03.00,mar-cancer,"[m]neoplasm, metastatic",,,,"Neoplasm, metastatic"
Cancer,252986008,BB03.00,mar-cancer,"[m]neoplasm, metastatic",,,,Tumour embolus
Cancer,6219000,BB04.00,mar-cancer,"[m]neoplasm, malig, uncertain whether primary or metastatic",,,,"Neoplasm, malignant, uncertain whether primary or metastatic"
Cancer,88400008,BB07.00,mar-cancer,"[m]tumour cells, malignant",,,,"Tumor cells, malignant"
Cancer,82267002,BB08.00,mar-cancer,"[m]malignant tumour, small cell type",,,,"Malignant tumor, small cell type"
Cancer,83950009,BB09.00,mar-cancer,"[m]malignant tumour, giant cell type",,,,"Malignant tumor, giant cell type"
Cancer,88897007,BB0A.00,mar-cancer,"[m]malignant tumour, fusiform cell type",,,,"Malignant tumor, fusiform cell type"
Cancer,109355002,BB11.11,mar-cancer,[m]intraepithelial carcinoma nos,,,,Carcinoma in situ (clinical)
Cancer,68956006,BB11.11,mar-cancer,[m]intraepithelial carcinoma nos,,,,Carcinoma in situ
Cancer,68453008,BB12.00,mar-cancer,[m]carcinoma nos,,,,Carcinoma
Cancer,4.24981E+14,BB12.00,mar-cancer,[m]carcinoma nos,,,,[M]Carcinoma NOS (morphologic abnormality)
Cancer,367651003,BB12.00,mar-cancer,[m]carcinoma nos,,,,Malignant Neoplasm (Morphology)
Cancer,4.63191E+14,BB13.00,mar-cancer,"[m]carcinoma, metastatic, nos",,,,"[M]Carcinoma, metastatic, NOS (morphologic abnormality)"
Cancer,79282002,BB13.00,mar-cancer,"[m]carcinoma, metastatic, nos",,,,"Carcinoma, metastatic"
Cancer,7010000,BB14.00,mar-cancer,[m]carcinomatosis,,,,Carcinomatosis
Cancer,22687000,BB17.00,mar-cancer,[m]large cell carcinoma nos,,,,Large cell carcinoma
Cancer,38549000,BB18.00,mar-cancer,"[m]carcinoma, undifferentiated type, nos",,,,"Carcinoma, undifferentiated"
Cancer,58248003,BB19.00,mar-cancer,"[m]carcinoma, anaplastic type, nos",,,,"Carcinoma, anaplastic"
Cancer,16741004,BB1A.00,mar-cancer,[m]pleomorphic carcinoma,,,,Pleomorphic carcinoma
Cancer,72969003,BB1B.00,mar-cancer,[m]giant cell and spindle cell carcinoma,,,,Giant cell and spindle cell carcinoma
Cancer,42596004,BB1C.00,mar-cancer,[m]giant cell carcinoma,,,,Giant cell carcinoma
Cancer,65692009,BB1D.00,mar-cancer,[m]spindle cell carcinoma,,,,Spindle cell carcinoma
Cancer,23109009,BB1E.00,mar-cancer,[m]pseudosarcomatous carcinoma,,,,Pseudosarcomatous carcinoma
Cancer,70401000,BB1F.00,mar-cancer,[m]polygonal cell carcinoma,,,,Polygonal cell carcinoma
Cancer,108369006,BB1G.00,mar-cancer,[m]spheroidal cell carcinoma,,,,Tumor
Cancer,4.24711E+14,BB1G.00,mar-cancer,[m]spheroidal cell carcinoma,,,,[M]Spheroidal cell carcinoma (morphologic abnormality)
Cancer,74364000,BB1J.12,mar-cancer,[m]round cell carcinoma,,,,Small cell carcinoma
Cancer,76817009,BB1K.00,mar-cancer,[m]oat cell carcinoma,,,,Oat cell carcinoma
Cancer,74042001,BB1L.00,mar-cancer,"[m]small cell carcinoma, fusiform cell type",,,,"Small cell carcinoma, fusiform cell"
Cancer,5958006,BB1M.00,mar-cancer,"[m]small cell carcinoma, intermediate cell",,,,"Small cell carcinoma, intermediate cell"
Cancer,21326004,BB1N.00,mar-cancer,[m]small cell-large cell carcinoma,,,,Small cell-large cell carcinoma
Cancer,25910003,BB22.00,mar-cancer,[m]papillary carcinoma nos,,,,Papillary carcinoma
Cancer,89906000,BB24.00,mar-cancer,[m]verrucous carcinoma nos,,,,Verrucous carcinoma
Cancer,39056008,BB26.11,mar-cancer,[m]papillary epidermoid carcinoma,,,,Papillary squamous cell carcinoma
Cancer,59529006,BB29.12,mar-cancer,[m]intraepidermal carcinoma nos,,,,Squamous cell carcinoma in situ
Cancer,3.89431E+14,BB2A.11,mar-cancer,[m]epidermoid carcinoma nos,,,,[M]Squamous cell carcinoma NOS (morphologic abnormality)
Cancer,400155002,BB2A.12,mar-cancer,[m]spinous cell carcinoma,,,,Squamous cell carcinoma - category (morphologic abnormality)
Cancer,28899001,BB2A.12,mar-cancer,[m]spinous cell carcinoma,,,,Squamous cell carcinoma
Cancer,4.49971E+14,BB2B.00,mar-cancer,"[m]squamous cell carcinoma, metastatic nos",,,,"[M]Squamous cell carcinoma, metastatic NOS (morphologic abnormality)"
Cancer,64204000,BB2B.00,mar-cancer,"[m]squamous cell carcinoma, metastatic nos",,,,"Squamous cell carcinoma, metastatic"
Cancer,18048008,BB2C.11,mar-cancer,"[m]epidermoid carcinoma, keratinising type",,,,"Squamous cell carcinoma, keratinizing"
Cancer,7300000,BB2M.00,mar-cancer,[m]lymphoepithelial carcinoma,,,,Lymphoepithelial carcinoma
Cancer,37304002,BB35.00,mar-cancer,[m]basosquamous carcinoma,,,,Basosquamous carcinoma
Cancer,6641007,BB36.00,mar-cancer,[m]metatypical carcinoma,,,,Metatypical carcinoma
Cancer,118287003,BB4..00,mar-cancer,[m]transitional cell papillomas and carcinomas,,,,Transitional cell papilloma AND/OR carcinoma
Cancer,27090000,BB43.00,mar-cancer,[m]transitional cell carcinoma nos,,,,Transitional cell carcinoma
Cancer,112676006,BB47.00,mar-cancer,"[m]transitional cell carcinoma, spindle cell type",,,,"Transitional cell carcinoma, spindle cell"
Cancer,5843004,BB48.00,mar-cancer,[m]basaloid carcinoma,,,,Basaloid carcinoma
Cancer,84570003,BB49.00,mar-cancer,[m]cloacogenic carcinoma,,,,Cloacogenic carcinoma
Cancer,12400006,BB4A.00,mar-cancer,[m]papillary transitional cell carcinoma,,,,Papillary transitional cell carcinoma
Cancer,4.37961E+14,BB4z.00,mar-cancer,[m]transitional cell papilloma or carcinoma nos,,,,[M]Transitional cell papilloma or carcinoma NOS (morphologic abnormality)
Cancer,35917007,BB5..00,mar-cancer,[m]adenomas and adenocarcinomas,,,,Adenocarcinoma
Cancer,115215004,BB5..11,mar-cancer,[m]adenocarcinomas,,,,Adenoma AND/OR adenocarcinoma
Cancer,3.96431E+14,BB52.00,mar-cancer,[m]adenocarcinoma nos,,,,[M]Adenocarcinoma NOS (morphologic abnormality)
Cancer,5658009,BB52000,mar-cancer,[m]adenocarcinoma in tubulovillous adenoma,,,,Adenocarcinoma in tubulovillous adenoma
Cancer,4590003,BB53.00,mar-cancer,"[m]adenocarcinoma, metastatic, nos",,,,"Adenocarcinoma, metastatic"
Cancer,4584002,BB54.00,mar-cancer,[m]scirrhous adenocarcinoma,,,,Scirrhous adenocarcinoma
Cancer,37995004,BB55.00,mar-cancer,[m]linitis plastica,,,,Linitis plastica
Cancer,81446001,BB56.00,mar-cancer,[m]superficial spreading adenocarcinoma,,,,Superficial spreading adenocarcinoma
Cancer,25190001,BB57.00,mar-cancer,"[m]adenocarcinoma, intestinal type",,,,"Adenocarcinoma, intestinal type"
Cancer,24505004,BB58.00,mar-cancer,"[m]carcinoma, diffuse type",,,,"Carcinoma, diffuse type"
Cancer,4.26711E+14,BB5B.00,mar-cancer,[m]pancreatic adenomas and carcinomas,,,,[M]Pancreatic adenomas and carcinomas (morphologic abnormality)
Cancer,126859007,BB5B.00,mar-cancer,[m]pancreatic adenomas and carcinomas,,,,Neoplasm of pancreas
Cancer,60346004,BB5B100,mar-cancer,[m]islet cell carcinoma,,,,Islet cell carcinoma
Cancer,999000,BB5B600,mar-cancer,[m]mixed islet cell and exocrine adenocarcinoma,,,,Mixed islet cell and exocrine adenocarcinoma
Cancer,4.26721E+14,BB5Bz00,mar-cancer,[m]pancreatic adenoma or carcinoma nos,,,,[M]Pancreatic adenoma or carcinoma NOS (morphologic abnormality)
Cancer,16189002,BB5C.00,mar-cancer,[m]gastrinoma and carcinomas,,,,Gastrinoma
Cancer,4.26731E+14,BB5C.00,mar-cancer,[m]gastrinoma and carcinomas,,,,[M]Gastrinoma and carcinomas (morphologic abnormality)
Cancer,4.63931E+14,BB5Cz00,mar-cancer,[m]gastrinoma or carcinoma nos,,,,[M]Gastrinoma or carcinoma NOS (morphologic abnormality)
Cancer,126853008,BB5D.00,mar-cancer,[m]hepatobiliary tract adenomas and carcinomas,,,,Neoplasm of biliary tract
Cancer,4.09471E+14,BB5D.00,mar-cancer,[m]hepatobiliary tract adenomas and carcinomas,,,,[M]Hepatobiliary tract adenomas and carcinomas (morphologic abnormality)
Cancer,70179006,BB5D100,mar-cancer,[m]cholangiocarcinoma,,,,Cholangiocarcinoma
Cancer,50422007,BB5D300,mar-cancer,[m]bile duct cystadenocarcinoma,,,,Bile duct cystadenocarcinoma
Cancer,25370001,BB5D500,mar-cancer,[m]hepatocellular carcinoma nos,,,,Hepatocellular carcinoma
Cancer,15619004,BB5D800,mar-cancer,"[m]hepatocellular carcinoma, fibrolamellar",,,,"Hepatocellular carcinoma, fibrolamellar"
Cancer,4.62951E+14,BB5Dz00,mar-cancer,[m]hepatobiliary adenoma or carcinoma nos,,,,[M]Hepatobiliary adenoma or carcinoma NOS (morphologic abnormality)
Cancer,29792007,BB5F.00,mar-cancer,[m]trabecular adenocarcinoma,,,,Trabecular adenocarcinoma
Cancer,11671000,BB5J.00,mar-cancer,[m]adenoid cystic carcinoma,,,,Adenoid cystic carcinoma
Cancer,302827006,BB5J.11,mar-cancer,[m]cylindroid adenocarcinoma,,,,Cylindroid adenocarcinoma
Cancer,30156004,BB5K.00,mar-cancer,[m]cribriform carcinoma,,,,Cribriform carcinoma
Cancer,4.37231E+14,BB5L.00,mar-cancer,[m]adenomatous and adenocarcinomatous polyps,,,,[M]Adenomatous and adenocarcinomatous polyps (morphologic abnormality)
Cancer,189598002,BB5L100,mar-cancer,[m]adenocarcinoma in adenomatous polyp,,,,Adenocarcinoma in situ in a polyp
Cancer,47299001,BB5L300,mar-cancer,[m]adenocarcinoma in multiple adenomatous polyps,,,,Adenocarcinoma in multiple adenomatous polyps
Cancer,4.08811E+14,BB5Lz00,mar-cancer,[m]adenomatous or adenocarcinomatous polyp nos,,,,[M]Adenomatous or adenocarcinomatous polyp NOS (morphologic abnormality)
Cancer,3.96761E+14,BB5M.00,mar-cancer,[m]tubular adenomas and adenocarcinomas,,,,[M]Tubular adenomas and adenocarcinomas (morphologic abnormality)
Cancer,4631006,BB5M100,mar-cancer,[m]tubular adenocarcinoma,,,,Tubular adenocarcinoma
Cancer,4.77491E+14,BB5Mz00,mar-cancer,[m]tubular adenoma or adenocarcinoma nos,,,,[M]Tubular adenoma or adenocarcinoma NOS (morphologic abnormality)
Cancer,4.42921E+14,BB5N.00,mar-cancer,[m]adenomatous and adenocarcinomatous polyps of colon,,,,[M]Adenomatous and adenocarcinomatous polyps of colon (morphologic abnormality)
Cancer,57513006,BB5N100,mar-cancer,[m]adenocarcinoma in adenomatous polposis coli,,,,Adenocarcinoma in adenomatous polyposis coli
Cancer,4.24631E+14,BB5Nz00,mar-cancer,[m]adenomatous or adenocarcinomatous polyps of the colon nos,,,,[M]Adenomatous or adenocarcinomatous polyps of the colon NOS (morphologic abnormality)
Cancer,4.77501E+14,BB5P.00,mar-cancer,[m]solid carcinoma nos,,,,[M]Solid carcinoma NOS (morphologic abnormality)
Cancer,81920005,BB5P.00,mar-cancer,[m]solid carcinoma nos,,,,Solid carcinoma
Cancer,3.89771E+14,BB5R100,mar-cancer,"[m]carcinoid tumour, malignant",,,,"[M]Carcinoid tumor, malignant (morphologic abnormality)"
Cancer,253003009,BB5R100,mar-cancer,"[m]carcinoid tumour, malignant",,,,Carcinoid bronchial adenoma
Cancer,189607006,BB5R100,mar-cancer,"[m]carcinoid tumour, malignant",,,,[M]Carcinoid tumors
Cancer,31396002,BB5R600,mar-cancer,"[m]mucocarcinoid tumour, malignant",,,,Goblet cell carcinoid
Cancer,55937004,BB5R900,mar-cancer,[m]neuroendocrine carcinoma,,,,Neuroendocrine carcinoma
Cancer,5052009,BB5RA00,mar-cancer,[m]merkel cell carcinoma,,,,Merkel cell carcinoma
Cancer,4.38391E+14,BB5S.00,mar-cancer,[m]respiratory tract adenomas and adenocarcinomas,,,,[M]Respiratory tract adenomas and adenocarcinomas (morphologic abnormality)
Cancer,112677002,BB5S200,mar-cancer,[m]bronchiolo-alveolar adenocarcinoma,,,,Bronchiolo-alveolar adenocarcinoma
Cancer,36310008,BB5S400,mar-cancer,[m]alveolar adenocarcinoma,,,,Alveolar adenocarcinoma
Cancer,4.62471E+14,BB5Sz00,mar-cancer,[m]respiratory tract adenoma or adenocarcinoma nos,,,,[M]Respiratory tract adenoma or adenocarcinoma NOS (morphologic abnormality)
Cancer,4.78171E+14,BB5T.00,mar-cancer,[m]papillary adenomas and adenocarcinomas,,,,[M]Papillary adenomas and adenocarcinomas (morphologic abnormality)
Cancer,4797003,BB5T100,mar-cancer,[m]papillary adenocarcinoma nos,,,,Papillary adenocarcinoma
Cancer,4.38321E+14,BB5Tz00,mar-cancer,[m]papillary adenoma or adenocarcinoma nos,,,,[M]Papillary adenoma or adenocarcinoma NOS (morphologic abnormality)
Cancer,3.96781E+14,BB5U.00,mar-cancer,[m]villous adenomas and adenocarcinomas,,,,[M]Villous adenomas and adenocarcinomas (morphologic abnormality)
Cancer,36087009,BB5U100,mar-cancer,[m]adenocarcinoma in villous adenoma,,,,Adenocarcinoma in villous adenoma
Cancer,28558000,BB5U200,mar-cancer,[m]villous adenocarcinoma,,,,Villous adenocarcinoma
Cancer,4.08621E+14,BB5Uz00,mar-cancer,[m]villous adenoma or adenocarcinoma nos,,,,[M]Villous adenoma or adenocarcinoma NOS (morphologic abnormality)
Cancer,3.96241E+14,BB5V.00,mar-cancer,[m]pituitary adenomas and carcinomas,,,,[M]Pituitary adenomas and carcinomas (morphologic abnormality)
Cancer,128665000,BB5V.00,mar-cancer,[m]pituitary adenomas and carcinomas,,,,Pituitary carcinoma
Cancer,1443001,BB5V100,mar-cancer,[m]chromophobe carcinoma,,,,Chromophobe carcinoma
Cancer,51217003,BB5V311,mar-cancer,[m]eosinophil carcinoma,,,,Acidophil carcinoma
Cancer,47107000,BB5V700,mar-cancer,[m]basophil carcinoma,,,,Basophil carcinoma
Cancer,4.37781E+14,BB5Vz00,mar-cancer,[m]pituitary adenoma or carcinoma nos,,,,[M]Pituitary adenoma or carcinoma NOS (morphologic abnormality)
Cancer,127024001,BB5Vz00,mar-cancer,[m]pituitary adenoma or carcinoma nos,,,,Neoplasm of pituitary gland
Cancer,4.08351E+14,BB5W.00,mar-cancer,[m]oxyphilic adenomas and adenocarcinomas,,,,[M]Oxyphilic adenomas and adenocarcinomas (morphologic abnormality)
Cancer,57596004,BB5W100,mar-cancer,[m]oxyphilic adenocarcinoma,,,,Oxyphilic adenocarcinoma
Cancer,3.90781E+14,BB5Wz00,mar-cancer,[m]oxyphilic adenoma or adenocarcinoma nos,,,,[M]Oxyphilic adenoma or adenocarcinoma NOS (morphologic abnormality)
Cancer,4.26031E+14,BB5X.00,mar-cancer,[m]clear cell adenomas and adenocarcinomas,,,,[M]Clear cell adenomas and adenocarcinomas (morphologic abnormality)
Cancer,30546008,BB5X100,mar-cancer,[m]clear cell adenocarcinoma nos,,,,Clear cell adenocarcinoma
Cancer,4.77571E+14,BB5Xz00,mar-cancer,[m]clear cell adenoma or adenocarcinoma nos,,,,[M]Clear cell adenoma or adenocarcinoma NOS (morphologic abnormality)
Cancer,3.89371E+14,BB5a.00,mar-cancer,[m]renal adenoma and carcinoma,,,,[M]Renal adenoma and carcinoma (morphologic abnormality)
Cancer,41607009,BB5a000,mar-cancer,[m]renal cell carcinoma,,,,Renal cell carcinoma
Cancer,126880001,BB5az00,mar-cancer,[m]renal adenoma or carcinoma nos,,,,Neoplasm of kidney
Cancer,4.24721E+14,BB5az00,mar-cancer,[m]renal adenoma or carcinoma nos,,,,[M]Renal adenoma or carcinoma NOS (morphologic abnormality)
Cancer,69028005,BB5b.00,mar-cancer,[m]granular cell carcinoma,,,,Granular cell carcinoma
Cancer,4.37831E+14,BB5c.00,mar-cancer,[m]parathyroid adenomas and adenocarcinomas,,,,[M]Parathyroid adenomas and adenocarcinomas (morphologic abnormality)
Cancer,4.37881E+14,BB5cz00,mar-cancer,[m]parathyroid adenoma or adenocarcinoma nos,,,,[M]Parathyroid adenoma or adenocarcinoma NOS (morphologic abnormality)
Cancer,4.38011E+14,BB5f.00,mar-cancer,[m]thyroid adenoma and adenocarcinoma,,,,[M]Thyroid adenoma and adenocarcinoma (morphologic abnormality)
Cancer,5257006,BB5f100,mar-cancer,[m]follicular adenocarcinoma nos,,,,Follicular adenocarcinoma
Cancer,28173006,BB5f200,mar-cancer,"[m]follicular adenocarcinoma, well differentiated type",,,,"Follicular adenocarcinoma, well differentiated"
Cancer,72174007,BB5f300,mar-cancer,"[m]follicular adenocarcinoma, trabecular type",,,,"Follicular adenocarcinoma, trabecular"
Cancer,189643000,BB5f600,mar-cancer,[m]papillary and follicular adenocarcinoma,,,,Papillary and follicular adenocarcinoma
Cancer,62681000,BB5f700,mar-cancer,[m]nonencapsulated sclerosing carcinoma,,,,Nonencapsulated sclerosing carcinoma
Cancer,3.96501E+14,BB5fz00,mar-cancer,[m]thyroid adenoma or adenocarcinoma nos,,,,[M]Thyroid adenoma or adenocarcinoma NOS (morphologic abnormality)
Cancer,127022002,BB5h.00,mar-cancer,[m]adrenal cortical tumours,,,,Neoplasm of adrenal cortex
Cancer,2227007,BB5h100,mar-cancer,[m]adrenal cortical carcinoma,,,,Adrenal cortical carcinoma
Cancer,255035007,BB5h100,mar-cancer,[m]adrenal cortical carcinoma,,,,Adrenal carcinoma
Cancer,4.24671E+14,BB5j.00,mar-cancer,[m]endometrioid adenomas and carcinomas,,,,[M]Endometrioid adenomas and carcinomas
Cancer,123844007,BB5j.00,mar-cancer,[m]endometrioid adenomas and carcinomas,,,,Neoplasm of endometrium
Cancer,30289006,BB5j200,mar-cancer,[m]endometrioid carcinoma,,,,Endometrioid carcinoma
Cancer,4.08491E+14,BB5jz00,mar-cancer,[m]endometrioid adenoma or carcinoma nos,,,,[M]Endometrioid adenoma or carcinoma NOS (morphologic abnormality)
Cancer,34603009,BB5y000,mar-cancer,[m]basal cell adenocarcinoma,,,,Basal cell adenocarcinoma
Cancer,4.51731E+14,BB5z.00,mar-cancer,[m]adenoma or adenocarcinoma nos,,,,[M]Adenoma or adenocarcinoma NOS (morphologic abnormality)
Cancer,126488004,BB60.00,mar-cancer,[m]skin appendage adenoma and carcinoma,,,,Neoplasm of skin
Cancer,4.26741E+14,BB60.00,mar-cancer,[m]skin appendage adenoma and carcinoma,,,,[M]Skin appendage adenoma and carcinoma
Cancer,64000002,BB60100,mar-cancer,[m]skin appendage carcinoma,,,,Skin appendage carcinoma
Cancer,4.50851E+14,BB61.00,mar-cancer,[m]sweat gland adenoma and adenocarcinomas,,,,[M]Sweat gland adenoma and adenocarcinomas (morphologic abnormality)
Cancer,126490003,BB61.00,mar-cancer,[m]sweat gland adenoma and adenocarcinomas,,,,Neoplasm of sweat gland
Cancer,32272007,BB61200,mar-cancer,[m]sweat gland adenocarcinoma,,,,Sweat gland adenocarcinoma
Cancer,3.89801E+14,BB62.00,mar-cancer,[m]apocrine adenoma and adenocarcinomas,,,,[M]Apocrine adenoma and adenocarcinomas (morphologic abnormality)
Cancer,57141000,BB62100,mar-cancer,[m]apocrine adenocarcinoma,,,,Apocrine adenocarcinoma
Cancer,4.38291E+14,BB69.00,mar-cancer,[m]sebaceous adenoma and adenocarcinoma,,,,[M]Sebaceous adenoma and adenocarcinoma (morphologic abnormality)
Cancer,54734006,BB69100,mar-cancer,[m]sebaceous adenocarcinoma,,,,Sebaceous adenocarcinoma
Cancer,4.25161E+14,BB69z00,mar-cancer,[m]sebaceous adenoma or adenocarcinoma nos,,,,[M]Sebaceous adenoma or adenocarcinoma NOS (morphologic abnormality)
Cancer,4.09831E+14,BB6A.00,mar-cancer,[m]ceruminous adenoma and adenocarcinoma,,,,[M]Ceruminous adenoma and adenocarcinoma (morphologic abnormality)
Cancer,4079000,BB71.00,mar-cancer,[m]mucoepidermoid carcinoma,,,,Mucoepidermoid carcinoma
Cancer,4.08871E+14,BB80.00,mar-cancer,[m]cystadenoma and carcinoma,,,,[M]Cystadenoma and carcinoma (morphologic abnormality)
Cancer,21008007,BB80100,mar-cancer,[m]cystadenocarcinoma nos,,,,Cystadenocarcinoma
Cancer,4.38351E+14,BB80z00,mar-cancer,[m]cystadenoma or carcinoma nos,,,,[M]Cystadenoma or carcinoma NOS (morphologic abnormality)
Cancer,4.30601E+14,BB81.11,mar-cancer,[m]ovarian cystadenoma or carcinoma,,,,"[M]Ovarian cystic, mucinous and serous neoplasms (morphologic abnormality)"
Cancer,115217007,BB81.11,mar-cancer,[m]ovarian cystadenoma or carcinoma,,,,"Cystic, mucinous AND/OR serous neoplasm"
Cancer,4.11671E+14,BB81.11,mar-cancer,[m]ovarian cystadenoma or carcinoma,,,,[M]Ovarian serous tumour (morphologic abnormality)
Cancer,4.17391E+14,BB81.11,mar-cancer,[m]ovarian cystadenoma or carcinoma,,,,[M]Ovarian papillary tumour (morphologic abnormality)
Cancer,90725004,BB81200,mar-cancer,"[m]serous cystadenocarcinoma, nos",,,,Serous cystadenocarcinoma
Cancer,2735009,BB81500,mar-cancer,"[m]papillary cystadenocarcinoma, nos",,,,Papillary cystadenocarcinoma
Cancer,90282004,BB81800,mar-cancer,[m]papillary serous cystadenocarcinoma,,,,Papillary serous cystadenocarcinoma
Cancer,15674004,BB81B00,mar-cancer,[m]serous surface papillary carcinoma,,,,Serous surface papillary carcinoma
Cancer,79143006,BB81E11,mar-cancer,[m]pseudomucinous adenocarcinoma,,,,Mucinous cystadenocarcinoma
Cancer,68880006,BB81H00,mar-cancer,[m]papillary mucinous cystadenocarcinoma,,,,Papillary mucinous cystadenocarcinoma
Cancer,4.39271E+14,BB82.00,mar-cancer,[m]mucinous adenoma and adenocarcinoma,,,,[M]Mucinous adenoma and adenocarcinoma (morphologic abnormality)
Cancer,72495009,BB82100,mar-cancer,[m]mucinous adenocarcinoma,,,,Mucinous adenocarcinoma
Cancer,4.51121E+14,BB82z00,mar-cancer,[m]mucinous adenoma or adenocarcinoma nos,,,,[M]Mucinous adenoma or adenocarcinoma NOS (morphologic abnormality)
Cancer,900006,BB84.00,mar-cancer,[m]mucin-producing adenocarcinoma,,,,Mucin-producing adenocarcinoma
Cancer,87737001,BB85.00,mar-cancer,[m]signet ring carcinoma,,,,Signet ring cell carcinoma
Cancer,4305004,BB85100,mar-cancer,[m]metastatic signet ring cell carcinoma,,,,Metastatic signet ring cell carcinoma
Cancer,4.38171E+14,BB90.00,mar-cancer,"[m]intraductal carcinoma, noninfiltrating nos",,,,"[M]Intraductal carcinoma, non-infiltrating NOS (morphologic abnormality)"
Cancer,86616005,BB90.00,mar-cancer,"[m]intraductal carcinoma, noninfiltrating nos",,,,"Intraductal carcinoma, noninfiltrating"
Cancer,82711006,BB91.00,mar-cancer,[m]infiltrating duct carcinoma,,,,Infiltrating duct carcinoma
Cancer,64524002,BB91000,mar-cancer,[m]intraductal papillary adenocarcinoma with invasion,,,,Intraductal papillary adenocarcinoma with invasion
Cancer,35232005,BB91100,mar-cancer,[m]infiltrating duct and lobular carcinoma,,,,Infiltrating duct and lobular carcinoma
Cancer,78197004,BB92.00,mar-cancer,"[m]comedocarcinoma, noninfiltrating",,,,"Comedocarcinoma, noninfiltrating"
Cancer,4.24771E+14,BB93.00,mar-cancer,[m]comedocarcinoma nos,,,,[M]Comedocarcinoma NOS (morphologic abnormality)
Cancer,722237009,BB93.00,mar-cancer,[m]comedocarcinoma nos,,,,"Comedocarcinoma, no International Classification of Diseases for Oncology subtype (morphologic abnormality)"
Cancer,41919003,BB94.00,mar-cancer,[m]juvenile breast carcinoma,,,,Juvenile carcinoma of the breast
Cancer,32913002,BB9B.00,mar-cancer,[m]medullary carcinoma nos,,,,Medullary carcinoma
Cancer,128916007,BB9C.00,mar-cancer,[m]medullary carcinoma with amyloid stroma,,,,Ultimobranchial thyroid tumour
Cancer,89740008,BB9F.00,mar-cancer,[m]lobular carcinoma nos,,,,Lobular carcinoma
Cancer,58477004,BB9G.00,mar-cancer,[m]infiltrating ductular carcinoma,,,,Infiltrating ductular carcinoma
Cancer,32968003,BB9H.00,mar-cancer,[m]inflammatory carcinoma,,,,Inflammatory carcinoma
Cancer,82591005,BB9K.00,mar-cancer,[m]paget's disease and infiltrating breast duct carcinoma,,,,Paget's disease and infiltrating duct carcinoma of breast
Cancer,54666007,BB9K000,mar-cancer,[m]paget's disease and intraductal carcinoma of breast,,,,Paget's disease and intraductal carcinoma of breast
Cancer,4.38271E+14,BB9M.00,mar-cancer,[m]intracystic carcinoma nos,,,,[M] Intracystic carcinoma NOS (morphologic abnormality)
Cancer,703545003,BB9M.00,mar-cancer,[m]intracystic carcinoma nos,,,,Encysted papillary carcinoma
Cancer,45410002,BBA2.00,mar-cancer,[m]acinar cell carcinoma,,,,Acinar cell carcinoma
Cancer,59367005,BBB0.00,mar-cancer,[m]adenosquamous carcinoma,,,,Adenosquamous carcinoma
Cancer,448211002,BBB1.00,mar-cancer,[m]adenolymphoma,,,,Adenolymphoma of parotid gland (disorder)
Cancer,20776008,BBB1.00,mar-cancer,[m]adenolymphoma,,,,Adenolymphoma
Cancer,15176003,BBB2.00,mar-cancer,[m]adenocarcinoma with squamous metaplasia,,,,Adenocarcinoma with squamous metaplasia
Cancer,56484001,BBB3.00,mar-cancer,[m]adenocarcinoma with cartilaginous and osseous metaplasia,,,,Adenocarcinoma with cartilaginous and osseous metaplasia
Cancer,68358000,BBB4.00,mar-cancer,[m]adenocarcinoma with spindle cell metaplasia,,,,Adenocarcinoma with spindle cell metaplasia
Cancer,22694002,BBB5.00,mar-cancer,[m]adenocarcinoma with apocrine metaplasia,,,,Adenocarcinoma with apocrine metaplasia
Cancer,9618003,BBB7.00,mar-cancer,[m]epithelial-myoepithelial carcinoma,,,,Epithelial-myoepithelial carcinoma
Cancer,18861007,BBC4.00,mar-cancer,"[m]granulosa cell tumour, malignant",,,,"Granulosa cell tumor, malignant"
Cancer,80091008,BBCA.00,mar-cancer,[m]sertoli cell carcinoma,,,,Sertoli cell carcinoma
Cancer,77870005,BBCC100,mar-cancer,"[m]leydig cell tumour, malignant",,,,"Leydig cell tumor, malignant"
Cancer,13875003,BBDB.00,mar-cancer,[m]glomangiosarcoma,,,,Glomangiosarcoma
Cancer,115223002,BBE..00,mar-cancer,[m]naevi and melanomas,,,,Nevus AND/OR melanoma
Cancer,4.09841E+14,BBE..00,mar-cancer,[m]naevi and melanomas,,,,[M]Nevi and melanomas (morphologic abnormality)
Cancer,2092003,BBE1.00,mar-cancer,[m]malignant melanoma nos,,,,Malignant melanoma
Cancer,372244006,BBE1.00,mar-cancer,[m]malignant melanoma nos,,,,Malignant melanoma (disorder)
Cancer,4.42591E+14,BBE1.13,mar-cancer,[m]melanosarcoma nos,,,,[M]Malignant melanoma NOS (morphologic abnormality)
Cancer,39896009,BBE1000,mar-cancer,"[m]malignant melanoma, regressing",,,,"Malignant melanoma, regressing"
Cancer,51757004,BBE1100,mar-cancer,"[m]desmoplastic melanoma, malignant",,,,"Desmoplastic melanoma, malignant"
Cancer,2142002,BBE2.00,mar-cancer,[m]nodular melanoma,,,,Nodular melanoma
Cancer,39274007,BBE4.00,mar-cancer,[m]balloon cell melanoma,,,,Balloon cell melanoma
Cancer,70594002,BBEA.00,mar-cancer,[m]amelanotic melanoma,,,,Amelanotic melanoma
Cancer,915007,BBEC.00,mar-cancer,[m]malignant melanoma in junctional naevus,,,,Malignant melanoma in junctional nevus
Cancer,38969003,BBED.00,mar-cancer,[m]precancerous melanosis nos,,,,Precancerous melanosis
Cancer,44474009,BBEG.00,mar-cancer,[m]malignant melanoma in hutchinson's melanotic freckle,,,,Malignant melanoma in Hutchinson's melanotic freckle
Cancer,302836005,BBEG.11,mar-cancer,[m]lentigo maligna melanoma,,,,Lentigo maligna
Cancer,16974005,BBEG000,mar-cancer,"[m]acral lentiginous melanoma, malignant",,,,"Acral lentiginous melanoma, malignant"
Cancer,55320002,BBEH.00,mar-cancer,[m]superficial spreading melanoma,,,,Superficial spreading melanoma
Cancer,75931002,BBEM.00,mar-cancer,[m]malignant melanoma in giant pigmented naevus,,,,Malignant melanoma in giant pigmented nevus
Cancer,88082008,BBEN.11,mar-cancer,[m]juvenila melanoma,,,,Epithelioid and spindle cell nevus
Cancer,37138001,BBEP.00,mar-cancer,[m]epithelioid cell melanoma,,,,Epithelioid cell melanoma
Cancer,68827007,BBEQ.00,mar-cancer,[m]spindle cell melanoma nos,,,,Spindle cell melanoma
Cancer,40244008,BBES.00,mar-cancer,"[m]spindle cell melanoma, type b",,,,"Spindle cell melanoma, type B"
Cancer,50813003,BBET.00,mar-cancer,[m]mixed epithelioid and spindle melanoma,,,,Mixed epithelioid and spindle cell melanoma
Cancer,4.49731E+14,BBEz.00,mar-cancer,[m]naevi or melanoma nos,,,,[M]Nevi or melanoma NOS (morphologic abnormality)
Cancer,115224008,BBF..00,mar-cancer,[m]soft tissue tumours and sarcomas nos,,,,Soft tissue tumor AND/OR sarcoma
Cancer,4.50211E+14,BBF..00,mar-cancer,[m]soft tissue tumours and sarcomas nos,,,,[M]Soft tissue tumours and sarcomas NOS (morphologic abnormality)
Cancer,3.96801E+14,BBF1.00,mar-cancer,[m]sarcoma nos,,,,[M]Sarcoma NOS (morphologic abnormality)
Cancer,2424003,BBF1.00,mar-cancer,[m]sarcoma nos,,,,Sarcoma
Cancer,372151005,BBF1.00,mar-cancer,[m]sarcoma nos,,,,Sarcoma -category (morphologic abnormality)
Cancer,9395006,BBF2.00,mar-cancer,[m]sarcomatosis nos,,,,Sarcomatosis
Cancer,9801004,BBF3.00,mar-cancer,[m]spindle cell sarcoma,,,,Spindle cell sarcoma
Cancer,87992000,BBF4.00,mar-cancer,[m]giant cell sarcoma (except of bone),,,,"Giant cell sarcoma (except of Bone, M-92503)"
Cancer,302840001,BBF4.00,mar-cancer,[m]giant cell sarcoma (except of bone),,,,Pleomorphic cell sarcoma
Cancer,73506006,BBF5.00,mar-cancer,[m]small cell sarcoma,,,,Small cell sarcoma
Cancer,59238007,BBF6.00,mar-cancer,[m]epithelioid cell sarcoma,,,,Epithelioid sarcoma
Cancer,3.89841E+14,BBFz.00,mar-cancer,[m]soft tissue tumour or sarcoma nos,,,,[M]Soft tissue tumour or sarcoma NOS (morphologic abnormality)
Cancer,53654007,BBG1.00,mar-cancer,[m]fibrosarcoma nos,,,,Fibrosarcoma
Cancer,6250003,BBG3.00,mar-cancer,[m]fibromyxosarcoma,,,,Fibromyxosarcoma
Cancer,52040006,BBG8.00,mar-cancer,[m]infantile fibrosarcoma,,,,Infantile fibrosarcoma
Cancer,4.69341E+14,BBGJ.11,mar-cancer,[m]fibroxanthosarcoma,,,,[M]Fibroxanthosarcoma (morphologic abnormality)
Cancer,115225009,BBGJ.11,mar-cancer,[m]fibroxanthosarcoma,,,,Fibromatous neoplasm
Cancer,76594008,BBGM.00,mar-cancer,[m]dermatofibrosarcoma nos,,,,Dermatofibrosarcoma
Cancer,62621002,BBGP.00,mar-cancer,[m]pigmented dermatofibrosarcoma protuberans,,,,Pigmented dermatofibrosarcoma protuberans
Cancer,28351005,BBH1.00,mar-cancer,[m]myxosarcoma,,,,Myxosarcoma
Cancer,4.51131E+14,BBJ1.00,mar-cancer,[m]liposarcoma nos,,,,[M]Liposarcoma NOS
Cancer,49430005,BBJ1.00,mar-cancer,[m]liposarcoma nos,,,,Liposarcoma
Cancer,28655007,BBJ3.00,mar-cancer,"[m]liposarcoma, well differentiated type",,,,"Liposarcoma, well differentiated"
Cancer,27849002,BBJ5.00,mar-cancer,[m]myxoid liposarcoma,,,,Myxoid liposarcoma
Cancer,112683004,BBJ7.00,mar-cancer,[m]pleomorphic liposarcoma,,,,Pleomorphic liposarcoma
Cancer,11073003,BBJ8.00,mar-cancer,[m]mixed type liposarcoma,,,,Mixed liposarcoma
Cancer,67280001,BBJH.00,mar-cancer,[m]dedifferentiated liposarcoma,,,,Dedifferentiated liposarcoma
Cancer,400011005,BBK0200,mar-cancer,[m]leiomyosarcoma nos,,,,Leiomyosarcoma - category (morphologic abnormality)
Cancer,51549004,BBK0200,mar-cancer,[m]leiomyosarcoma nos,,,,Leiomyosarcoma
Cancer,4.08791E+14,BBK0200,mar-cancer,[m]leiomyosarcoma nos,,,,[M]Leiomyosarcoma NOS (morphologic abnormality)
Cancer,42392001,BBK0400,mar-cancer,[m]epithelioid leiomyosarcoma,,,,Epithelioid leiomyosarcoma
Cancer,16090008,BBK0700,mar-cancer,[m]myxoid leiomyosarcoma,,,,Myxoid leiomyosarcoma
Cancer,28953002,BBK1100,mar-cancer,[m]angiomyosarcoma,,,,Angiomyosarcoma
Cancer,4.08321E+14,BBK2.00,mar-cancer,[m]myoma and myosarcoma,,,,[M]Myoma and myosarcoma
Cancer,20667008,BBK2100,mar-cancer,[m]myosarcoma,,,,Myosarcoma
Cancer,4.61931E+14,BBK2z00,mar-cancer,[m]myoma or myosarcoma nos,,,,[M]Myoma or myosarcoma NOS (morphologic abnormality)
Cancer,30924005,BBK3100,mar-cancer,[m]rhabdomyosarcoma nos,,,,Rhabdomyosarcoma
Cancer,302847003,BBK3100,mar-cancer,[m]rhabdomyosarcoma nos,,,,Rhabdomyosarcoma
Cancer,4.30991E+14,BBK3100,mar-cancer,[m]rhabdomyosarcoma nos,,,,[M]Rhabdomyosarcoma NOS (morphologic abnormality)
Cancer,77455004,BBK3200,mar-cancer,[m]pleomorphic rhabdomyosarcoma,,,,Pleomorphic rhabdomyosarcoma
Cancer,14269005,BBK3600,mar-cancer,[m]embryonal rhabdomyosarcoma,,,,Embryonal rhabdomyosarcoma
Cancer,63449009,BBK3700,mar-cancer,[m]alveolar rhabdomyosarcoma,,,,Alveolar rhabdomyosarcoma
Cancer,115229003,BBL..00,mar-cancer,[m]complex mixed and stromal neoplasms,,,,Complex mixed AND/OR stromal neoplasm
Cancer,4.13441E+14,BBL..00,mar-cancer,[m]complex mixed and stromal neoplasms,,,,[M]Complex mixed and stromal neoplasms (morphologic abnormality)
Cancer,70555003,BBL0.00,mar-cancer,[m]endometrial stromal sarcoma,,,,Endometrial stromal sarcoma
Cancer,8145008,BBL4.00,mar-cancer,"[m]mixed tumour, malignant, nos",,,,"Mixed tumor, malignant"
Cancer,4.28031E+14,BBL4.00,mar-cancer,"[m]mixed tumour, malignant, nos",,,,"[M]Mixed tumor, malignant, NOS"
Cancer,4.51751E+14,BBL7.00,mar-cancer,[m]mixed and stromal renal neoplasms,,,,[M]Mixed and stromal renal neoplasms (morphologic abnormality)
Cancer,31470003,BBL7111,mar-cancer,[m]adenosarcoma,,,,Adenosarcoma
Cancer,302849000,BBL7111,mar-cancer,[m]adenosarcoma,,,,Nephroblastoma
Cancer,45024009,BBL8.00,mar-cancer,[m]hepatoblastoma,,,,Hepatoblastoma
Cancer,63264007,BBL9.00,mar-cancer,[m]carcinosarcoma nos,,,,Carcinosarcoma
Cancer,112685006,BBLA.00,mar-cancer,"[m]carcinosarcoma, embryonal type",,,,"Carcinosarcoma, embryonal"
Cancer,59583009,BBLD.00,mar-cancer,[m]embryonal sarcoma,,,,Embryonal sarcoma
Cancer,17264009,BBLG.00,mar-cancer,[m]carcinoma in pleomorphic adenoma,,,,Carcinoma in pleomorphic adenoma
Cancer,83118000,BBLH.00,mar-cancer,[m]rhabdoid sarcoma,,,,Rhabdoid sarcoma
Cancer,24007003,BBLJ.00,mar-cancer,[m]clear cell sarcoma of kidney,,,,Clear cell sarcoma of kidney
Cancer,4.38661E+14,BBLz.00,mar-cancer,[m]complex mixed or stromal neoplasm nos,,,,[M]Complex mixed or stromal neoplasm NOS (morphologic abnormality)
Cancer,42194009,BBM0100,mar-cancer,"[m]brenner tumour, malignant",,,,"Brenner tumor, malignant"
Cancer,428367000,BBM8.00,mar-cancer,[m]cystosarcoma phyllodes nos,,,,Phyllodes tumor - category (morphologic abnormality)
Cancer,3.96691E+14,BBM8.00,mar-cancer,[m]cystosarcoma phyllodes nos,,,,[M]Cystosarcoma phyllodes NOS (morphologic abnormality)
Cancer,189826001,BBM9.00,mar-cancer,"[m]cystosarcoma phyllodes, malignant",,,,Malignant cystosarcoma phyllodes
Cancer,63211008,BBN1.00,mar-cancer,[m]synovial sarcoma nos,,,,Synovial sarcoma
Cancer,302851001,BBN1.00,mar-cancer,[m]synovial sarcoma nos,,,,Synovial sarcoma
Cancer,18588008,BBN4.00,mar-cancer,"[m]synovial sarcoma, biphasic type",,,,"Synovial sarcoma, biphasic"
Cancer,12622007,BBN5.00,mar-cancer,[m]clear cell sarcoma of tendons and aponeuroses,,,,Clear cell sarcoma (except of Kidney M-89643)
Cancer,4.26191E+14,BBN5.00,mar-cancer,[m]clear cell sarcoma of tendons and aponeuroses,,,,[M]Clear cell sarcoma of tendons and aponeuroses (morphologic abnormality)
Cancer,109378008,BBP1.00,mar-cancer,"[m]mesothelioma, malignant",,,,Mesothelioma (malignant)(clinical)
Cancer,65278006,BBP5.00,mar-cancer,"[m]epithelioid mesothelioma, malignant",,,,"Epithelioid mesothelioma, malignant"
Cancer,30383009,BBP7.00,mar-cancer,"[m]mesothelioma, biphasic type, malignant",,,,"Mesothelioma, biphasic, malignant"
Cancer,86562005,BBP9.00,mar-cancer,[m]cystic mesothelioma,,,,Cystic mesothelioma
Cancer,4.49741E+14,BBPX.00,mar-cancer,"[m]mesothelioma, unspecified",,,,"[M]Mesothelioma, unspecified (morphologic abnormality)"
Cancer,3.96811E+14,BBQ1.00,mar-cancer,[m]seminomas,,,,[M]Seminomas (morphologic abnormality)
Cancer,443677002,BBQ1.00,mar-cancer,[m]seminomas,,,,Seminoma - category (morphologic abnormality)
Cancer,36741007,BBQ1.00,mar-cancer,[m]seminomas,,,,Seminoma
Cancer,72907003,BBQ1000,mar-cancer,"[m]seminoma, anaplastic type",,,,"Seminoma, anaplastic"
Cancer,9294008,BBQ1100,mar-cancer,[m]spermatocytic seminoma,,,,Spermatocytic seminoma
Cancer,4.78201E+14,BBQ1z00,mar-cancer,[m]seminoma nos,,,,[M]Seminoma NOS (morphologic abnormality)
Cancer,28047004,BBQ3.00,mar-cancer,[m]embryonal carcinoma nos,,,,Embryonal carcinoma
Cancer,55818009,BBQ7.00,mar-cancer,[m]teratomas,,,,Teratoma
Cancer,4.25201E+14,BBQ7.00,mar-cancer,[m]teratomas,,,,[M]Teratomas (morphologic abnormality)
Cancer,123151001,BBQ7012,mar-cancer,[m]mature teratoma,,,,Dermoid cyst
Cancer,4.78161E+14,BBQ7100,mar-cancer,[m]teratoma nos,,,,[M]Teratoma NOS (morphologic abnormality)
Cancer,19467007,BBQ7200,mar-cancer,"[m]teratoma, malignant, nos",,,,"Teratoma, malignant"
Cancer,67830002,BBQ7300,mar-cancer,[m]teratocarcinoma,,,,Teratocarcinoma
Cancer,83292005,BBQ7400,mar-cancer,"[m]malignant teratoma, undifferentiated type",,,,"Malignant teratoma, undifferentiated"
Cancer,21912003,BBQ7500,mar-cancer,"[m]malignant teratoma, intermediate type",,,,"Malignant teratoma, intermediate"
Cancer,44769000,BBR2.00,mar-cancer,[m]choriocarcinoma,,,,Choriocarcinoma
Cancer,189857001,BBR3.00,mar-cancer,[m]choriocarcinoma combined with teratoma,,,,Choriocarcinoma combined with teratoma
Cancer,65646006,BBR4.00,mar-cancer,"[m]malignant teratoma, trophoblastic",,,,"Malignant teratoma, trophoblastic"
Cancer,39000009,BBT1.00,mar-cancer,[m]haemangiosarcoma,,,,Hemangiosarcoma
Cancer,49937004,BBTA.00,mar-cancer,[m]kaposi's sarcoma,,,,Kaposi's sarcoma
Cancer,63373002,BBU1.00,mar-cancer,[m]lymphangiosarcoma,,,,Lymphangiosarcoma
Cancer,115237006,BBV..00,mar-cancer,[m]osteomas and osteosarcomas,,,,Osseous AND/OR chondromatous neoplasm
Cancer,4.00851E+14,BBV..12,mar-cancer,[m]parosteal osteosarcoma,,,,[M]Osteomas and osteosarcomas (morphologic abnormality)
Cancer,21708004,BBV1.00,mar-cancer,[m]osteosarcoma nos,,,,Osteosarcoma
Cancer,76312009,BBV2.00,mar-cancer,[m]chondroblastic osteosarcoma,,,,Chondroblastic osteosarcoma
Cancer,12690005,BBV3.00,mar-cancer,[m]fibroblastic osteosarcoma,,,,Fibroblastic osteosarcoma
Cancer,78453009,BBV4.00,mar-cancer,[m]telangiectatic osteosarcoma,,,,Telangiectatic osteosarcoma
Cancer,33681003,BBV5.00,mar-cancer,[m]osteosarcoma in paget's disease of bone,,,,Osteosarcoma in Paget's disease of bone
Cancer,75622000,BBV9.00,mar-cancer,[m]myxoid chondrosarcoma,,,,Myxoid chondrosarcoma
Cancer,12302002,BBVA.00,mar-cancer,[m] small cell osteosarcoma,,,,Small cell osteosarcoma
Cancer,4.40321E+14,BBVz.00,mar-cancer,[m]osteoma or osteosarcoma nos,,,,[M]Osteoma or osteosarcoma NOS (morphologic abnormality)
Cancer,4.27151E+14,BBW4.00,mar-cancer,[m]chondrosarcoma nos,,,,[M]Chondrosarcoma NOS (morphologic abnormality)
Cancer,14990007,BBW4.00,mar-cancer,[m]chondrosarcoma nos,,,,Chondrosarcoma
Cancer,26211003,BBW6.00,mar-cancer,[m]juxtacortical chondrosarcoma,,,,Juxtacortical chondrosarcoma
Cancer,56565002,BBW9.00,mar-cancer,[m]mesenchymal chondrosarcoma,,,,Mesenchymal chondrosarcoma
Cancer,10069009,BBX1.00,mar-cancer,"[m]giant cell tumour of bone, malignant",,,,"Giant cell tumor of bone, malignant"
Cancer,76909002,BBY0.00,mar-cancer,[m]ewing's sarcoma,,,,Ewing's sarcoma
Cancer,26888009,BBZ2.00,mar-cancer,"[m]odontogenic tumour, malignant",,,,"Odontogenic tumor, malignant"
Cancer,20380000,BBZC.00,mar-cancer,[m]ameloblastic odontosarcoma,,,,Ameloblastic odontosarcoma
Cancer,27092008,BBZN.00,mar-cancer,[m]ameloblastic fibrosarcoma,,,,Ameloblastic fibrosarcoma
Cancer,74532006,BBb0.00,mar-cancer,"[m]glioma, malignant",,,,"Glioma, malignant"
Cancer,35262004,BBb0.00,mar-cancer,"[m]glioma, malignant",,,,Gliosarcoma
Cancer,18021007,BBb5.00,mar-cancer,[m]choroid plexus papilloma nos,,,,Choroid plexus papilloma
Cancer,17302008,BBbW.00,mar-cancer,[m]cerebellar sarcoma nos,,,,Cerebellar sarcoma
Cancer,76060004,BBcC.11,mar-cancer,[m]olfactory neuroblastoma,,,,Esthesioneuroblastoma
Cancer,78303004,BBd2.11,mar-cancer,[m]leptomeningeal sarcoma,,,,"Meningioma, malignant"
Cancer,404037002,BBe2.00,mar-cancer,[m]neurofibrosarcoma,,,,Malignant peripheral nerve sheath tumor (disorder)
Cancer,19897006,BBe2.00,mar-cancer,[m]neurofibrosarcoma,,,,Neurofibrosarcoma
Cancer,354002,BBe9.00,mar-cancer,"[m]triton tumour, malignant",,,,"Triton tumor, malignant"
Cancer,115243008,BBf..00,mar-cancer,[m]granular cell tumours and alveolar soft part sarcoma,,,,Granular cell tumor AND/OR alveolar soft part sarcoma
Cancer,88195001,BBf2.00,mar-cancer,[m]alveolar soft part sarcoma,,,,Alveolar soft part sarcoma
Cancer,414628006,BBg..00,mar-cancer,"[m]lymphomas, nos or diffuse",,,,Lymphoid neoplasm (morphologic abnormality)
Cancer,4.61871E+14,BBg..00,mar-cancer,"[m]lymphomas, nos or diffuse",,,,"[M]Lymphomas, NOS or diffuse (morphologic abnormality)"
Cancer,21964009,BBg1.00,mar-cancer,[m]malignant lymphoma nos,,,,Malignant lymphoma
Cancer,115244002,BBg1000,mar-cancer,"[m]malignant lymphoma, diffuse nos",,,,Malignant lymphoma (category)
Cancer,4.08331E+14,BBg1000,mar-cancer,"[m]malignant lymphoma, diffuse nos",,,,"[M]Malignant lymphoma, diffuse NOS (morphologic abnormality)"
Cancer,1929004,BBg2.00,mar-cancer,"[m]malignant lymphoma, non hodgkin's type",,,,"Malignant lymphoma, non-Hodgkin's"
Cancer,3.96201E+14,BBg3.00,mar-cancer,"[m]malignant lymphoma, undifferentiated cell type nos",,,,"[M]Malignant lymphoma, undifferentiated cell type NOS (morphologic abnormality)"
Cancer,189962004,BBg4.00,mar-cancer,"[m]malignant lymphoma, stem cell type",,,,"Malignant lymphoma, stem cell type"
Cancer,3.89331E+14,BBg5.00,mar-cancer,"[m]malignant lymphoma, convoluted cell type nos",,,,"[M]Malignant lymphoma, convoluted cell type NOS (morphologic abnormality)"
Cancer,19340000,BBg7.00,mar-cancer,"[m]malignant lymphoma, lymphoplasmacytoid type",,,,"Malignant lymphoma, lymphoplasmacytic"
Cancer,450958009,BBg8.00,mar-cancer,"[m]malignant lymphoma, immunoblastic type",,,,"Malignant lymphoma, diffuse large B-cell, immunoblastic"
Cancer,4.33531E+14,BBgA.00,mar-cancer,"[m]malignant lymphoma, centroblastic-centrocytic, diffuse",,,,"[M]Malignant lymphoma, centroblastic-centrocytic, diffuse (morphologic abnormality)"
Cancer,4.41161E+14,BBgB.00,mar-cancer,"[m]malignant lymphoma, follicular centre cell nos",,,,"[M]Malignant lymphoma, follicular centre cell NOS (morphologic abnormality)"
Cancer,4.16501E+14,BBgC.00,mar-cancer,"[m]malignant lymphoma, lymphocytic, well differentiated nos",,,,"[M]Malignant lymphoma, lymphocytic, well differentiated NOS (morphologic abnormality)"
Cancer,4.10671E+14,BBgD.00,mar-cancer,"[m]malig lymphoma, lymphocytic, intermediate different nos",,,,"[M]Malignant lymphoma, lymphocytic, intermediate differentiation NOS (morphologic abnormality)"
Cancer,4.33141E+14,BBgE.00,mar-cancer,"[m]malignant lymphoma, centrocytic",,,,"[M]Malignant lymphoma, centrocytic"
Cancer,3.98691E+14,BBgG.00,mar-cancer,"[m]malignant lymphoma, lymphocytic, poorly different nos",,,,"[M]Malignant lymphoma, lymphocytic, poorly differentiated NOS (morphologic abnormality)"
Cancer,3.91691E+14,BBgH.00,mar-cancer,[m]prolymphocytic lymphosarcoma,,,,[M]Prolymphocytic lymphosarcoma (morphologic abnormality)
Cancer,4.38671E+14,BBgJ.00,mar-cancer,"[m]malignant lymphoma, centroblastic type nos",,,,"[M]Malignant lymphoma, centroblastic type NOS (morphologic abnormality)"
Cancer,4.25521E+14,BBgK.00,mar-cancer,"[m]malig lymphoma, follicular centre cell, non-cleaved nos",,,,"[M]Malignant lymphoma, follicular centre cell, non-cleaved NOS (morphologic abnormality)"
Cancer,64575004,BBgL.00,mar-cancer,"[m]malignant lymphoma, small lymphocytic nos",,,,"Malignant lymphoma, small lymphocytic"
Cancer,4.01241E+14,BBgM.00,mar-cancer,"[m]malignant lymphoma, small cleaved cell, diffuse",,,,"[M]Malignant lymphoma, small cleaved cell, diffuse (morphologic abnormality)"
Cancer,74654000,BBgN.00,mar-cancer,"[m]malign lymphoma,lymphocytic,intermediate differn, diffuse",,,,"Malignant lymphoma, lymphocytic, intermediate differentiation, diffuse"
Cancer,50102004,BBgP.00,mar-cancer,"[m]malignant lymphoma, mixed small and large cell, diffuse",,,,"Malignant lymphoma, mixed small and large cell, diffuse"
Cancer,4.15461E+14,BBgQ.00,mar-cancer,[m]malignant lymphomatous polyposis,,,,[M]Malignant lymphomatous polyposis
Cancer,8.47741E+14,BBgR.00,mar-cancer,"[m]malignant lymphoma, large cell, diffuse nos",,,,Diffuse large B-cell lymphoma (disorder)
Cancer,46732000,BBgR.00,mar-cancer,"[m]malignant lymphoma, large cell, diffuse nos",,,,"Malignant lymphoma, large cell, diffuse, NOS"
Cancer,4.38681E+14,BBgS.00,mar-cancer,"[m]malignant lymphoma, large cell, cleaved, diffuse",,,,"[M]Malignant lymphoma, large cell, cleaved, diffuse (morphologic abnormality)"
Cancer,4.78111E+14,BBgT.00,mar-cancer,"[m]malignant lymphoma, large cell, noncleaved, diffuse",,,,"[M]Malignant lymphoma, large cell, non-cleaved, diffuse (morphologic abnormality)"
Cancer,4.50181E+14,BBgV.00,mar-cancer,"[m]malignant lymphoma, small cell, noncleaved, diffuse",,,,"[M]Malignant lymphoma, small cell, non-cleaved, diffuse (morphologic abnormality)"
Cancer,189982000,BBh0.00,mar-cancer,[m]reticulosarcoma nos,,,,Reticulosarcoma morphology
Cancer,14537002,BBj..00,mar-cancer,[m]hodgkin's disease,,,,Hodgkin's disease
Cancer,4.29221E+14,BBj0.00,mar-cancer,[m]hodgkin's disease nos,,,,[M]Hodgkin's disease NOS (morphologic abnormality)
Cancer,128930002,BBj0.00,mar-cancer,[m]hodgkin's disease nos,,,,Hodgkin lymphoma (category)
Cancer,4.28971E+14,BBj0.00,mar-cancer,[m]hodgkin's disease nos,,,,"[M]Lymphogranuloma, malignant (morphologic abnormality)"
Cancer,128929007,BBj0.00,mar-cancer,[m]hodgkin's disease nos,,,,Non-Hodgkin lymphoma (category)
Cancer,4.03451E+14,BBj1.00,mar-cancer,"[m]hodgkin's disease, lymphocytic predominance",,,,"[M]Hodgkin's disease, lymphocytic predominance (morphologic abnormality)"
Cancer,128799007,BBj1.00,mar-cancer,"[m]hodgkin's disease, lymphocytic predominance",,,,"Hodgkin's disease, lymphocytic-histiocytic predominance [obs]"
Cancer,4.57051E+14,BBj1000,mar-cancer,"[m]hodgkin,s disease, lymphocytic predominance, diffuse",,,,"[M]Hodgkin's disease, lymphocytic predominance, diffuse (morphologic abnormality)"
Cancer,70600005,BBj1100,mar-cancer,"[m]hodgkin,s disease, lymphocytic predominance, nodular",,,,"Hodgkin's disease, lymphocytic predominance, nodular"
Cancer,41529000,BBj2.00,mar-cancer,"[m]hodgkin's disease, mixed cellularity",,,,"Hodgkin's disease, mixed cellularity"
Cancer,16893006,BBj4.00,mar-cancer,"[m]hodgkin's disease,lymphocytic depletion,diffuse fibrosis",,,,"Hodgkin's disease, lymphocytic depletion, diffuse fibrosis"
Cancer,4.66481E+14,BBj6.00,mar-cancer,"[m]hodgkin's disease, nodular sclerosis nos",,,,"[M]Hodgkin's disease, nodular sclerosis NOS (morphologic abnormality)"
Cancer,52248008,BBj6.00,mar-cancer,"[m]hodgkin's disease, nodular sclerosis nos",,,,"Hodgkin's disease, nodular sclerosis, NOS"
Cancer,45572000,BBj6000,mar-cancer,"[m]hodgkin,s disease, nodular sclerosis, lymphocytic predom",,,,"Hodgkin's disease, nodular sclerosis, lymphocytic predominance"
Cancer,4.03911E+14,BBj6100,mar-cancer,"[m]hodgkin,s disease, nodular sclerosis, mixed cellularity",,,,"[M]Hodgkin's disease, nodular sclerosis, mixed cellularity"
Cancer,43985008,BBj6200,mar-cancer,"[m]hodgkin,s disease, nodular sclerosis, lymphocytic deplet",,,,"Hodgkin's disease, nodular sclerosis, lymphocytic depletion"
Cancer,74189002,BBj9.00,mar-cancer,[m]hodgkin's granuloma,,,,Hodgkin's granuloma
Cancer,115245001,BBk..00,mar-cancer,"[m]lymphomas, nodular or follicular",,,,"Malignant lymphoma, follicular AND/OR nodular"
Cancer,4.16901E+14,BBk0.13,mar-cancer,[m]giant follicular lymphoma,,,,"[M]Malignant lymphoma, nodular NOS (morphologic abnormality)"
Cancer,40411000,BBk7.00,mar-cancer,"[m]malignant lymphoma, centroblastic type, follicular",,,,"Malignant lymphoma, large cell, follicular"
Cancer,8.47651E+14,BBk7.00,mar-cancer,"[m]malignant lymphoma, centroblastic type, follicular",,,,Follicular lymphoma grade 3 (disorder)
Cancer,4.64031E+14,BBkz.00,mar-cancer,"[m]lymphoma, nodular or follicular nos",,,,"[M]Lymphoma, nodular or follicular NOS (morphologic abnormality)"
Cancer,90120004,BBl0.00,mar-cancer,[m]mycosis fungoides,,,,Mycosis fungoides
Cancer,4950009,BBl1.00,mar-cancer,[m]sezary's disease,,,,Sezary's disease
Cancer,128920006,BBm1.00,mar-cancer,[m]malignant histiocytosis,,,,Histiocytic medullary reticulosis [obs]
Cancer,128812005,BBm3.12,mar-cancer,[m]acute progressive histiocytosis x,,,,Nonlipid reticuloendotheliosis [obs]
Cancer,128813000,BBm4.00,mar-cancer,[m]true histiocytic lymphoma,,,,True histiocytic lymphoma [obs]
Cancer,414655002,BBm5.00,mar-cancer,[m] peripheral t-cell lymphoma nos,,,,Mature (peripheral) T-cell neoplasm (morphologic abnormality)
Cancer,4.63091E+14,BBm5.00,mar-cancer,[m] peripheral t-cell lymphoma nos,,,,[M] Peripheral T-cell lymphoma NOS (morphologic abnormality)
Cancer,4.38691E+14,BBm9.00,mar-cancer,[m] monocytoid b-cell lymphoma,,,,[M]Monocytoid B-cell lymphoma (morphologic abnormality)
Cancer,128803008,BBm9.00,mar-cancer,[m] monocytoid b-cell lymphoma,,,,Skin-associated lymphoid tissue lymphoma
Cancer,28054005,BBmD.00,mar-cancer,[m] cutaneous lymphoma,,,,Cutaneous lymphoma
Cancer,4.25541E+14,BBmH.00,mar-cancer,[m] large cell lymphoma,,,,[M] Large cell lymphoma (morphologic abnormality)
Cancer,3.89231E+14,BBn..00,mar-cancer,[m]plasma cell tumours,,,,[M]Plasma cell tumours (morphologic abnormality)
Cancer,127580003,BBn..00,mar-cancer,[m]plasma cell tumours,,,,Plasma cell neoplasm (morphology)
Cancer,55921005,BBn0.00,mar-cancer,[m]plasma cell myeloma,,,,Multiple myeloma
Cancer,10639003,BBn2.00,mar-cancer,[m]plasmacytoma nos,,,,Plasmacytoma
Cancer,13583002,BBp1.00,mar-cancer,[m]mast cell sarcoma,,,,Mast cell sarcoma
Cancer,87163000,BBr..00,mar-cancer,[m]leukaemias,,,,Leukemia
Cancer,128931003,BBr0.00,mar-cancer,[m]leukaemias unspecified,,,,Leukemia (category)
Cancer,4.50971E+14,BBr0.00,mar-cancer,[m]leukaemias unspecified,,,,[M]leukemias unspecified (morphologic abnormality)
Cancer,4.50981E+14,BBr0000,mar-cancer,[m]leukaemia nos,,,,[M]leukemia NOS (morphologic abnormality)
Cancer,24072005,BBr0112,mar-cancer,[m]blastic leukaemia,,,,Acute leukemia
Cancer,4.79021E+14,BBr0200,mar-cancer,[m]subacute leukaemia nos,,,,[M]Subacute leukemia NOS
Cancer,128933000,BBr0300,mar-cancer,[m]chronic leukaemia nos,,,,Chronic leukemia (category)
Cancer,4.09691E+14,BBr0400,mar-cancer,[m]aleukaemic leukaemia nos,,,,[M]Aleukaemic leukaemia NOS (morphologic abnormality)
Cancer,4.38251E+14,BBr0z00,mar-cancer,"[m]leukaemia unspecified, nos",,,,"[M]leukemia unspecified, NOS (morphologic abnormality)"
Cancer,4.77851E+14,BBr2.00,mar-cancer,[m]lymphoid leukaemias,,,,[M]Lymphoid leukaemias (morphologic abnormality)
Cancer,128935007,BBr2.00,mar-cancer,[m]lymphoid leukaemias,,,,Lymphoid leukemia (category)
Cancer,32280000,BBr2011,mar-cancer,[m]lymphatic leukaemia,,,,Lymphoid leukemia
Cancer,413440007,BBr2100,mar-cancer,[m]acute lymphoid leukaemia,,,,Acute lymphoblastic leukemia - category (morphologic abnormality)
Cancer,4.20631E+14,BBr2100,mar-cancer,[m]acute lymphoid leukaemia,,,,[M]Acute lymphoid leukaemia (morphologic abnormality)
Cancer,128923008,BBr2500,mar-cancer,[m]prolymphocytic leukaemia,,,,Prolymphocytic leukemia
Cancer,22197008,BBr2600,mar-cancer,[m]burkitt's cell leukaemia,,,,Burkitt's cell leukemia
Cancer,110007008,BBr2700,mar-cancer,[m]adult t-cell leukaemia/lymphoma,,,,Adult T-cell leukemia/lymphoma
Cancer,77430005,BBr2700,mar-cancer,[m]adult t-cell leukaemia/lymphoma,,,,Adult T-cell leukemia/lymphoma
Cancer,4.61881E+14,BBr3.00,mar-cancer,[m]plasma cell leukaemias,,,,[M]Plasma cell leukaemias (morphologic abnormality)
Cancer,128922003,BBr3.00,mar-cancer,[m]plasma cell leukaemias,,,,Plasmacytic leukemia
Cancer,14317002,BBr4.00,mar-cancer,[m]erythroleukaemias,,,,Erythroleukemia
Cancer,128934006,BBr6.00,mar-cancer,[m]myeloid leukaemias,,,,Myeloid leukemia (category)
Cancer,4.45691E+14,BBr6.00,mar-cancer,[m]myeloid leukaemias,,,,[M]Myeloid leukaemias (morphologic abnormality)
Cancer,37810007,BBr6000,mar-cancer,[m]myeloid leukaemia nos,,,,Myeloid leukemia
Cancer,17788007,BBr6100,mar-cancer,[m]acute myeloid leukaemia,,,,Acute myeloid leukemia
Cancer,63364005,BBr6311,mar-cancer,[m]naegeli-type monocytic leukaemia,,,,Chronic myeloid leukemia
Cancer,28950004,BBr6600,mar-cancer,[m]acute promyelocytic leukaemia,,,,Acute promyelocytic leukemia
Cancer,30962008,BBr6700,mar-cancer,[m]acute myelomonocytic leukaemia,,,,Acute myelomonocytic leukemia
Cancer,128831004,BBr6800,mar-cancer,[m]chronic myelomonocytic leukaemia,,,,"Chronic myelomonocytic leukemia, Type II"
Cancer,4.68691E+14,BBr6z00,mar-cancer,[m]other myeloid leukaemia nos,,,,[M]Other myeloid leukaemia NOS (morphologic abnormality)
Cancer,190055003,BBr8.00,mar-cancer,[m]eosinophilic leukaemias,,,,Eosinophilic leukaemia
Cancer,3.97121E+14,BBr8.00,mar-cancer,[m]eosinophilic leukaemias,,,,[M]Eosinophilic leukaemias (morphologic abnormality)
Cancer,3.89731E+14,BBrA.00,mar-cancer,[m]miscellaneous leukaemias,,,,[M]Miscellaneous leukaemias (morphologic abnormality)
Cancer,52220008,BBrA111,mar-cancer,[m]thrombocytic leukaemia,,,,Acute megakaryoblastic leukemia
Cancer,35287006,BBrA300,mar-cancer,[m]myeloid sarcoma,,,,Myeloid sarcoma
Cancer,54087003,BBrA400,mar-cancer,[m]hairy cell leukaemia,,,,Hairy cell leukemia
Cancer,4.25131E+14,BBrA500,mar-cancer,[m]acute megakaryoblastic leukaemia,,,,[M]Acute megakaryoblastic leukaemia (morphologic abnormality)
Cancer,4.20441E+14,BBrA700,mar-cancer,[m]acute myelofibrosis,,,,[M]Acute myelofibrosis (morphologic abnormality)
Cancer,80570006,BBrA700,mar-cancer,[m]acute myelofibrosis,,,,Acute panmyelosis
Cancer,4.10581E+14,BBs..00,mar-cancer,[m]misc myeloproliferative and lymphoproliferative disorders,,,,[M]Miscellaneous myeloproliferative and lymphoproliferative disorders (morphologic abnormality)
Cancer,415181008,BBs..00,mar-cancer,[m]misc myeloproliferative and lymphoproliferative disorders,,,,Proliferation of hematopoietic cell type (morphologic abnormality)
Cancer,128842008,BBs2.00,mar-cancer,[m]chronic myeloproliferative disease,,,,Chronic myeloproliferative disorder
Cancer,3.98591E+14,BBsz.00,mar-cancer,[m]misc myeloproliferative or lymphoproliferative dis nos,,,,[M]Miscellaneous myeloproliferative or lymphoproliferative disorders NOS
Cancer,128805001,BBv2.00,mar-cancer,[m]angiocentrict-cell lymphoma,,,,T/NK-cell lymphoma
Cancer,254601002,Byu10,,[X]Other sarcomas of the liver,,,,Sarcoma of liver
Cancer,448708002,Byu2.00,mar-cancer,[x]malignant neoplasm of respiratory and intrathoracic orga,,,,Neoplasm of respiratory system (disorder)
Cancer,1090881000000100,Byu2000,mar-cancer,"[x]malignant neoplasm of bronchus or lung, unspecified",,,,Malignant neoplasm of bronchus or lung
Cancer,372130007,Byu4.00,mar-cancer,[x]melanoma and other malignant neoplasms of skin,,,,Malignant neoplasm of skin (disorder)
Cancer,3.96181E+14,Byu4.00,mar-cancer,[x]melanoma and other malignant neoplasms of skin,,,,[X]Melanoma and other malignant neoplasms of skin (disorder)
Cancer,387837005,Byu5.,,[X]Mal neo/mesothel+soft tissu,,,,Neoplasm of soft tissue (disorder)
Cancer,4.09231E+14,Byu5.00,mar-cancer,[x]malignant neoplasm of mesothelial and soft tissue,,,,[X]Malignant neoplasm of mesothelial and soft tissue (disorder)
Cancer,126724001,Byu5011,mar-cancer,[x]mesothelioma of lung,,,,Neoplasm of mesothelial tissue
Cancer,254986007,Byu54,,"[X]Mal neo/periph nrv/trnk,uns",,,,Malignant tumour of peripheral nerve
Cancer,363492001,Byu5700,mar-cancer,"[x]malignant neoplasm of peritoneum, unspecified",,,,Malignant tumor of peritoneum
Cancer,254837009,Byu6.00,mar-cancer,[x]malignant neoplasm of breast,,,,Malignant tumor of breast
Cancer,4.09171E+14,Byu9.00,mar-cancer,[x]malignant neoplasm of urinary tract,,,,[X]Malignant neoplasm of urinary tract (disorder)
Cancer,448233000,Byu9000,mar-cancer,"[x]malignant neoplasm of urinary organ, unspecified",,,,Malignant neoplasm of urinary organ (disorder)
Cancer,3.97141E+14,ByuA.,,"[X]Malignant neoplasm of eye,",,,,"[X]Malignant neoplasm of eye, brain and other parts of central nervous system (disorder)"
Cancer,372062007,ByuA.00,mar-cancer,"[x]malignant neoplasm of eye, brain and other parts of cent",,,,Malignant neoplasm of central nervous system (disorder)
Cancer,4.08911E+14,ByuB.,,[X]Mal neo/thyroid/o endocr gl,,,,[X]Malignant neoplasm of thyroid and other endocrine glands (disorder)
Cancer,4.62341E+14,ByuC.,,[X]Malignant neoplasm of ill-,,,,"[X]Malignant neoplasm of ill-defined, secondary and unspecified sites (disorder)"
Cancer,109358000,ByuC100,mar-cancer,[x]malignant neoplasm/overlap lesion/other+ill-defined sites,,,,Overlapping malignant neoplasm of ill-defined site
Cancer,94396003,ByuC2,,[X]2nd+unsp m neo lym n/mlt rg,,,,Secondary malignant neoplasm of lymph nodes of multiple sites
Cancer,4.62401E+14,ByuD.,,[X]Malignant neoplasms of lym,,,,"[X]Malignant neoplasms of lymphoid, haematopoietic and related tissue (disorder)"
Cancer,109980005,ByuD4,,[X]Oth mal immunoprolfrtiv dis,,,,Malignant immunoproliferative disease (clinical)
Cancer,190817009,C333.,,Macroglobulinaemia,,,,Macroglobulinaemia
Cancer,109982002,C3331,,Alpha heavy chain disease,,,,Alpha heavy chain disease (clinical)
Cancer,109984001,C3332,,Gamma heavy chain disease,,,,Gamma heavy chain disease (clinical)
Cancer,39795003,C37y000,mar-cancer,hand - schuller - christian disease,,,,Hand-Schuller-Christian disease
Cancer,129000002,C37y100,mar-cancer,eosinophilic granuloma,,,,Eosinophilic granuloma (clinical)
Cancer,190955000,C37y500,mar-cancer,"histiocytosis x , chronic",,,,Histiocytosis X syndrome
Cancer,65399007,C37y600,mar-cancer,"histiocytosis x , unspecified",,,,Histiocytosis X
Cancer,307726001,D212000,mar-cancer,anaemia in ovarian carcinoma,,,,Anaemia in ovarian carcinoma
Cancer,58961005,G753.,,Malignant midline reticulosis,,,,Lethal midline granuloma
Cancer,80914001,K5510,,Anaplasia of cervix,,,,Anaplasia of cervix
Cancer,739301006,N330900,mar-cancer,osteoporosis in multiple myelomatosis,,,,Osteoporosis co-occurrent and due to multiple myeloma
Cancer,231835006,X00ZC,,Kaposi's sarcoma of eyelid,,,,Kaposi's sarcoma of eyelid
Cancer,370967009,X00eS,,RB - Retinoblastoma,,,,Retinoblastoma (disorder)
Cancer,232075002,X00eT,,Lymphoma of retina,,,,Lymphoma of retina
Cancer,233940007,X2032,,Pulmonary tumour embolism,,,,Pulmonary tumour embolism
Cancer,255088001,X309C,,Malig cyst tum exocr pancreas,,,,Malignant tumor of exocrine pancreas
Cancer,235965006,X309C,,Malig cyst tum exocr pancreas,,,,Malignant cystic tumor of exocrine pancreas
Cancer,235966007,X309D,,Cystadenocarcinoma of pancreas,,,,Cystadenocarcinoma of pancreas
Cancer,236512004,X30L7,,Leukaemic infiltrate of kidney,,,,Leukaemic infiltrate of kidney
Cancer,236513009,X30L8,,Lymphomatous infiltrate kidney,,,,Lymphoma of kidney
Cancer,416402001,X40B6,,Gest trophoblastic tumour,,,,Gestational trophoblastic disease (disorder)
Cancer,237252008,X40B9,,Placental site trophob tumour,,,,Placental site trophoblastic tumour
Cancer,253000007,X77nQ,,Neuroendocrine carcinoma,,,,Neuroendocrine carcinoma
Cancer,253017000,X77nj,,Klatskin's tumour,,,,Klatskin's tumor
Cancer,253018005,X77nk,,Fibrolamellar hepatocell ca,,,,Fibrolamellar hepatocellular carcinoma
Cancer,254389005,X78H1,,Ca lipstick area upper lip,,,,Carcinoma of vermilion border of upper lip
Cancer,254390001,X78H6,,Ca lipstick area lower lip,,,,Carcinoma of lipstick area of lower lip
Cancer,254393004,X78HC,,Carcinoma of fraenum of lip,,,,Carcinoma of frenum of lip
Cancer,254398008,X78HI,,Carcinoma fraenum upper lip,,,,Carcinoma of fraenum of upper lip
Cancer,254402004,X78HO,,Carcinoma fraenum lower lip,,,,Carcinoma of frenum of lower lip
Cancer,254404003,X78HT,,Carcinoma of commissure of lip,,,,Carcinoma of commissure of lip
Cancer,254408000,X78Hf,,Malig tum ant 2/3 tongue bord,,,,Malignant tumour of anterior two-thirds of tongue - lateral margin
Cancer,254412006,X78Hj,,Malig tumour tip of tongue,,,,Malignant tumour of tip of tongue
Cancer,254417000,X78Hp,,Carcinoma of fraenum linguae,,,,Carcinoma of fraenum linguae
Cancer,254423005,X78Hz,,Carcinoma of lingual tonsil,,,,Carcinoma of lingual tonsil
Cancer,254424004,X78I5,,Carcinoma of upper gum,,,,Carcinoma of upper gum
Cancer,254425003,X78IA,,Carcinoma of lower gum,,,,Carcinoma of lower gum
Cancer,254427006,X78IG,,Ca anterior part mouth floor,,,,Carcinoma of anterior part of floor of mouth
Cancer,254431000,X78IL,,Ca lateral part mouth floor,,,,Carcinoma of lateral part of floor of mouth
Cancer,254434008,X78IR,,Carcinoma of hard palate,,,,Carcinoma of hard palate
Cancer,254435009,X78IW,,Carcinoma of soft palate,,,,Carcinoma of soft palate
Cancer,254436005,X78Ib,,Carcinoma of uvula,,,,Carcinoma of uvula
Cancer,254437001,X78Ig,,SCC-Squam cell carc buc mucosa,,,,Squamous cell carcinoma of buccal mucosa
Cancer,254441002,X78In,,Carcinoma upper buccal sulcus,,,,Carcinoma of upper buccal sulcus
Cancer,254445006,X78Is,,Carcinoma lower buccal sulcus,,,,Carcinoma of lower buccal sulcus
Cancer,254450000,X78Iy,,Carcinoma upper labial sulcus,,,,Carcinoma of upper labial sulcus
Cancer,254454009,X78J3,,Carcinoma lower labial sulcus,,,,Carcinoma of lower labial sulcus
Cancer,254457002,X78J8,,Carcinoma of retromolar area,,,,Carcinoma of retromolar area
Cancer,254462001,X78JJ,,Carcinoma of parotid gland,,,,Carcinoma of parotid gland
Cancer,254465004,X78JO,,Carcinoma submandibular gland,,,,Carcinoma of submandibular gland
Cancer,254466003,X78JS,,Carcinoma of sublingual gland,,,,Carcinoma of sublingual gland
Cancer,363485006,X78JV,,Malig tum min salivary gland,,,,Malignant tumour of minor salivary gland
Cancer,254474002,X78Jp,,Malig tumour nasal skeleton,,,,Malignant tumour of nasal skeleton
Cancer,254478004,X78Jt,,Malig tumour inf turbinate,,,,Malignant tumor of inferior turbinate
Cancer,254481009,X78Jw,,Malig tumour middle turbinate,,,,Malignant tumour of middle turbinate
Cancer,254503007,X78LA,,Malig tum inf surf soft palate,,,,Malignant tumor of inferior surface of soft palate
Cancer,363486007,X78LV,,CA - Cancer of vocal cord,,,,Malignant tumor of vocal cord
Cancer,254509006,X78LZ,,Malig tumour ant commissure,,,,Malignant tumour of anterior commissure
Cancer,254513004,X78Ld,,Malig tumour post commissure,,,,Malignant tumour of posterior commissure
Cancer,254520006,X78Ll,,Malig of infrahyoid epiglottis,,,,Malignant tumour of infrahyoid epiglottis
Cancer,363487003,X78Lo,,Malig aryep fold-laryn aspect,,,,Malignant tumour of aryepiglottic fold - laryngeal aspect
Cancer,363488008,X78Lu,,Malig tumour vestibular fold,,,,Malignant tumor of false cord
Cancer,254526000,X78Lx,,Malig laryngeal ventric cavity,,,,Malignant tumor of laryngeal ventricle
Cancer,254530002,X78M9,,Malig tum parapharyngeal space,,,,Malignant tumour of parapharyngeal space
Cancer,254535007,X78MH,,Ca cervical part of oesophagus,,,,Carcinoma of cervical part of esophagus
Cancer,254539001,X78MM,,Ca thoracic part of oesophagus,,,,Carcinoma of thoracic part of oesophagus
Cancer,254543002,X78MR,,Ca abdominal part oesophagus,,,,Carcinoma of abdominal part of oesophagus
Cancer,254547001,X78MW,,Ca upper third of oesophagus,,,,Carcinoma of upper third of esophagus
Cancer,254549003,X78Mb,,Ca middle third of oesophagus,,,,Carcinoma of middle third of esophagus
Cancer,254551004,X78Mg,,Ca lower third of oesophagus,,,,Carcinoma of lower third of esophagus
Cancer,254553001,X78Mm,,Carcinoma of cardia,,,,Carcinoma of cardia
Cancer,254555008,X78Mr,,Carcinoma of fundus of stomach,,,,Carcinoma of fundus of stomach
Cancer,254557000,X78Mw,,Carcinoma of body of stomach,,,,Carcinoma of body of stomach
Cancer,254559002,X78N1,,Carcinoma of pyloric antrum,,,,Carcinoma of pyloric antrum
Cancer,254561006,X78N6,,Carcinoma of pylorus,,,,Carcinoma of pylorus
Cancer,254563009,X78NB,,Ca of lesser curve of stomach,,,,Carcinoma of lesser curve of stomach
Cancer,254567005,X78NG,,Carcinoma great curve stomach,,,,Carcinoma of greater curve of stomach
Cancer,254570009,X78NL,,Carcinoma of duodenum,,,,Carcinoma of duodenum
Cancer,254586002,X78OX,,Malignant tumour of anorectum,,,,Malignant tumour of anorectal junction
Cancer,372101000,X78PC,,Extrahep bile duct carcinoma,,,,Carcinoma of extrahepatic bile duct (disorder)
Cancer,254609000,X78PX,,Ampullary carcinoma,,,,Carcinoma of ampulla of Vater
Cancer,254611009,X78Pf,,Malig tum endocrine pancreas,,,,Malignant tumour of endocrine pancreas
Cancer,254619006,X78Q1,,Cylindroma of trachea,,,,Adenoid cystic carcinoma of trachea
Cancer,254620000,X78Q2,,Squam cell carcinoma trachea,,,,Squamous cell carcinoma of trachea
Cancer,363493006,X78Q7,,CA - Cancer of bronchus,,,,Malignant tumour of bronchus
Cancer,93734005,X78Q8,,Primary bronchial cancer,,,,Malignant neoplasm of bronchus
Cancer,254622008,X78Q8,,Primary bronchial cancer,,,,Squamous cell carcinoma of bronchus
Cancer,254625005,X78QF,,Malignant tumour lung parench,,,,Malignant tumour of lung parenchyma
Cancer,254626006,X78QG,,Adenocarcinoma of lung,,,,Adenocarcinoma of lung
Cancer,254627002,X78QI,,Carcinoid tumour of lung,,,,Carcinoid tumour of lung
Cancer,254628007,X78QJ,,Carcinoma of lung parenchyma,,,,Carcinoma of lung parenchyma
Cancer,254629004,X78QK,,Large cell carcinoma of lung,,,,Large cell carcinoma of lung
Cancer,711414003,X78QL,,Clear cell carcinoma of lung,,,,Primary clear cell adenocarcinoma of lung
Cancer,254631008,X78QM,,Giant cell carcinoma of lung,,,,Giant cell carcinoma of lung
Cancer,254632001,X78QN,,SCLC - Small cell lung cancer,,,,Small cell carcinoma of lung
Cancer,254633006,X78QO,,Oat cell carcinoma of lung,,,,Oat cell carcinoma of lung
Cancer,254634000,X78QP,,SCC-Squam cell carcinoma lung,,,,Squamous cell carcinoma of lung
Cancer,254635004,X78QQ,,IVBALT - Intravas bron/alv tum,,,,IVBALT - Intravascular bronchoalveolar tumour
Cancer,239297008,X78QR,,LG - Lymphomat granuloma lung,,,,Lymphomatoid granulomatosis of the lung
Cancer,254637007,X78QS,,NSCLC - Non-small cell lng can,,,,Non-small cell lung cancer
Cancer,254638002,X78QT,,Superior sulcus tumour,,,,Superior sulcus tumor
Cancer,254730000,X78TC,,SSMM-Superfic spread MM skin,,,,Superficial spreading malignant melanoma of skin
Cancer,254731001,X78TD,,NM - Nodular melanoma of skin,,,,Nodular melanoma of skin
Cancer,254732008,X78TE,,ALM-Acral lentig melanoma skin,,,,Acral lentiginous malignant melanoma of skin
Cancer,254733003,X78TF,,MM in intradermal naevus,,,,Malignant melanoma arising in intradermal naevus
Cancer,254734009,X78TG,,MM in congenital naevus,,,,Malignant melanoma arising in congenital nevus
Cancer,254824006,X78VQ,,Malig tumour mesothelial tiss,,,,Malignant tumor of mesothelial tissue
Cancer,109383000,X78VT,,Mesothelioma of pericardium,,,,Mesothelioma of pericardium
Cancer,254828009,X78Vi,,Malignant lipomatous tumour,,,,Malignant lipomatous tumour
Cancer,254829001,X78Vj,,Liposarcoma,,,,Liposarcoma
Cancer,363495004,X78Vm,,Cancer of muscle,,,,Malignant tumour of muscle
Cancer,363496003,X78WF,,Malig tumour soft tiss abdomen,,,,Malignant tumor of soft tissue of abdomen
Cancer,254838004,X78WN,,Breast cancer,,,,CA - Carcinoma of breast
Cancer,254839007,X78WO,,Scirrhous carcinoma of breast,,,,Scirrhous carcinoma of breast
Cancer,254840009,X78WP,,Mastitis carcinomatosa,,,,Inflammatory carcinoma of breast
Cancer,254841008,X78WQ,,Cancer en cuirasse,,,,Cancer en cuirasse
Cancer,403946000,X78WR,,Paget's disease of nipple,,,,Paget's disease of nipple (disorder)
Cancer,2985005,X78WR,,Paget's disease of nipple,,,,"Paget's disease, mammary"
Cancer,254843006,X78WS,,Familial cancer of breast,,,,Familial cancer of breast
Cancer,254844000,X78WT,,Malig cystosarc phyllodes brst,,,,Malignant phyllodes tumor of breast
Cancer,254849005,X78Wh,,Malig epithelial tumour ovary,,,,Malignant epithelial tumor of ovary
Cancer,254850005,X78Wi,,Serous pap cystadenoca ovary,,,,Serous papillary cystadenocarcinoma ovary
Cancer,254851009,X78Wj,,Mucinous cystadenoca of ovary,,,,Mucinous cystadenocarcinoma of ovary
Cancer,254852002,X78Wk,,Endometrioid carcinoma ovary,,,,Endometrioid carcinoma ovary
Cancer,416712009,X78Wl,,Mesonephroid tumour of ovary,,,,Clear cell (mesonephric) neoplasm of ovary (disorder)
Cancer,254854001,X78Wm,,Borderline epithelial tumour,,,,Borderline epithelial tumour
Cancer,764791008,X78Wm,,Borderline epithelial tumour,,,,Borderline ovarian epithelial tumor
Cancer,254855000,X78Wn,,Mixed epith tumour of ovary,,,,Mixed epithelial tumor of ovary
Cancer,254856004,X78Wo,,Undiff carcinoma of ovary,,,,Undifferentiated carcinoma of ovary
Cancer,254860001,X78Wy,,Malig sex cord tumour of ovary,,,,Malignant sex cord tumor of ovary
Cancer,254861002,X78Wz,,Malig gran cell tumour ovary,,,,Malignant granulosa cell tumour of ovary
Cancer,254869000,X78X8,,Malig germ cell tumour ovary,,,,Malignant germ cell tumor of ovary
Cancer,254870004,X78X9,,Choriocarcinoma of ovary,,,,Choriocarcinoma of ovary
Cancer,254871000,X78XA,,Immature teratoma of ovary,,,,Immature teratoma of ovary
Cancer,254872007,X78XB,,Embryonal carcinoma of ovary,,,,Embryonal carcinoma of ovary
Cancer,254874008,X78XD,,Dysgerminoma of ovary,,,,Dysgerminoma of ovary
Cancer,254876005,X78XH,,Yolk sac tumour of ovary,,,,Yolk sac tumour of ovary
Cancer,254877001,X78XN,,Uterine sarcoma,,,,Uterine sarcoma
Cancer,254886006,X78Xf,,Squamous cell ca of cervix,,,,Squamous cell carcinoma of cervix
Cancer,254888007,X78Xh,,Adenosquamous ca of cervix,,,,Adenosquamous carcinoma of cervix
Cancer,254893005,X78Xq,,Carcinoma of vagina,,,,Carcinoma of vagina
Cancer,254895003,X78Xw,,CA-Squam cell carcinoma vulva,,,,Epithelioma of vulva
Cancer,254896002,X78Xx,,Malignant melanoma of vulva,,,,Malignant melanoma of vulva
Cancer,254897006,X78Xy,,Sarcoma of vulva,,,,Sarcoma of vulva
Cancer,417570003,X78Y1,,Gestational choriocarcinoma,,,,Gestational choriocarcinoma (disorder)
Cancer,254900004,X78Y6,,Cancer of prostate,,,,Carcinoma of prostate
Cancer,254904008,X78YK,,Carcinoma of glans penis,,,,Carcinoma of glans penis
Cancer,254908006,X78YP,,Cancer of penile skin,,,,Malignant tumor of penile skin
Cancer,254909003,X78YR,,Carcinoma of foreskin,,,,Carcinoma of foreskin
Cancer,254912000,X78Yb,,Regressed malign testic tumour,,,,Regressed malignant testicular tumour
Cancer,254915003,X78Yx,,Adenocarcinoma of kidney,,,,Grawitz tumor
Cancer,254916002,X78Yy,,Cystadenocarcinoma of kidney,,,,Cystadenocarcinoma of kidney
Cancer,254917006,X78Yz,,Papillary cystadenoca kidney,,,,Papillary cystadenocarcinoma of kidney
Cancer,254918001,X78Z0,,Sarcoma of kidney,,,,Sarcoma of kidney
Cancer,254934003,X78Zc,,Malign tumour urethral stump,,,,Malignant tumor of urethral stump
Cancer,254955001,X78aB,,Pituitary carcinoma,,,,Pituitary carcinoma
Cancer,254969001,X78ac,,Malig tumour olfactory tract,,,,Malignant tumor of olfactory tract
Cancer,254972008,X78af,,Malig tum optic nerve & sheath,,,,Malignant tumour of optic nerve and sheath
Cancer,254983004,X78as,,Mal tumour spinal nerve+sheath,,,,Malignant tumor of spinal nerve and sheath
Cancer,254987003,X78b0,,Adenoid cystic ca lac gland,,,,Adenoid cystic carcinoma of lacrimal gland
Cancer,254988008,X78b1,,Adenocarcinoma lacrimal gland,,,,Adenocarcinoma of lacrimal gland
Cancer,254989000,X78b2,,Malig mixed tumour lac gland,,,,Malignant mixed tumor of lacrimal gland
Cancer,254990009,X78b3,,Mucoepiderm tumour lac gland,,,,Mucoepidermoid tumour of lacrimal gland
Cancer,254993006,X78b8,,Liposarcoma of orbit,,,,Liposarcoma of orbit
Cancer,254994000,X78b9,,Rhabdomyosarcoma of orbit,,,,Rhabdomyosarcoma of orbit
Cancer,254995004,X78bA,,Malig haemangiopericyt orbit,,,,Malignant hemangiopericytoma of orbit
Cancer,254996003,X78bB,,Malig fibrous histiocyt orbit,,,,Malignant fibrous histiocytoma of orbit
Cancer,255003007,X78bM,,Squamous cell ca conjunctiva,,,,Squamous cell carcinoma of conjunctiva
Cancer,255004001,X78bN,,Malignant melanoma conjunctiva,,,,Malignant melanoma of conjunctiva
Cancer,255008003,X78bU,,Squamous cell carcinoma cornea,,,,Squamous cell carcinoma of cornea
Cancer,255012009,X78bc,,Malignant melanoma of iris,,,,Malignant melanoma of iris
Cancer,255015006,X78bk,,MM of ciliary body,,,,Malignant melanoma of ciliary body
Cancer,255016007,X78bl,,Adenoca pig epith ciliary body,,,,Adenocarcinoma of pigmented epithelium of ciliary body
Cancer,255017003,X78bm,,Adenoca non-pig epith cil body,,,,Adenocarcinoma of non-pigmented epithelium of ciliary body
Cancer,255021005,X78bw,,Malignant melanoma of choroid,,,,Malignant melanoma of choroid
Cancer,255028004,X78cP,,FTC - Follicular thyroid carc,,,,Follicular thyroid carcinoma
Cancer,255029007,X78cQ,,PTC - Papillary thyroid carc,,,,PTC - Papillary thyroid carcinoma
Cancer,255030002,X78cR,,Mixed foll/papill thyroid carc,,,,Mixed follicular and papillary thyroid carcinoma
Cancer,255031003,X78cS,,Anaplastic thyroid carcinoma,,,,Anaplastic thyroid carcinoma
Cancer,255032005,X78cT,,MTC - Medullary thyroid carc,,,,Medullary thyroid carcinoma
Cancer,255037004,X78ci,,Parathyroid carcinoma,,,,Parathyroid carcinoma
Cancer,255044008,X78dW,,Malignant pinealoma,,,,Malignant pinealoma
Cancer,255052006,X78e9,,UKP-Malign tumour-unknown prim,,,,Malignant tumor of unknown origin
Cancer,363500001,X78eB,,CA - Multiple cancer,,,,Multiple malignancy
Cancer,255071008,X78el,,SCC-Squamous cell carcinom lip,,,,Squamous cell carcinoma of lip
Cancer,255072001,X78fC,,CA - Cancer of salivary gland,,,,Cancer of salivary gland
Cancer,255074000,X78fI,,Malig tumour nose & PNS,,,,Malignant tumour of nasal cavity and nasopharynx
Cancer,255075004,X78fK,,Malig of lateral nasal wall,,,,Malignant tumour of lateral nasal wall
Cancer,255078002,X78g2,,"Malig tumour oeso,stom,duod",,,,"Malignant tumor of esophagus, stomach and duodenum"
Cancer,372138000,X78g3,,CA - Cancer of oesophagus,,,,Carcinoma of esophagus (disorder)
Cancer,372143007,X78gA,,CA - Cancer of stomach,,,,Carcinoma of stomach (disorder)
Cancer,363510005,X78gN,,CA - Cancer of large bowel,,,,Malignant tumour of large intestine
Cancer,408645001,X78gO,,Carcinoma of colon,,,,Adenocarcinoma of large intestine (disorder)
Cancer,269533000,X78gO,,Carcinoma of colon,,,,Carcinoma of colon
Cancer,255084004,X78gS,,Anal squamous cell carcinoma,,,,Squamous cell carcinoma of anal margin
Cancer,255087006,X78gb,,Malignant polyp biliary tract,,,,Malignant polyp of biliary tract
Cancer,372142002,X78gd,,Pancreatic cancer,,,,Carcinoma of pancreas (disorder)
Cancer,405945003,X78gr,,Malig neop foot metacarpals,,,,Malignant neoplasm of metatarsal bone of foot (disorder)
Cancer,16341002,X78hm,,Poikiloderma vasc atrophicans,,,,Parapsoriasis lichenoides
Cancer,255101006,X78hn,,Sezary's disease of skin,,,,Sezary's disease of skin
Cancer,255102004,X78hp,,Intravascular lymphomatosis,,,,Angioendotheliomatosis
Cancer,372012002,X78i1,,Malig tumour soft tissue arm,,,,Primary malignant neoplasm of soft tissues of upper limb (disorder)
Cancer,372011009,X78i1,,Malig tumour soft tissue arm,,,,Malignant tumor of soft tissue of upper limb (disorder)
Cancer,94057003,X78i2,,Malig tumour soft tissue leg,,,,Malignant neoplasm of soft tissues of lower limb
Cancer,363517008,X78it,,Malignant tumour urinary tract,,,,Malignant tumor of urinary tract
Cancer,255108000,X78j1,,Carcinoma of bladder,,,,Carcinoma of bladder
Cancer,255109008,X78j2,,TCC-Transition cell ca bladder,,,,Transitional cell carcinoma of bladder
Cancer,255110003,X78j3,,Adenocarcinoma of bladder,,,,Adenocarcinoma of bladder
Cancer,255111004,X78j4,,Squamous cell ca of bladder,,,,Squamous cell carcinoma of bladder
Cancer,255112006,X78jJ,,Mal tum pituitary+hypothalamus,,,,Malignant tumour of pituitary and hypothalamus
Cancer,255114007,X78je,,Kaposi's sarcoma conjunctiva,,,,Kaposi's sarcoma of conjunctiva
Cancer,255115008,X78ji,,Kaposi's sarcoma of cornea,,,,Kaposi's sarcoma of cornea
Cancer,94641004,X78kU,,Secondary malig tumour trachea,,,,Secondary malignant neoplasm of trachea
Cancer,94233006,X78kV,,Sec malign tumour bronchus,,,,Secondary malignant neoplasm of bronchus
Cancer,255118005,X78kX,,Secondary lymphangit carcinoma,,,,Secondary lymphangitic carcinoma
Cancer,255119002,X78kY,,Lymphangitis carcinomatosa,,,,Lymphangitis carcinomatosa
Cancer,94327000,X78kZ,,Sec malign tumour of heart,,,,Secondary malignant neoplasm of heart
Cancer,94632009,X78ka,,Sec malign tumour of thymus,,,,Secondary malignant neoplasm of thymus
Cancer,94459006,X78kd,,Second malig deposit pancreas,,,,Secondary malignant neoplasm of pancreas
Cancer,94603006,X78ke,,Second malig deposit to spleen,,,,Secondary malignant neoplasm of spleen
Cancer,94217008,X78kf,,Metastasis to bone marrow,,,,Secondary malignant neoplasm of bone marrow
Cancer,94264008,X78kg,,Metastasis to soft tissue,,,,Secondary malignant neoplasm of connective and other soft tissues
Cancer,94432003,X78kh,,Malign infiltration of muscle,,,,Secondary malignant neoplasm of muscle
Cancer,255121007,X78kk,,Carcinomatosis peritonei,,,,Carcinomatosis of peritoneal cavity
Cancer,94626004,X78kl,,Omental seedling,,,,Secondary malignant neoplasm of the omentum
Cancer,94298004,X78kn,,Metast to female genital organ,,,,Secondary malignant neoplasm of female genital organ
Cancer,94402006,X78kp,,Metast to male genital organ,,,,Secondary malignant neoplasm of male genital organ
Cancer,94531007,X78kq,,Scrotal metastasis,,,,Secondary malignant neoplasm of scrotum
Cancer,94597008,X78kr,,Metastatic tum spermatic cord,,,,Secondary malignant neoplasm of spermatic cord
Cancer,94514000,X78kv,,Metastasis to renal pelvis,,,,Secondary malignant neoplasm of renal pelvis
Cancer,255123005,X78kw,,Metastas to nervous system+eye,,,,Metastasis to nervous system and eye
Cancer,94491007,X78ky,,Metastasis to pituitary,,,,Secondary malignant neoplasm of pituitary gland
Cancer,94452002,X78kz,,Metastatic tumour optic nerve,,,,Secondary malignant neoplasm of optic nerve
Cancer,255124004,X78l0,,Metastasis to peripheral nerve,,,,Metastasis to peripheral nerve
Cancer,94292003,X78l1,,Metastasis to eye,,,,Secondary malignant neoplasm of eye
Cancer,94453007,X78l2,,Secondary tumour of orbit,,,,Secondary malignant neoplasm of orbit
Cancer,94254004,X78l3,,Secondary choroidal tumour,,,,Secondary malignant neoplasm of choroid
Cancer,94280003,X78l4,,Metastasis to endocrine organ,,,,Secondary malignant neoplasm of endocrine gland
Cancer,94634005,X78l5,,Metastasis to thyroid,,,,Secondary malignant neoplasm of thyroid gland
Cancer,255128001,X78lA,,Malig infiltr peripheral nerve,,,,Malignant infiltration of peripheral nerve
Cancer,255129009,X78lB,,Mal infilt periph nerve plexus,,,,Malignant infiltration of peripheral nerve plexus
Cancer,428281000,XE1vd,,Malignant neoplasm of bone,,,,Malignant neoplasm of bone (disorder)
Cancer,93725000,XE1vd,,Malignant neoplasm of bone,,,,Malignant neoplasm of bone
Cancer,285432005,XE1vi,,Carcinoma of cervix,,,,Carcinoma of cervix
Cancer,274084007,XE1wt,,Mouth carcinoma,,,,Palate carcinoma
Cancer,449066004,XE1wv,,Carcinoma oro/naso/hypopharynx,,,,Malignant neoplasm of upper respiratory tract (disorder)
Cancer,449254004,XE1wv,,Carcinoma oro/naso/hypopharynx,,,,Malignant epithelial neoplasm of pharynx (disorder)
Cancer,274085008,XE1wv,,Carcinoma oro/naso/hypopharynx,,,,Tonsil carcinoma
Cancer,312114001,XE1xN,,Ca hepatic flexure - colon,,,,Carcinoma of hepatic flexure
Cancer,312112002,XE1xP,,Ca transverse colon,,,,Carcinoma of transverse colon
Cancer,312113007,XE1xR,,Ca descending colon,,,,Carcinoma of descending colon
Cancer,285312008,XE1xT,,Ca sigmoid colon,,,,Carcinoma of sigmoid colon
Cancer,312111009,XE1xX,,Ca ascending colon,,,,Carcinoma of ascending colon
Cancer,312115000,XE1xZ,,Ca splenic flexure - colon,,,,Carcinoma of splenic flexure
Cancer,93679002,XE1xb,,Ca appendix,,,,Malignant neoplasm of appendix
Cancer,448992002,XE1xb,,Ca appendix,,,,Malignant epithelial neoplasm of appendix (disorder)
Cancer,443488001,XE1xf,,Ca rectum + Ca anus,,,,Malignant neoplasm of anorectum (disorder)
Cancer,269544008,XE1xh,,Ca rectosigmoid junction,,,,Carcinoma of the rectosigmoid junction
Cancer,93676009,XE1xl,,Carcinoma anus,,,,Malignant neoplasm of anus
Cancer,286887005,XE1xn,,Ca liver/biliary system,,,,Carcinoma liver/biliary system
Cancer,109842005,XE1xr,,Ca intrahepatic bile ducts,,,,Intrahepatic bile duct carcinoma
Cancer,326072005,XE1xz,,Ca head of pancreas,,,,Carcinoma of head of pancreas
Cancer,363368005,XE1y1,,Ca body of pancreas,,,,Carcinoma of body of pancreas
Cancer,363369002,XE1y3,,Ca tail of pancreas,,,,Carcinoma of tail of pancreas
Cancer,372103002,XE1y7,,Ca larynx - glottis,,,,Carcinoma of glottis (disorder)
Cancer,372105009,XE1y9,,Ca larynx - supraglottis,,,,Carcinoma of supraglottis (disorder)
Cancer,372104008,XE1yB,,Ca larynx - subglottis,,,,Carcinoma of subglottis (disorder)
Cancer,448993007,XE1yF,,Bronchus carcinoma,,,,Malignant epithelial neoplasm of lung (disorder)
Cancer,372120003,XE1yJ,,Ca main bronchus,,,,Carcinoma of main bronchus (disorder)
Cancer,372136001,XE1yL,,Ca upper lobe bronchus/lung,,,,"Carcinoma of upper lobe, bronchus or lung (disorder)"
Cancer,372113005,XE1yN,,Ca middle lobe bronchus/lung,,,,"Carcinoma of middle lobe, bronchus or lung (disorder)"
Cancer,372111007,XE1yP,,Ca lower lobe bronchus/lung,,,,"Carcinoma of lower lobe, bronchus or lung (disorder)"
Cancer,372028007,XE1yX,,Ca vertebral column,,,,Primary malignant neoplasm of vertebral column (disorder)
Cancer,372121004,XE1yZ,,Ca ribs/sternum/clavicle,,,,"Carcinoma of ribs, sternum and clavicle (disorder)"
Cancer,372131006,XE1yb,,Ca upper limb bones/scapula,,,,Malignant neoplasm of upper limb bones and scapula (disorder)
Cancer,286889008,XE1yb,,Ca upper limb bones/scapula,,,,Carcinoma of upper limb bones/scapula
Cancer,372116002,XE1yd,,Ca pelvic bones/sacrum/coccyx,,,,"Carcinoma of pelvic bones, sacrum and coccyx (disorder)"
Cancer,372108006,XE1yf,,Ca lower limb bones,,,,Malignant neoplasm of bone of lower limb (disorder)
Cancer,286890004,XE1yf,,Ca lower limb bones,,,,Carcinoma of lower limb bones
Cancer,269581007,XE1yr,,Malignant melanoma lower limb,,,,Malignant melanoma of lower limb
Cancer,286893002,XE1z9,,"Ca breast-upper,inner quadrant",,,,"Carcinoma of breast - upper, inner quadrant"
Cancer,286894008,XE1zB,,"Ca breast-lower,inner quadrant",,,,"Carcinoma of breast - lower, inner quadrant"
Cancer,286895009,XE1zD,,"Ca breast-upper,outer quadrant",,,,"Carcinoma of breast - upper, outer quadrant"
Cancer,286896005,XE1zF,,"Ca breast-lower,outer quadrant",,,,"Carcinoma breast - lower, outer quadrant"
Cancer,372094002,XE1zH,,Ca breast - axillary tail,,,,Malignant neoplasm of axillary tail of breast (disorder)
Cancer,286897001,XE1zH,,Ca breast - axillary tail,,,,Carcinoma of breast - axillary tail
Cancer,372096000,XE1zJ,,Ca breast - male,,,,Carcinoma of male breast (disorder)
Cancer,254887002,XE1zN,,Carcinoma cervix uteri,,,,Adenocarcinoma of cervix
Cancer,423973006,XE1zN,,Carcinoma cervix uteri,,,,"Carcinoma of uterine cervix, invasive (disorder)"
Cancer,372098004,XE1zP,,Ca cervix uteri - endocervix,,,,Carcinoma of endocervix (disorder)
Cancer,372100004,XE1zR,,Ca cervix uteri - exocervix,,,,Carcinoma of exocervix (disorder)
Cancer,254878006,XE1zV,,Uterus body Ca,,,,Endometrial carcinoma
Cancer,94143002,XE1zd,,Ca vulva,,,,Malignant neoplasm of vulva
Cancer,286900008,XE1zh,,Ca epididymis/spermatic cord,,,,Carcinoma of epididymis/spermatic cord
Cancer,429033009,XE1zp,,Cerebral tumour (malignant),,,,Malignant neoplasm of cerebrum (disorder)
Cancer,93727008,XE1zp,,Cerebral tumour (malignant),,,,Malignant neoplasm of brain
Cancer,372087000,XE1zr,,Other primary carcinomas,,,,Primary malignant neoplasm (disorder)
Cancer,274087000,XE1zv,,Ca eye,,,,MM - Malignant melanoma of eye
Cancer,269616004,XE1zz,,Secondary nodes - axilla/arm,,,,Secondary nodes - axilla/arm
Cancer,269617008,XE201,,Secondary nodes - inguinal/leg,,,,Secondary nodes - inguinal/leg
Cancer,286902000,XE207,,Secondary Ca GIT,,,,Secondary carcinoma of gastrointestinal tract
Cancer,302856006,XE20V,,Leukaemia - unspec. cell NOS,,,,Aleukemic leukemia
Cancer,424413001,XE20X,,Malignant neoplasm NOS,,,,Sarcoma (disorder)
Cancer,363357005,XM00F,,Cancer of ill-defined site,,,,Malignant tumor of ill-defined site
Cancer,271943005,XM0Ac,,Carcinoma of base of tongue,,,,Carcinoma of base of tongue
Cancer,274902006,XM1FE,,Hepatocholangiocarcinoma,,,,Mixed hepatocellular and bile duct carcinoma
Cancer,443487006,XM1FM,,Mantle zone lymphoma,,,,Mantle cell lymphoma (disorder)
Cancer,274905008,XM1FM,,Mantle zone lymphoma,,,,"Malignant lymphoma - lymphocytic, intermediate differentiation"
Cancer,275266006,XM1MM,,Metastasis to digestive organs,,,,Metastasis to digestive organs
Cancer,275394001,XM1Oc,,Ca ventral surface of tongue,,,,Carcinoma ventral surface of tongue
Cancer,275395000,XM1Od,,Ca anterior 2/3 tongue ventrm,,,,Carcinoma anterior 2/3 tongue ventrum
Cancer,275397008,XM1Of,,Carcinoma of midline of tongue,,,,Carcinoma of midline of tongue
Cancer,275490009,XM1QO,,Ca tongue base dorsal surface,,,,Carcinoma of tongue base - dorsal surface
Cancer,94416001,XSA0M,,Secdry malig neoplasm of mouth,,,,Secondary malignant neoplasm of mouth
Cancer,276419004,Xa059,,Malig tumour corpus spongiosum,,,,Malignant tumour of corpus spongiosum
Cancer,276420005,Xa05A,,Malig tumour corpus cavernosum,,,,Malignant tumor of corpus cavernosum
Cancer,276751004,Xa0CE,,Amelanotic malign melanom skin,,,,Amelanotic malignant melanoma of skin
Cancer,276803003,Xa0DF,,Adenocarcinoma of oesophagus,,,,Adenocarcinoma of esophagus
Cancer,276804009,Xa0DG,,SCC-Squam cell carcinom oesoph,,,,Squamous cell carcinoma of oesophagus
Cancer,276809004,Xa0DP,,EGC - Early gastric cancer,,,,EGC - Early gastric cancer
Cancer,276810009,Xa0DQ,,LGC - Late gastric cancer,,,,Late gastric cancer
Cancer,276811008,Xa0DX,,Lymphoma of stomach,,,,Gastric lymphoma
Cancer,276815004,Xa0Dd,,Intestinal lymphoma,,,,Lymphoma of intestine
Cancer,276821000,Xa0Di,,Malignant melanoma of anus,,,,Malignant melanoma of anus
Cancer,276822007,Xa0Dj,,Malignant melanoma of rectum,,,,Malignant melanoma of rectum
Cancer,276826005,Xa0Dp,,Malignant glioma of brain,,,,Malignant glioma of brain
Cancer,276828006,Xa0Dr,,Glioblastoma multiforme-brain,,,,Glioblastoma multiforme of brain
Cancer,276860003,Xa0EY,,Squam cell carcinoma scrotum,,,,Squamous cell carcinoma of scrotum
Cancer,276870001,Xa0Ei,,Carcinoma of fallopian tube,,,,Carcinoma of fallopian tube
Cancer,276876007,Xa0Eq,,Carcinoma of Bartholin's gland,,,,Carcinoma of Bartholin's gland
Cancer,276952000,Xa0G9,,SCC-Squam cell carcinom tongue,,,,Squamous cell carcinoma of tongue
Cancer,276953005,Xa0GA,,Squamous cell carcinom gingiva,,,,SCC - Squamous cell carcinoma of gum
Cancer,276954004,Xa0GC,,SCC-Squm cell carc floor mouth,,,,Squamous cell carcinoma of floor of mouth
Cancer,276962007,Xa0GN,,SCC-Squam cell carcinom palate,,,,Squamous cell carcinoma of palate
Cancer,276975007,Xa0Ge,,Laryngeal carcinoma,,,,Carcinoma of larynx
Cancer,93880001,Xa0KG,,CA - Lung cancer,,,,Malignant neoplasm of lung
Cancer,363359008,Xa0LD,,Malignant tumour of middle ear,,,,Malignant tumour of middle ear
Cancer,277461004,Xa0QD,,Anaplastic astrocytoma brain,,,,Anaplastic astrocytoma of brain
Cancer,277473004,Xa0QP,,Chron lymphoc leuk B-cell type,,,,B-CLL - B-cell chronic lymphocytic leukemia
Cancer,277474005,Xa0QQ,,B-CLL - B-cell ch lym leuk var,,,,B-cell chronic lymphocytic leukaemia variant
Cancer,277543005,Xa0Ri,,Malig whit blood cell disorder,,,,Malignant white blood cell disorder
Cancer,277545003,Xa0Rk,,TCLL - T-cell chron lymph leuk,,,,T-cell chronic lymphocytic leukaemia
Cancer,277549009,Xa0Rn,,CLL/PLL-Chr lym prolym leu syn,,,,Chronic lymphocytic prolymphocytic leukemia syndrome
Cancer,277550009,Xa0Ro,,Richter's syndrome,,,,Richter's syndrome
Cancer,277551008,Xa0Rp,,Splen lymphom with vill lympho,,,,Splenic lymphoma with villous lymphocytes
Cancer,277567002,Xa0S9,,Prolymphoc leukaem T-cell type,,,,T-cell prolymphocytic leukemia
Cancer,277568007,Xa0SA,,Hairy cell leukaemia variant,,,,Hairy cell leukaemia variant
Cancer,277569004,Xa0SB,,LGLL-Larg gran lympho leukaem,,,,Large granular lymphocytic leukemia
Cancer,277570003,Xa0SC,,Lymphoma with spill,,,,Lymphoma with spill
Cancer,277571004,Xa0SD,,Mature B-cell leuk Burkitt-typ,,,,B-cell acute lymphoblastic leukemia
Cancer,277572006,Xa0SE,,Pre B-cell acute lymphobl leuk,,,,Pre B-cell acute lymphoblastic leukaemia
Cancer,277573001,Xa0SF,,CALL-Comm ac lymphobl leukaem,,,,Common acute lymphoblastic leukemia
Cancer,277574007,Xa0SG,,Null cell acute lymphobl leuk,,,,Null cell acute lymphoblastic leukaemia
Cancer,277575008,Xa0SH,,T-cell acute lymphobl leukaem,,,,T-cell acute lymphoblastic leukemia
Cancer,277579002,Xa0SL,,Light chain myeloma,,,,Light chain myeloma
Cancer,68979007,Xa0SM,,Heavy chain disease,,,,Heavy chain disease
Cancer,277580004,Xa0SN,,Non-secretory myeloma,,,,Non-secretory myeloma
Cancer,277587001,Xa0SV,,JCML - Juv chron myel leukaem,,,,JCML - Juvenile chronic myeloid leukaemia
Cancer,277589003,Xa0SX,,Atypic chron myeloid leukaemia,,,,Atypical chronic myeloid leukaemia
Cancer,277601005,Xa0Sl,,M5a - Acute monoblast leukaem,,,,Acute monocytoid leukaemia
Cancer,277602003,Xa0Sm,,M7-Acute megakaryoblas leukaem,,,,Acute megakaryoblastic leukaemia
Cancer,277604002,Xa0Sn,,Acute eosinophilic leukaemia,,,,Acute eosinophilic leukemia
Cancer,277605001,Xa0Sq,,Tumour lysis syndrome,,,,Tumor lysis syndrome
Cancer,277609007,Xa0Su,,"Hodgk dis, lympho predom-diff",,,,"Hodgkin's disease, lymphocytic predominance - diffuse"
Cancer,277610002,Xa0Sv,,"Hodg dis,nod scler,lym predom",,,,"Hodgkin's disease, nodular sclerosis - lymphocytic predominance"
Cancer,277611003,Xa0Sw,,"Hodg dis,nod scler,mix cell",,,,"Hodgkin's disease, nodular sclerosis - mixed cellularity"
Cancer,277612005,Xa0Sx,,"Hodg dis,nod scler,syn variant",,,,"Hodgkin's disease, nodular sclerosis - lymphocytic depletion"
Cancer,277614006,Xa0T0,,Prethy+thy T-cell lymphom/leuk,,,,Prethymic and thymic T-cell lymphoma/leukemia
Cancer,277615007,Xa0T1,,Low grade B-cell lymphoma,,,,Low grade B-cell lymphoma
Cancer,277616008,Xa0T2,,Diff low grade B-cell lymphoma,,,,Diffuse low grade B-cell lymphoma
Cancer,277617004,Xa0T3,,High grade B-cell lymphoma,,,,High grade B-cell lymphoma
Cancer,277618009,Xa0T4,,Nodular malignant lymphoma,,,,Follicular low grade B-cell lymphoma
Cancer,277619001,Xa0T5,,Prolymphoc leukaem B-cell type,,,,B-cell prolymphocytic leukaemia
Cancer,277623009,Xa0T9,,Monocytoid B-cell lymphoma,,,,Monocytoid B-cell lymphoma
Cancer,277624003,Xa0TA,,Fol mal lymph-mix small+large,,,,Follicular malignant lymphoma - mixed cell type
Cancer,277626001,Xa0TE,,Diff high grade B-cell lymphom,,,,Diffuse high grade B-cell lymphoma
Cancer,277627005,Xa0TF,,Nod high grade B-cell lymphom,,,,Nodular high grade B-cell lymphoma
Cancer,109969005,Xa0TG,,Diff non-Hodg large cell lymph,,,,"Diffuse non-Hodgkin's lymphoma, large cell (clinical)"
Cancer,277628000,Xa0TH,,Diff mal lymphom-lar clea cell,,,,Diffuse malignant lymphoma - large cleaved cell
Cancer,277629008,Xa0TI,,Diff mal lymphom-larg noncleav,,,,Diffuse malignant lymphoma - large non-cleaved cell
Cancer,277632006,Xa0TM,,Diff mal lymphom-centro polym,,,,Diffuse malignant lymphoma - centroblastic polymorphic
Cancer,277637000,Xa0TS,,(Ki-1+) lymphoma,,,,Large cell anaplastic lymphoma
Cancer,277642008,Xa0TY,,Low grade T-cell lymphoma,,,,Low grade T-cell lymphoma
Cancer,277643003,Xa0TZ,,High grade T-cell lymphoma,,,,High grade T-cell lymphoma
Cancer,413537009,Xa0Tk,,Angioimmunoblast T-cell lymph,,,,Angioimmunoblastic T-cell lymphoma (disorder)
Cancer,414166008,Xa0To,,Malignant reticuloendothelios,,,,"Extranodal NK/T-cell lymphoma, nasal type (disorder)"
Cancer,277651000,Xa0Tr,,Peri T-cell lymp-pleom sm cell,,,,Peripheral T-cell lymphoma - pleomorphic small cell
Cancer,277653002,Xa0Tt,,Peri T-cell lymp-pleo m/l cell,,,,Peripheral T-cell lymphoma - pleomorphic medium and large cell
Cancer,277654008,Xa0Tu,,EACTL - Ent-ass T-cell lymphom,,,,Enteropathy-associated T-cell lymphoma
Cancer,277664004,Xa0U5,,Malignant lymphoma of testis,,,,Malignant lymphoma of testis
Cancer,372016004,Xa0WG,,Prim malign tumour peritoneum,,,,Primary malignant neoplasm of the peritoneum (disorder)
Cancer,277782009,Xa0WH,,Malign perit local recurrence,,,,Malignant peritoneal local recurrence
Cancer,278024000,Xa0ay,,Rhabdomyosarcoma of bladder,,,,Rhabdomyosarcoma of bladder
Cancer,278042005,Xa0bJ,,Malignant teratoma mediastinum,,,,Malignant teratoma of mediastinum
Cancer,278043000,Xa0bK,,Malignant seminoma mediastinum,,,,Malignant seminoma of mediastinum
Cancer,278044006,Xa0bL,,Malignant neuroma mediastinum,,,,Malignant neuroma of mediastinum
Cancer,278046008,Xa0bM,,Sarcoma of bladder,,,,Sarcoma of bladder
Cancer,278050001,Xa0bQ,,Sarcoma of breast,,,,Sarcoma of breast
Cancer,278051002,Xa0bR,,Malign lymphoma thyroid gland,,,,Malignant lymphoma of thyroid gland
Cancer,278052009,Xa0bS,,Malignant lymphoma of breast,,,,Malignant lymphoma of breast
Cancer,278053004,Xa0bT,,Intraduct carcinoma of breast,,,,Intraduct carcinoma of breast
Cancer,278054005,Xa0bU,,Lobular carcinoma of breast,,,,Lobular carcinoma of breast
Cancer,278055006,Xa0bV,,Malig Leydig cell tumor testis,,,,Malignant Leydig cell tumor of testis
Cancer,278057003,Xa0bY,,Sertoli cell tumour of testis,,,,Sertoli cell tumour of testis
Cancer,278060005,Xa0bb,,Endometrioid carcinom prostate,,,,Endometrioid carcinoma of prostate
Cancer,278189009,Xa0eB,,Hypergranular promyl leukaemia,,,,Hypergranular promyelocytic leukaemia
Cancer,278433008,Xa0ik,,Malignant infiltra soft tissue,,,,Malignant infiltration of soft tissue
Cancer,278453007,Xa0jn,,Acute biphenotypic leukaemia,,,,Acute biphenotypic leukaemia
Cancer,278491007,Xa0ko,,Mixed seminoma teratoma testis,,,,Mixed seminoma teratoma of testis
Cancer,281562007,Xa1nZ,,Adrenal neuroblastoma,,,,Adrenal neuroblastoma
Cancer,281563002,Xa1na,,Thoracic neuroblastoma,,,,Thoracic neuroblastoma
Cancer,281564008,Xa1nb,,Pelvic neuroblastoma,,,,Pelvic neuroblastoma
Cancer,281566005,Xa1ne,,Abdominothoracic neuroblastoma,,,,Abdominothoracic neuroblastoma
Cancer,372141009,Xa1oQ,,Carcinoma of vocal cord,,,,Carcinoma of vocal cord (disorder)
Cancer,281702006,Xa1qs,,Tibial adamantinoma,,,,Tibial adamantinoma
Cancer,285307007,Xa34C,,Sq cell carcin skin upper lip,,,,Squamous cell carcinoma of skin of upper lip
Cancer,285308002,Xa34D,,Squ cell carcin skin lower lip,,,,Squamous cell carcinoma of skin of lower lip
Cancer,285310000,Xa34F,,Carcinoma of anal canal,,,,Carcinoma of anal canal
Cancer,285420006,Xa36a,,IgA myeloma,,,,IgA myeloma
Cancer,285421005,Xa36b,,IgG myeloma,,,,IgG myeloma
Cancer,285422003,Xa36c,,IgD myeloma,,,,IgD myeloma
Cancer,285598005,Xa39z,,"UKP-Metast trach, unkn primary",,,,UKP - Metastasis to trachea of unknown primary
Cancer,285603002,Xa3A4,,"UKP - Metast bronch, unkn prim",,,,UKP - Metastasis to bronchus of unknown primary
Cancer,285604008,Xa3A5,,"UKP - Metast lung,unkn primary",,,,Metastasis to lung of unknown primary
Cancer,285605009,Xa3A6,,"UKP - Metast pleura, unkn prim",,,,UKP - Metastasis to pleura of unknown primary
Cancer,285606005,Xa3A7,,"UKP - Metast heart, unkn prim",,,,Metastasis to heart of unknown primary
Cancer,285607001,Xa3A8,,"UKP - Metast mediast,unkn prim",,,,UKP - Metastasis to mediastinum of unknown primary
Cancer,285608006,Xa3A9,,"UKP - Metast thymus, unkn prim",,,,Metastasis to thymus of unknown primary
Cancer,285609003,Xa3AA,,"UKP-Metas small intes,unk prim",,,,UKP - Metastasis to small intestine of unknown primary
Cancer,285610008,Xa3AB,,"UKP-Metas larg intes,unkn prim",,,,UKP - Metastasis to large intestine of unknown primary
Cancer,285611007,Xa3AC,,"UKP - Metast colon, unkn prim",,,,Metastasis to colon of unknown primary
Cancer,285612000,Xa3AD,,"UKP - Metast rectum, unkn prim",,,,UKP - Metastasis to rectum of unknown primary
Cancer,285613005,Xa3AE,,"UKP - Metast liver, unkn prim",,,,Metastasis to liver of unknown primary
Cancer,285614004,Xa3AF,,"UKP - Metast pancr, unkn prim",,,,UKP - Metastasis to pancreas of unknown primary
Cancer,285615003,Xa3AG,,"UKP - Metast spleen, unkn prim",,,,Metastasis to spleen of unknown primary
Cancer,285616002,Xa3AH,,"UKP - Metast periton,unkn prim",,,,UKP - Metastasis to peritoneum of unknown primary
Cancer,285617006,Xa3AI,,"UKP-Metas retroperit,unkn prim",,,,Metastasis to retroperitoneum of unknown primary
Cancer,285618001,Xa3AJ,,"UKP - Metast to bone,unkn prim",,,,UKP - Metastasis to bone of unknown primary
Cancer,285619009,Xa3AK,,"UKP-Metas verteb col,unkn prim",,,,Metastasis to vertebral column of unknown primary
Cancer,285631006,Xa3BF,,"UKP - Metastas skin, unkn prim",,,,Metastasis to skin of unknown primary
Cancer,285633009,Xa3BG,,"UKP-Metast soft tiss,unkn prim",,,,UKP - Metastasis to soft tissue of unknown primary
Cancer,285634003,Xa3BH,,"UKP - Metast breast, unkn prim",,,,UKP - Metastasis to breast of unknown primary
Cancer,285635002,Xa3BI,,"UKP - Metast uterus, unkn prim",,,,Metastasis to uterus of unknown primary
Cancer,285637005,Xa3BL,,"UKP - Metast ovary, unkn prim",,,,Metastasis to ovary of unknown primary
Cancer,285638000,Xa3BM,,"UKP - Metast vagina, unkn prim",,,,UKP - Metastasis to vagina of unknown primary
Cancer,285639008,Xa3BN,,"UKP - Metast kidney, unkn prim",,,,Metastasis to kidney of unknown primary
Cancer,285640005,Xa3BX,,"UKP - Metast bladder,unkn prim",,,,UKP - Metastasis to bladder of unknown primary
Cancer,285641009,Xa3BZ,,"UKP - Metast brain, unkn prim",,,,UKP - Metastasis to brain of unknown primary
Cancer,285642002,Xa3Ba,,"UKP - Metast to eye, unkn prim",,,,Metastasis to eye of unknown primary
Cancer,285643007,Xa3Bb,,"UKP - Metas adrenal, unkn prim",,,,UKP - Metastasis to adrenal gland of unknown primary
Cancer,285644001,Xa3Bc,,"UKP-Metast lym node, unkn prim",,,,Metastasis to lymph node of unknown primary
Cancer,285645000,Xa3Bd,,"UKP - Dissem malign, unkn prim",,,,UKP - Disseminated malignancy of unknown primary
Cancer,359631009,Xa3EW,,M0 - Acut myel leukaem - undif,,,,"Acute myeloid leukaemia, minimal differentiation, FAB M0"
Cancer,359640008,Xa3Ea,,M1 - Acut myel leuk -no maturn,,,,"Acute myeloid leukemia without maturation, FAB M1"
Cancer,359648001,Xa3Ec,,M2 - Ac myel leuk with maturn,,,,"Acute myeloid leukemia with maturation, FAB M2"
Cancer,285769009,Xa3Ee,,M3V - Ac promy leuk hypogr var,,,,Acute promyelocytic leukaemia - hypogranular variant
Cancer,285776004,Xa3En,,Intermed grade B-cell lymphom,,,,Intermediate grade B-cell lymphoma
Cancer,285839005,Xa3HG,,M4Eo-Ac myelomono leuk-eos var,,,,M4Eo - Acute myelomonocytic leukaemia - eosinophilic variant
Cancer,708921005,Xa3eK,,Ca breast - nipple/central,,,,Carcinoma of central portion of breast (disorder)
Cancer,286899003,Xa3eR,,Carcinoma genital organs,,,,Carcinoma genital organs
Cancer,430556008,Xa3eT,,Ca genital organs NOS,,,,Malignant neoplasm of genital structure (disorder)
Cancer,300988009,Xa7n9,,Transit cell carcinoma ureter,,,,Transitional cell carcinoma of ureter
Cancer,301756000,Xa84V,,Adenocarcinoma sigmoid colon,,,,Adenocarcinoma of sigmoid colon
Cancer,363363001,Xa97u,,Mal neop soft tiss shoulder,,,,Malignant tumor of soft tissue of shoulder
Cancer,363364007,Xa97v,,Malig neop soft tissue of hip,,,,Malignant tumour of soft tissue of hip
Cancer,94283001,Xa981,,Metastatic tum to epididymis,,,,Secondary malignant neoplasm of epididymis
Cancer,302837001,Xa99Y,,LMM - Lentigo maligna melanoma,,,,LMM - Lentigo maligna melanoma
Cancer,302841002,Xa99l,,Malignant lymphoma-small cell,,,,"Malignant lymphoma, lymphocytic, well differentiated"
Cancer,302845006,Xa99w,,"Nod mal lym, lympcyt-well diff",,,,"Nodular malignant lymphoma, lymphocytic - well differentiated"
Cancer,302848008,Xa99z,,"Nod mal lym, lympcyt-int diff",,,,"Nodular malignant lymphoma, lymphocytic - intermediate differentiation"
Cancer,426336007,Xa9AA,,Plasmacytoma,,,,Solitary osseous myeloma (disorder)
Cancer,443520009,Xa9Aa,,Fibrochondrosarcoma,,,,Chondrosarcoma (disorder)
Cancer,447792005,Xa9Aa,,Fibrochondrosarcoma,,,,Chondrosarcoma of bone (disorder)
Cancer,303012000,Xa9EA,,Malig post wall hypopharynx,,,,Malignant tumor of posterior wall of hypopharynx
Cancer,303017006,Xa9EH,,"Mal lymphoma,convol cell type",,,,"Malignant lymphoma, convoluted cell type"
Cancer,303055001,Xa9FC,,"Mal lymphoma,foll centre cell",,,,"Malignant lymphoma, follicular center cell"
Cancer,303056000,Xa9FD,,"M lyoma,foll centr cell,cleav",,,,"Malignant lymphoma, follicular centre cell, cleaved"
Cancer,303057009,Xa9FE,,"M lyoma,fol centr cell,non-cl",,,,"Malignant lymphoma, follicular center cell, non-cleaved"
Cancer,304545002,XaA0C,,Adenocarcinoma of ileum,,,,Adenocarcinoma of ileum
Cancer,307216009,XaB1b,,Perforated carcinom oesophagus,,,,Perforated carcinoma of esophagus
Cancer,307219002,XaB1e,,Retroperitoneal sarcoma,,,,Retroperitoneal sarcoma
Cancer,307226002,XaB1p,,Metast adenocarc unknown orign,,,,Metastatic adenocarcinoma of unknown origin
Cancer,307341004,XaB47,,Atypical hairy cell leukaemia,,,,Atypical hairy cell leukemia
Cancer,307502000,XaB8h,,Squam cell carcinoma - mouth,,,,Squamous cell carcinoma of mouth
Cancer,307592006,XaBAm,,Basophilic leukaemia,,,,Basophilic leukemia
Cancer,721629005,XaBAo,,Leather-bottle stomach,,,,Linitis plastica of stomach (disorder)
Cancer,369748008,XaBAo,,Leather-bottle stomach,,,,Diffusely infiltrative (linitis plastica) tumor configuration
Cancer,373627005,XaBAp,,Bronchiolo-alveolar carcinoma,,,,Bronchioloalveolar carcinoma (disorder)
Cancer,307601000,XaBAu,,Pseudomyxoma peritonei,,,,Pseudomyxoma peritonei
Cancer,307603002,XaBAw,,Malignant blue naevus of skin,,,,Malignant blue naevus of skin
Cancer,307604008,XaBAx,,Mesoblastic nephroma,,,,Mesoblastic nephroma
Cancer,307608006,XaBB1,,Ewing's sarcoma of bone,,,,Ewing's sarcoma of bone
Cancer,307609003,XaBB2,,Adamantinoma of long bone,,,,Adamantinoma of long bone
Cancer,307617006,XaBBC,,Neutrophilic leukaemia,,,,Neutrophilic leukemia
Cancer,307622006,XaBBM,,Prolymphocytic lymphosarcoma,,,,Prolymphocytic lymphosarcoma
Cancer,307623001,XaBBN,,Plasmacytic lymphoma,,,,Malignant lymphoma - lymphoplasmacytic
Cancer,307624007,XaBBO,,"Germinoblastoma, diffuse",,,,Diffuse malignant lymphoma - centroblastic-centrocytic
Cancer,307625008,XaBBP,,"Malig lymphoma, centrocytic",,,,Malignant lymphoma - centrocytic
Cancer,307633009,XaBBZ,,"Hodg,lymphocyt depl,dif fib",,,,"Hodgkin's disease, lymphocytic depletion, diffuse fibrosis"
Cancer,307634003,XaBBb,,"Hodg dis,lymphocyt depl,retic",,,,"Hodgkin's disease, lymphocytic depletion, reticular type"
Cancer,307635002,XaBBc,,"Hodg dis,nod scler,cell phase",,,,"Hodgkin's disease, nodular sclerosis - cellular phase"
Cancer,307636001,XaBBd,,"Reticulolymphosarcoma, nodular",,,,"Malignant lymphoma, mixed lymphocytic-histiocytic, nodular"
Cancer,307637005,XaBBf,,"Germinoblastoma, follicular",,,,"Germinoblastoma, follicular"
Cancer,307646004,XaBBo,,"Mal lymph,lymocyt,poor dif,nod",,,,"Malignant lymphoma, lymphocytic, poorly differentiated, nodular"
Cancer,307647008,XaBBp,,"Germinoblastic sarc, follicul",,,,"Malignant lymphoma, centroblastic type, follicular"
Cancer,307649006,XaBBr,,PCNSL - Primary CNS lymphoma,,,,Microglioma
Cancer,309245001,XaBmX,,Adenocarcinoma of uterus,,,,Adenocarcinoma of uterus
Cancer,310526005,XaCJU,,Malign tumour soft tissue back,,,,Malignant tumour of soft tissue of back
Cancer,312104005,XaDbr,,Cholangiocarcin biliary tract,,,,Cholangiocarcinoma of biliary tract
Cancer,312949007,XaE6L,,Retina pigment epith adeno,,,,Retinal pigment epithelial adenocarcinoma
Cancer,313353007,XaEJe,,Sq cell carc bronch lt lwr lob,,,,Squamous cell carcinoma of bronchus in left lower lobe
Cancer,313354001,XaEJf,,Sq cell carc bronch lt upp lob,,,,Squamous cell carcinoma of bronchus in left upper lobe
Cancer,313355000,XaEJg,,Sq cell carc bronch rt lwr lob,,,,Squamous cell carcinoma of bronchus in right lower lobe
Cancer,313356004,XaEJh,,Sq cell carc bronch rt mid lob,,,,Squamous cell carcinoma of bronchus in right middle lobe
Cancer,313357008,XaEJi,,Sq cell carc bronch rt upp lob,,,,Squamous cell carcinoma of bronchus in right upper lobe
Cancer,314191009,XaEfj,,Cystadenocarcinoma of ovary,,,,Cystadenocarcinoma of ovary
Cancer,314408000,XaF1E,,Leukaemic infiltrate choroid,,,,Leukaemic infiltrate of choroid
Cancer,314418005,XaF26,,Leukaemic infiltrate of retina,,,,Leukaemic infiltrate of retina
Cancer,314951005,XaFr4,,Loc recur malign tumour tongue,,,,Local recurrence of malignant tumor of tongue
Cancer,314952003,XaFr5,,Loc recur malign tumr bucc cav,,,,Local recurrence of malignant tumour of buccal cavity
Cancer,314953008,XaFr6,,Loc recurr malign tumr thyroid,,,,Local recurrence of malignant tumor of thyroid gland
Cancer,314954002,XaFr7,,Loc recurr malign tumour lung,,,,Local recurrence of malignant tumour of lung
Cancer,314955001,XaFr8,,Loc recur malign tumour breast,,,,Local recurrence of malignant tumor of breast
Cancer,314960002,XaFrD,,Loc recur malign tumour oesoph,,,,Local recurrence of malignant tumor of esophagus
Cancer,314961003,XaFrE,,Loc recurr malign tumr stomach,,,,Local recurrence of malignant tumour of stomach
Cancer,314962005,XaFrF,,Loc recur malign tumr gallblad,,,,Local recurrence of malignant tumor of gallbladder
Cancer,314963000,XaFrG,,Loc recurr malign tumour liver,,,,Local recurrence of malignant tumour of liver
Cancer,314964006,XaFrH,,Loc recur malign tumr pancreas,,,,Local recurrence of malignant tumor of pancreas
Cancer,314965007,XaFrI,,Loc recurr malign tumour colon,,,,Local recurrence of malignant tumour of colon
Cancer,314966008,XaFrJ,,Loc recur malign tumour rectum,,,,Local recurrence of malignant tumor of rectum
Cancer,314967004,XaFrK,,Loc recur malign tumour kidney,,,,Local recurrence of malignant tumor of kidney
Cancer,314968009,XaFrL,,Loc recur malig tumour bladder,,,,Local recurrence of malignant tumour of urinary bladder
Cancer,314969001,XaFrM,,Loc recur malign tumr prostate,,,,Local recurrence of malignant tumor of prostate
Cancer,314970000,XaFrN,,Loc recur malign tumour cervix,,,,Local recurrence of malignant tumour of cervix
Cancer,314973003,XaFrQ,,Local recur malign tumour bone,,,,Local recurrence of malignant tumor of bone
Cancer,314974009,XaFrR,,Loc recur malig tumr soft tiss,,,,Local recurrence of malignant tumour of soft tissue
Cancer,314976006,XaFrT,,Loc recur malign melanoma skin,,,,Local recurrence of malignant melanoma of skin
Cancer,314987003,XaFrd,,Metast from malign melan skin,,,,Metastasis from malignant melanoma of skin
Cancer,314988008,XaFre,,Metast from malign tumour skin,,,,Metastasis from malignant tumour of skin
Cancer,314989000,XaFrf,,Metst frm malig tumr soft tiss,,,,Metastasis from malignant tumor of soft tissues
Cancer,314990009,XaFrg,,Metast from malign tumour bone,,,,Metastasis from malignant tumour of bone
Cancer,314991008,XaFrh,,Metast from malign tumr adrenl,,,,Metastasis from malignant tumor of adrenal gland
Cancer,314992001,XaFri,,Metast from malign tumr cervix,,,,Metastasis from malignant tumour of cervix
Cancer,314993006,XaFrj,,Metast from malign tumr uterus,,,,Metastasis from malignant tumor of uterus
Cancer,314994000,XaFrk,,Metast from malig tumr prostat,,,,Metastasis from malignant tumour of prostate
Cancer,314995004,XaFrl,,Metast from malig tumr bladder,,,,Metastasis from malignant tumor of bladder
Cancer,314996003,XaFrm,,Metast from malign tumr kidney,,,,Metastasis from malignant tumour of kidney
Cancer,314997007,XaFrn,,Metast from malign tumr rectum,,,,Metastasis from malignant tumor of rectum
Cancer,314998002,XaFro,,Metast from malign tumor colon,,,,Metastasis from malignant tumor of colon
Cancer,314999005,XaFrp,,Metast frm malig tumr pancreas,,,,Metastasis from malignant tumour of pancreas
Cancer,315000005,XaFrq,,Metast from malig tumour liver,,,,Metastasis from malignant tumor of liver
Cancer,315001009,XaFrr,,Metast frm malig tumr gallblad,,,,Metastasis from malignant tumour of gallbladder
Cancer,315002002,XaFrs,,Metast from malig tumr stomach,,,,Metastasis from malignant tumor of stomach
Cancer,315003007,XaFrt,,Metast frm malig tumour oesoph,,,,Metastasis from malignant tumour of oesophagus
Cancer,315004001,XaFru,,Metast from malign tumr breast,,,,Metastasis from malignant tumor of breast
Cancer,315005000,XaFrv,,Metast frm malig tumr bronchus,,,,Metastasis from malignant tumour of bronchus
Cancer,315006004,XaFrw,,Metast from malign tumour lung,,,,Metastasis from malignant tumor of lung
Cancer,315007008,XaFrx,,Metast from malig tumr thyroid,,,,Metastasis from malignant tumour of thyroid
Cancer,315008003,XaFry,,Metast frm malig tumr bucc cav,,,,Metastasis from malignant tumour of buccal cavity
Cancer,315009006,XaFrz,,Metast from malign tumr tongue,,,,Metastasis from malignant tumor of tongue
Cancer,315058005,XaFsw,,Lynch syndrome,,,,Hereditary nonpolyposis colon cancer
Cancer,716318002,XaFsw,,Lynch syndrome,,,,Lynch syndrome (disorder)
Cancer,445227008,XaYdL,,Juvenile myelomonocyt leukaem,,,,Juvenile myelomonocytic leukemia (disorder)
Cancer,8.13671E+14,XaYeq,,Sec ma ne liv intrahep bile du,,,,Secondary malignant neoplasm of liver and intrahepatic bile duct (disorder)
Cancer,444910004,XaYgm,,Mediast thym large B-cell lymp,,,,Primary mediastinal (thymic) large B-cell lymphoma (disorder)
Cancer,449220000,XaYi5,,Diffuse follicle cent lymphoma,,,,Diffuse follicle center lymphoma (disorder)
Cancer,448212009,XaYiI,,Anapl large cell lymph ALK-neg,,,,Anaplastic lymphoma kinase negative anaplastic large cell lymphoma (disorder)
Cancer,738770003,XaYiL,,Anapl large cell lymph ALK-pos,,,,Anaplastic lymphoma kinase positive anaplastic large cell lymphoma (disorder)
Cancer,8.15011E+14,XaYiL,,Anapl large cell lymph ALK-pos,,,,Anaplastic lymphoma kinase positive anaplastic large cell lymphoma (disorder)
Cancer,445406001,XaYiN,,Hepatosplenic T-cell lymphoma,,,,Hepatosplenic T-cell lymphoma (disorder)
Cancer,445269007,XaYii,,Extra ma zone B ly mu lymph ti,,,,Extranodal marginal zone B-cell lymphoma of mucosa-associated lymphoid tissue (MALT-lymphoma) (disorder)
Cancer,8.47481E+14,XaYij,,Follicular lymphoma grade 1,,,,Follicular lymphoma grade 1
Cancer,8.47691E+14,XaYil,,Follicular lymphoma grade 3a,,,,Follicular lymphoma grade 3a
Cancer,8.15121E+14,XaYil,,Follicular lymphoma grade 3a,,,,Follicular lymphoma grade 3a (morphologic abnormality)
Cancer,8.47701E+14,XaYim,,Follicular lymphoma grade 3b,,,,Follicular lymphoma grade 3b
Cancer,8.15131E+14,XaYim,,Follicular lymphoma grade 3b,,,,Follicular lymphoma grade 3b (morphologic abnormality)
Cancer,404143002,XaYin,,Cutaneous follicle cent lymph,,,,Primary cutaneous follicle centre-cell B-cell lymphoma (disorder)
Cancer,1091861000000100,XaYin,,Cutaneous follicle cent lymph,,,,"Follicular lymphoma, cutaneous follicle centre"
Cancer,449386007,XaYis,,At chron myel leuk BCR/ABL neg,,,,Philadelphia chromosome negative chronic myelogenous leukemia (disorder)
Cancer,128826001,XaYis,,At chron myel leuk BCR/ABL neg,,,,"Atypical chronic myeloid leukemia, Philadelphia chromosome (Ph1) negative"
Cancer,449108003,XaYj0,,Chron myeloge leuk BCR/ABL pos,,,,Philadelphia chromosome positive chronic myelogenous leukemia (disorder)
Cancer,128825002,XaYj0,,Chron myeloge leuk BCR/ABL pos,,,,"Chronic myelogenous leukemia, t(9;22)(q34;q11)"
Cancer,445448008,XaYj4,,Ac myel leuk multilineag dyspl,,,,Acute myeloid leukemia with myelodysplasia-related changes (disorder)
Cancer,8.15361E+14,XaYj9,,Acut myeloid leuk 11q23 abnorm,,,,Acute myeloid leukaemia with 11q23 abnormality (disorder)
Cancer,128875000,XaYjI,,Prim cut CD30-pos T-cel prolif,,,,Primary cutaneous CD30+ large T-cell lymphoma
Cancer,404133000,XaYjf,,Subcut pannic-like T-cel lymph,,,,Subcutaneous panniculitic cutaneous T-cell lymphoma (disorder)
Cancer,445030005,XaYk0,,Blast plasmacyt dendrit cl neo,,,,Blastic plasmacytoid dendritic cell neoplasm (morphologic abnormality)
Cancer,445105005,XaYk0,,Blast plasmacyt dendrit cl neo,,,,Blastic plasmacytoid dendritic cell neoplasm (disorder)
Cancer,8.47631E+14,XaZdF,,Follicular lymphoma grade 2,,,,Follicular lymphoma grade 2 (disorder)
Cancer,8.63741E+14,Xaa1N,,Clin stage A chron lymph leuk,,,,Clinical stage A chronic lymphocytic leukaemia (disorder)
Cancer,8.63761E+14,Xaa1O,,Clin stage B chron lymph leuk,,,,Clinical stage B chronic lymphocytic leukaemia (disorder)
Cancer,8.63781E+14,Xaa1P,,Clin stage C chron lymph leuk,,,,Clinical stage C chronic lymphocytic leukaemia (disorder)
Cancer,9.56371E+14,XacIW,,Malignant melanoma stage IIA,,,,Malignant melanoma stage IIA (finding)
Cancer,9.56391E+14,XacIX,,Malignant melanoma stage IIB,,,,Malignant melanoma stage IIB (finding)
Cancer,9.56411E+14,XacIY,,Malignant melanoma stage IIC,,,,Malignant melanoma stage IIC (finding)
Cancer,9.56431E+14,XacIZ,,Malignant melanoma stage IIIA,,,,Malignant melanoma stage IIIA (finding)
Cancer,9.56471E+14,XacIb,,Malignant melanoma stage IIIC,,,,Malignant melanoma stage IIIC (finding)
Cancer,9.56511E+14,XacId,,Malignant melanoma stge IV M1a,,,,Malignant melanoma stage IV M1a (finding)
Cancer,9.56531E+14,XacIe,,Malignant melanoma stge IV M1b,,,,Malignant melanoma stage IV M1b (finding)
Cancer,9.56551E+14,XacIf,,Malignant melanoma stge IV M1c,,,,Malignant melanoma stage IV M1c (finding)
Cancer,236005001,Y30Vb,qof-cancer,Malignant ascites,,,,Malignant ascites
Cancer,236441006,Y31ga,qof-cancer,Acq renal cyst + neopl change,,,,Acquired renal cyst with neoplastic change
Cancer,236740006,Y400V,qof-cancer,Tumour of seminal vesicle,,,,Tumour of seminal vesicle
Cancer,30664006,Y41aT,qof-cancer,Multiple endoc neoplas type 1,,,,"Multiple endocrine neoplasia, type 1"
Cancer,713572001,Y71g3,qof-cancer,HIV+secondary cancers,,,,Malignant neoplastic disease co-occurrent with human immunodeficiency virus infection
Cancer,4.61841E+14,Y7Gt5,qof-cancer,[M]No micr conf-tumor clin mal,,,,"[M]No microscopic confirmation of tumor, clinically malignant (morphologic abnormality)"
Cancer,253006001,Y7Gzi,qof-cancer,Somatostatinoma,,,,Delta cell tumor
Cancer,254042000,Y7ISG,qof-cancer,Ayala's disease,,,,Ayala's disease
Cancer,254624009,Y7Iv8,qof-cancer,Tumour of lung parenchyma,,,,Tumor of lung parenchyma
Cancer,443136000,Y7JcE,qof-cancer,Malig neop other skin of face,,,,Malignant neoplasm of skin of face (disorder)
Cancer,255127006,Y7Jxn,qof-cancer,Local tumour spread,,,,Local tumour spread
Cancer,188009001,YM0iW,qof-cancer,Malig neop soft tissue thorax,,,,Malignant neoplasm of connective and soft tissue of thorax
Cancer,4.25111E+14,YMA89,qof-cancer,[X]Addtnl neoplsm classfn term,,,,[X]Additional neoplasm classification terms (disorder)
Cancer,277466009,Ya1bt,qof-cancer,Lymphoproliferative disorder,,,,Lymphoproliferative disorder
Cancer,11888009,Ya1fr,qof-cancer,Hyperviscosity syndrome,,,,Hyperviscosity syndrome
Cancer,446643000,Yav1q,qof-cancer,Sarcoma of dendritic cells,,,,Sarcoma of dendritic cells (accessory cells) (disorder)
Cancer,8.84601E+14,YawRp,qof-cancer,Bwl sco (flxi) scr: Ca detectd,,,,Bowel scope (flexible sigmoidoscopy) screen: cancer detected (finding)
Cancer,9.56331E+14,YaxzH,qof-cancer,Malignant melanoma stage IA,,,,Malignant melanoma stage IA (finding)
Cancer,9.56351E+14,YaxzI,qof-cancer,Malignant melanoma stage IB,,,,Malignant melanoma stage IB (finding)
Cancer,9.56451E+14,YaxzN,qof-cancer,Malignant melanoma stage IIIB,,,,Malignant melanoma stage IIIB (finding)
Chronic kidney disease,431855005,1Z10.00,,chronic kidney disease stage 1,,,,Chronic kidney disease stage 1 (disorder)
Chronic kidney disease,431856006,1Z11.00,,chronic kidney disease stage 2,,,,Chronic kidney disease stage 2 (disorder)
Chronic kidney disease,433144002,1Z12.00,,chronic kidney disease stage 3,,,,Chronic kidney disease stage 3 (disorder)
Chronic kidney disease,700378005,1Z15.00,,chronic kidney disease stage 3a,,,,Chronic kidney disease stage 3A
Chronic kidney disease,700379002,1Z16.00,,chronic kidney disease stage 3b,,,,Chronic kidney disease stage 3B
Chronic kidney disease,3.24121E+14,1Z17.00,,chronic kidney disease stage 1 with proteinuria,,,,Chronic kidney disease stage 1 with proteinuria (disorder)
Chronic kidney disease,3.24151E+14,1Z18.00,,chronic kidney disease stage 1 without proteinuria,,,,Chronic kidney disease stage 1 without proteinuria (disorder)
Chronic kidney disease,3.24181E+14,1Z19.00,,chronic kidney disease stage 2 with proteinuria,,,,Chronic kidney disease stage 2 with proteinuria (disorder)
Chronic kidney disease,3.24211E+14,1Z1A.00,,chronic kidney disease stage 2 without proteinuria,,,,Chronic kidney disease stage 2 without proteinuria (disorder)
Chronic kidney disease,3.24251E+14,1Z1B.00,,chronic kidney disease stage 3 with proteinuria,,,,Chronic kidney disease stage 3 with proteinuria (disorder)
Chronic kidney disease,3.24281E+14,1Z1C.00,,chronic kidney disease stage 3 without proteinuria,,,,Chronic kidney disease stage 3 without proteinuria (disorder)
Chronic kidney disease,3.24311E+14,1Z1D.00,,chronic kidney disease stage 3a with proteinuria,,,,Chronic kidney disease stage 3A with proteinuria (disorder)
Chronic kidney disease,3.24341E+14,1Z1E.00,,chronic kidney disease stage 3a without proteinuria,,,,Chronic kidney disease stage 3A without proteinuria (disorder)
Chronic kidney disease,3.24371E+14,1Z1F.00,,chronic kidney disease stage 3b with proteinuria,,,,Chronic kidney disease stage 3B with proteinuria (disorder)
Chronic kidney disease,3.24411E+14,1Z1G.00,,chronic kidney disease stage 3b without proteinuria,,,,Chronic kidney disease stage 3B without proteinuria (disorder)
Chronic kidney disease,3.24441E+14,1Z1H.00,,chronic kidney disease stage 4 with proteinuria,,,,Chronic kidney disease stage 4 with proteinuria (disorder)
Chronic kidney disease,3.24471E+14,1Z1J.00,,chronic kidney disease stage 4 without proteinuria,,,,Chronic kidney disease stage 4 without proteinuria (disorder)
Chronic kidney disease,3.24501E+14,1Z1K.00,,chronic kidney disease stage 5 with proteinuria,,,,Chronic kidney disease stage 5 with proteinuria (disorder)
Chronic kidney disease,3.24541E+14,1Z1L.00,,chronic kidney disease stage 5 without proteinuria,,,,Chronic kidney disease stage 5 without proteinuria (disorder)
Chronic kidney disease,167278006,4677,efi-ckd,Urine protein test = ++++,5,,,Urine protein test = ++++
Chronic kidney disease,168140004,4I29.00,,peritoneal dialysis sample,,,,Peritoneal dialysis sample
Chronic kidney disease,265763003,7L1A.11,,dialysis for renal failure,,,,Compensation for renal failure
Chronic kidney disease,265764009,7L1A.11,,dialysis for renal failure,,,,Renal dialysis
Chronic kidney disease,302497006,7L1A000,,renal dialysis,,,,Hemodialysis procedure
Chronic kidney disease,71192002,7L1A100,,peritoneal dialysis,,,,Peritoneal dialysis
Chronic kidney disease,428648006,7L1A400,,automated peritoneal dialysis,,,,Automated peritoneal dialysis (procedure)
Chronic kidney disease,238318009,7L1A500,,continuous ambulatory peritoneal dialysis,,,,Continuous ambulatory peritoneal dialysis
Chronic kidney disease,180272001,7L1B.11,,placement ambulatory dialysis apparatus - compens renal fail,,,,Insertion of chronic ambulatory peritoneal dialysis catheter
Chronic kidney disease,180273006,7L1B100,,removal of ambulatory peritoneal dialysis catheter,,,,Removal of chronic ambulatory peritoneal dialysis catheter
Chronic kidney disease,238317004,7L1B200,,flushing of peritoneal dialysis catheter,,,,Flushing of chronic ambulatory peritoneal dialysis catheter
Chronic kidney disease,180277007,7L1C000,,insertion of temporary peritoneal dialysis catheter,,,,Insertion of temporary peritoneal dialysis catheter
Chronic kidney disease,427053002,7L1f000,,extracorporeal albumin haemodialysis,,,,Extracorporeal albumin hemodialysis (procedure)
Chronic kidney disease,182753006,8882,,intestinal dialysis,,,,Intestinal dialysis
Chronic kidney disease,127013003,C104.,efi-ckd,Diabetes mellitus: [with renal manifestatn] or [nephropathy],,,,Diabetic renal disease
Chronic kidney disease,421893009,C108011,mar-diabetes,type i diabetes mellitus with renal complications,,,,Renal disorder associated with type I diabetes mellitus (disorder)
Chronic kidney disease,420279001,C109000,mar-diabetes,non-insulin-dependent diabetes mellitus with renal comps,,,,Renal disorder associated with type II diabetes mellitus (disorder)
Chronic kidney disease,190388001,C1093,efi-ckd,Type II diabetes mellitus with multiple complications,,,,Type II diabetes mellitus with multiple complications
Chronic kidney disease,421986006,C10FL00,mar-diabetes,type 2 diabetes mellitus with persistent proteinuria,,,,Persistent proteinuria associated with type II diabetes mellitus (disorder)
Chronic kidney disease,267430007,C314.11,mar-diabetes,renal diabetes,,,,Renal glycosuria
Chronic kidney disease,49708008,D215000,,anaemia secondary to chronic renal failure,,,,Anemia of chronic renal failure
Chronic kidney disease,38481006,G22..00,mar-hypertension,hypertensive renal disease,,,,Hypertensive renal disease
Chronic kidney disease,65443008,G220.00,mar-hypertension,malignant hypertensive renal disease,,,,Malignant hypertensive renal disease
Chronic kidney disease,193003,G221.00,mar-hypertension,benign hypertensive renal disease,,,,Benign hypertensive renal disease
Chronic kidney disease,194774006,G222.00,mar-hypertension,hypertensive renal disease with renal failure,,,,Hypertensive renal disease with renal failure
Chronic kidney disease,86234004,G23..00,mar-hypertension,hypertensive heart and renal disease,,,,Hypertensive heart AND renal disease
Chronic kidney disease,66610008,G230.00,mar-hypertension,malignant hypertensive heart and renal disease,,,,Malignant hypertensive heart AND renal disease
Chronic kidney disease,66052004,G231.00,mar-hypertension,benign hypertensive heart and renal disease,,,,Benign hypertensive heart AND renal disease
Chronic kidney disease,194780003,G233.00,mar-hypertension,hypertensive heart and renal disease with renal failure,,,,Hypertensive heart and renal disease with renal failure
Chronic kidney disease,194783001,G240000,mar-hypertension,secondary malignant renovascular hypertension,,,,Secondary malignant renovascular hypertension
Chronic kidney disease,73410007,G241000,mar-hypertension,secondary benign renovascular hypertension,,,,Benign secondary renovascular hypertension
Chronic kidney disease,123799005,G24z000,mar-hypertension,secondary renovascular hypertension nos,,,,Renovascular hypertension
Chronic kidney disease,8.46461E+14,G72C.00,,ruptured aneurysm of dialysis vascular access,,,,Ruptured aneurysm of dialysis vascular access (disorder)
Chronic kidney disease,8.53631E+14,Gy1..00,,stenosis of dialysis vascular access,,,,Stenosis of dialysis vascular access (disorder)
Chronic kidney disease,8.53651E+14,Gy2..00,,thrombosis of dialysis vascular access,,,,Thrombosis of dialysis vascular access (disorder)
Chronic kidney disease,8.65761E+14,Gy3..00,,occlusion of dialysis vascular access,,,,Occlusion of dialysis vascular access (disorder)
Chronic kidney disease,8.65781E+14,Gy4..00,,infection of dialysis vascular access,,,,Infection of dialysis vascular access (disorder)
Chronic kidney disease,8.65801E+14,Gy5..00,,haemorrhage of dialysis vascular access,,,,Haemorrhage of dialysis vascular access (disorder)
Chronic kidney disease,197605007,K01x100,mar-diabetes,nephrotic syndrome in diabetes mellitus,,,,Nephrotic syndrome in diabetes mellitus
Chronic kidney disease,46177005,K05..00,,chronic renal failure,,,,End stage renal disease
Chronic kidney disease,709044004,K05..00,,chronic renal failure,,,,Chronic kidney disease
Chronic kidney disease,90688005,K05..00,,chronic renal failure,,,,Chronic renal failure syndrome
Chronic kidney disease,431857002,K054.00,,chronic kidney disease stage 4,,,,Chronic kidney disease stage 4 (disorder)
Chronic kidney disease,433146000,K055.00,,chronic kidney disease stage 5,,,,Chronic kidney disease stage 5 (disorder)
Chronic kidney disease,236500003,K08yA00,mar-diabetes,proteinuric diabetic nephropathy,,,,Clinical diabetic nephropathy
Chronic kidney disease,236433006,K0E..00,,acute-on-chronic renal failure,,,,Acute-on-chronic renal failure
Chronic kidney disease,309426007,Kyu0300,mar-diabetes,[x]glomerular disorders in diabetes mellitus,,,,Diabetic glomerulopathy
Chronic kidney disease,42399005,Kyu2100,,[x]other chronic renal failure,,,,Renal failure syndrome
Chronic kidney disease,204962002,PD13.,efi-ckd,Multicystic kidney,,,,Multicystic kidney
Chronic kidney disease,737562008,PD13.,efi-ckd,Multicystic kidney,,,,Multicystic renal dysplasia
Chronic kidney disease,29738008,R110.,efi-ckd,[D]Proteinuria,5,,,Proteinuria
Chronic kidney disease,17778006,SP01500,,mechanical complication of dialysis catheter,,,,Mechanical complication of dialysis catheter
Chronic kidney disease,4.65041E+14,SP05613,,[x] peritoneal dialysis associated peritonitis,,,,"[X]Complications of surgical and medical care, not elsewhere classified (disorder)"
Chronic kidney disease,276883000,SP05613,,[x] peritoneal dialysis associated peritonitis,,,,Peritoneal dialysis-associated peritonitis
Chronic kidney disease,699235009,SP06B00,,continuous ambulatory peritoneal dialysis associated perit,,,,CAPD (Continuous ambulatory peritoneal dialysis) associated peritonitis
Chronic kidney disease,33461007,SP0E.00,,disorders associated with peritoneal dialysis,,,,Complication of peritoneal dialysis
Chronic kidney disease,236539007,SP0F.00,,haemodialysis first use syndrome,,,,First use syndrome of dialysis
Chronic kidney disease,8.54161E+14,SP0G.00,,anaphylactoid reaction due to haemodialysis,,,,Anaphylactoid reaction due to haemodialysis (disorder)
Chronic kidney disease,19765000,SP0H.00,,disorder associated with dialysis,,,,Complication of dialysis
Chronic kidney disease,216878005,TA02000,,"accid cut,puncture,perf,h'ge - kidney dialysis",,,,"Accidental cut, puncture, perforation or hemorrhage during kidney dialysis"
Chronic kidney disease,216933008,TA22000,,failure of sterile precautions during kidney dialysis,,,,Failure of sterile precautions during kidney dialysis
Chronic kidney disease,236499007,XaIyz,efi-ckd,Diabetes mellitus with persistent microalbuminuria,,,,Microalbuminuric diabetic nephropathy
Chronic kidney disease,420514000,XaIzM,efi-ckd,Type 1 diabetes mellitus with persistent proteinuria,,,,Persistent proteinuria associated with type I diabetes mellitus (disorder)
Chronic kidney disease,401110002,XaIzN,efi-ckd,Type 1 diabetes mellitus with persistent microalbuminuria,,,,Type 1 diabetes mellitus with persistent microalbuminuria (disorder)
Chronic kidney disease,420715001,XaIzR,efi-ckd,Type II diabetes mellitus with persistent microalbuminuria,,,,Persistent microalbuminuria associated with type II diabetes mellitus (disorder)
Chronic kidney disease,7.16891E+14,XaLFm,efi-ckd,Except chronic kidney disease qual indic: Patient unsuitable,,,,Excepted from chronic kidney disease quality indicators - patient unsuitable
Chronic kidney disease,7.16881E+14,XaLFn,efi-ckd,Exc chronic kidney disease quality indicators: Inform dissen,,,,Excepted from chronic kidney disease quality indicators - informed dissent
Chronic kidney disease,2.49171E+14,XaMGE,efi-ckd,Chronic kidney disease annual review,,,,Chronic kidney disease annual review (regime/therapy)
Chronic kidney disease,472953006,XaXTz,efi-ckd,H/O: chronic kidney disease,,,,History of chronic kidney disease
Chronic kidney disease,127013003,YMABT,qof-diabetes,Disorder of kidney due to diabetes mellitus (disorder),,,,Diabetic renal disease
Chronic kidney disease,225229003,Z91A.00,,peritoneal dialysis bag procedure,,,,Peritoneal dialysis bag procedure
Chronic kidney disease,108241001,ZVu3G00,,[x]other dialysis,,,,Dialysis procedure
Chronic kidney disease,4.67521E+14,ZVu3G00,,[x]other dialysis,,,,[X]Other dialysis (situation)
Chronic kidney disease,270999004,,,Urine total protein measurement (procedure),,,Any abnormal result (>150mg/24hr if not specified in dataset),Urine total protein measurement
Chronic kidney disease,1003291000000105,,,Urine total protein (observable entity),,,Any abnormal result (>150mg/24hr if not specified in dataset),Urine total protein (observable entity)
Chronic kidney disease,1028811000000103,,,Urine protein level (observable entity),,,Any abnormal result (>150mg/24hr if not specified in dataset),Urine protein level (observable entity)
Chronic kidney disease,57378007,,,Measurement of protein in urine (procedure),,,Any abnormal result (>150mg/24hr if not specified in dataset),"Protein measurement, urine"
Chronic kidney disease,1028731000000100,,,Urine protein/creatinine ratio (observable entity),,,Any abnormal result (>50mg/mmol if not specified in dataset),Urine protein/creatinine ratio (observable entity)
Chronic kidney disease,313500004,,,Urine protein/creatinine ratio measurement (procedure),,,Any abnormal result (>50mg/mmol if not specified in dataset),Urine protein/creatinine ratio measurement
Chronic kidney disease,1003301000000109,,,Urine albumin level (observable entity),,,Any abnormal result (>20mg/24hr if not specified in dataset),Urine albumin level (observable entity)
Chronic kidney disease,271000000,,,Urine albumin measurement (procedure),,,Any abnormal result (>20mg/24hr if not specified in dataset),Urine albumin measurement
Chronic kidney disease,1023491000000104,,,Urine albumin:creatinine ratio (observable entity),,,Any abnormal result (>3mg/mmol if not specified in dataset),Urine albumin:creatinine ratio (observable entity)
Chronic kidney disease,271075006,,,Urine albumin/creatinine ratio measurement (procedure),,,Any abnormal result (>3mg/mmol if not specified in dataset),Urine albumin/creatinine ratio
Chronic kidney disease,46716003,,,Microalbuminuria measurement (procedure),,,Any abnormal result (>3mg/mmol if not specified in dataset),Microalbuminuria measurement
Chronic kidney disease,1010251000000109,,,Urine microalbumin level (observable entity),,,Any abnormal result (>3mg/mmol if not specified in dataset),Urine microalbumin level (observable entity)
Chronic kidney disease,80274001,,,Glomerular filtration rate (observable entity),,,If less than 60,Glomerular filtration rate
Chronic kidney disease,1030991000000102,,,Urine protein/creatinine index (observable entity),,,Any abnormal result (>50mg/mmol if not specified in dataset),Urine protein/creatinine index (observable entity)
Chronic kidney disease,401095009,,,Urine protein/creatinine index (procedure),,,Any abnormal result (>50mg/mmol if not specified in dataset),Urine protein/creatinine index (procedure)
Cognitive impairment,698464007,14Od.00,,At risk of dementia,,,Removed if dementia code added,At risk of dementia
Cognitive impairment,386805003,28E..00,,Cognitive decline,,,Removed if dementia code added,Mild cognitive disorder (disorder)
Cognitive impairment,110352000,28E0.00,,Mild cognitive impairment,,,Removed if dementia code added,Minimal cognitive impairment
Cognitive impairment,386806002,28E3.00,,Cognitive impairment,,,Removed if dementia code added,Impaired cognition (finding)
Cognitive impairment,407630006,3AE1.00,,GDS level 2 - very mild cognitive decline,,,Removed if dementia code added,GDS level 2 - very mild cognitive decline (finding)
Cognitive impairment,407631005,3AE2.00,,GDS level 3 - mild cognitive decline,,,Removed if dementia code added,GDS level 3 - mild cognitive decline (finding)
Cognitive impairment,386241007,8G18.00,,Cognitive stimulation therapy,,,Removed if dementia code added,Cognitive stimulation (regime/therapy)
Cognitive impairment,280994000,E042.00,,Chronic confusional state,,,Removed if dementia code added,Chronic confusional state
Cognitive impairment,192072002,E2A1100,,Organic memory impairment,,,Removed if dementia code added,Organic memory impairment
Cognitive impairment,40917007,R009.11,,[D] Senile confusion,,,Removed if dementia code added,Clouding of consciousness
Cognitive impairment,408492009,,,Six item cognitive impairment test (procedure),,,If equal to or greater than 8,Six item cognitive impairment test (procedure)
Cognitive impairment,1085151000000108,,,Six Item Cognitive Impairment Test total score (observable entity),,,If equal to or greater than 8,6CIT (Six Item Cognitive Impairment Test) total score
COPD,270473001,14B3.12,mar-copd,history of chronic obstructive pulmonary disease,,,,H/O: chr.obstr. airway disease
COPD,275528007,14B3.12,mar-copd,history of chronic obstructive pulmonary disease,,,,H/O: bronchitis
COPD,3.83611E+14,14OX.00,mar-copd,at risk of chronic obstructive pulmonary diseas exacerbation,,,,At risk of chronic obstructive pulmonary disease exacerbation (finding)
COPD,9.41201E+14,2126F00,mar-copd,chronic obstructive pulmonary disease resolved,,,,Chronic obstructive pulmonary disease resolved (finding)
COPD,165044007,3399,efi-asthma_copd,FEV1/FVC ratio abnormal,,,,FEV1/FVC ratio abnormal
COPD,8.11961E+14,661M300,mar-copd,copd self-management plan agreed,,,,Chronic obstructive pulmonary disease self-management plan agreed (finding)
COPD,8.10951E+14,661N300,mar-copd,copd self-management plan review,,,,Chronic obstructive pulmonary disease self-management plan review (procedure)
COPD,390891009,66YB.00,mar-copd,Chronic obstructive pulmonary disease monitoring,,,,Chronic obstructive pulmonary disease monitoring (regime/therapy)
COPD,7.60601E+14,66YB000,mar-copd,chronic obstructive pulmonary disease 3 monthly review,,,,Chronic obstructive pulmonary disease 3 monthly review (regime/therapy)
COPD,7.60621E+14,66YB100,mar-copd,chronic obstructive pulmonary disease 6 monthly review,,,,Chronic obstructive pulmonary disease 6 monthly review (regime/therapy)
COPD,716358000,66YB200,mar-copd,telehealth chronic obstructive pulmonary disease monitoring,,,,Telehealth chronic obstructive pulmonary disease monitoring (regime/therapy)
COPD,390941006,66YD.00,mar-copd,Chronic obstructive pulmonary disease monitoring due,,,,Chronic obstructive pulmonary disease monitoring due (finding)
COPD,394702007,66YL.00,mar-copd,Chronic obstructive pulmonary disease follow-up,,,,Chronic obstructive pulmonary disease follow-up (regime/therapy)
COPD,394703002,66YM.00,mar-copd,Chronic obstructive pulmonary disease annual review,,,,Chronic obstructive pulmonary disease annual review (regime/therapy)
COPD,401184000,66YS.00,mar-copd,Chronic obstructive pulmonary disease monitoring by nurse,,,,Chronic obstructive pulmonary disease monitoring by nurse (regime/therapy)
COPD,401185004,66YT.00,mar-copd,Chronic obstructive pulmonary disease monitoring by doctor,,,,Chronic obstructive pulmonary disease monitoring by doctor (regime/therapy)
COPD,413845009,66Yd.00,mar-copd,copd accident and emergency attendance since last visit,,,,Chronic obstructive pulmonary disease accident and emergency attendance since last visit (regime/therapy)
COPD,414087000,66Ye.00,mar-copd,emergency copd admission since last appointment,,,,Emergency chronic obstructive pulmonary disease admission since last appointment (regime/therapy)
COPD,723245007,66Yf.00,mar-copd,Number of COPD exacerbations in past year,,,Code if >0,Number of chronic obstructive pulmonary disease exacerbations in past year (observable entity)
COPD,1.98401E+14,66Yg.00,mar-copd,Chronic obstructive pulmonary disease disturbs sleep,,,,Chronic obstructive pulmonary disease disturbs sleep (finding)
COPD,1.98411E+14,66Yh.00,mar-copd,chronic obstructive pulmonary disease does not disturb sleep,,,,Chronic obstructive pulmonary disease does not disturb sleep (finding)
COPD,1.98901E+14,66Yi.00,mar-copd,multiple copd emergency hospital admissions,,,,Multiple chronic obstructive pulmonary disease emergency hospital admissions (finding)
COPD,8.92321E+14,66Yz100,mar-copd,chronic obstruct pulmonary disease management plan declined,,,,Chronic obstructive pulmonary disease management plan declined (situation)
COPD,7.18241E+14,8BMW.00,mar-copd,issue of chronic obstructive pulmonary disease rescue pack,,,,Issue of chronic obstructive pulmonary disease rescue pack (procedure)
COPD,473202005,8BMa000,mar-copd,chronic obstructiv pulmonary disease medication optimisation,,,,Optimization of medication for chronic obstructive pulmonary disease
COPD,8.27571E+14,8CMV.00,mar-copd,has chronic obstructive pulmonary disease care plan,,,,Has chronic obstructive pulmonary disease care plan (finding)
COPD,8.48431E+14,8CMW500,mar-copd,chronic obstructive pulmonary disease care pathway,,,,Chronic obstructive pulmonary disease care pathway (regime/therapy)
COPD,736283006,8CR1.00,mar-copd,Chronic obstructive pulmonary disease clini management plan,,,,Chronic obstructive pulmonary disease clinical management plan (record artifact)
COPD,412776001,8CR1.00,mar-copd,Chronic obstructive pulmonary disease clini management plan,,,,Chronic obstructive pulmonary disease clinical management plan (qualifier value)
COPD,7.89661E+14,8CeD.00,mar-copd,preferred place of care for next exacerbation of copd,,,,Preferred place of care for next exacerbation of chronic obstructive pulmonary disease (finding)
COPD,408501008,8H2R.00,mar-copd,admit copd emergency,,,,Admit COPD emergency (procedure)
COPD,7.90301E+14,8Hkw.00,mar-copd,referral to copd community nursing team,,,,Referral to chronic obstructive pulmonary disease community nursing team (procedure)
COPD,8.57791E+14,8IEZ.00,mar-copd,chronic obstructive pulmonary disease rescue pack declined,,,,Chronic obstructive pulmonary disease rescue pack declined (situation)
COPD,8.57811E+14,8IEy.00,mar-copd,chronic obstructive pulmon dis wr self managem plan declined,,,,Chronic obstructive pulmonary disease written self management plan declined (situation)
COPD,7.13731E+14,9Oi..00,mar-copd,Chronic obstructive pulmonary disease monitoring admin,,,,Chronic obstructive pulmonary disease monitoring administration (record artifact)
COPD,7.16241E+14,9Oi0.00,mar-copd,Chronic obstructive pulmonary disease monitoring 1st letter,,,,Chronic obstructive pulmonary disease monitoring first letter
COPD,7.17021E+14,9Oi1.00,mar-copd,Chronic obstructive pulmonary disease monitoring 2nd letter,,,,Chronic obstructive pulmonary disease monitoring second letter (procedure)
COPD,7.17521E+14,9Oi2.00,mar-copd,Chronic obstructive pulmonary disease monitoring 3rd letter,,,,Chronic obstructive pulmonary disease monitoring third letter
COPD,7.16281E+14,9Oi3.00,mar-copd,Chronic obstructive pulmonary disease monitoring verb invite,,,,Chronic obstructive pulmonary disease monitoring verbal invite
COPD,7.16901E+14,9Oi4.00,mar-copd,Chronic obstructive pulmonary disease monitor phone invite,,,,Chronic obstructive pulmonary disease monitoring telephone invitation
COPD,7.83631E+14,9e03.00,mar-copd,gp ooh service notified of copd care plan,,,,General practitioner out of hours service notified of chronic obstructive pulmonary disease care plan (finding)
COPD,3.71611E+14,9kf0.11,mar-copd,copd patient unsuitable for pulmonary rehabilitation,,,,Chronic obstructive pulmonary disease patient unsuitable for pulmonary rehabilitation - enhanced services administration (procedure)
COPD,13645005,H3...,efi-asthma_copd,Chronic obstructive lung disease,,,,Chronic obstructive lung disease
COPD,185086009,H3...11,mar-copd,Chronic obstructive airways disease,,,,Emphysematous bronchitis
COPD,63480004,H31..,efi-asthma_copd,Chronic bronchitis,,,,Chronic bronchitis
COPD,360470001,H310.,efi-asthma_copd,Simple chronic bronchitis,,,,Chronic mucus hypersecretion
COPD,61937009,H310.,efi-asthma_copd,Simple chronic bronchitis,,,,Simple chronic bronchitis
COPD,89549007,H310.,efi-asthma_copd,Simple chronic bronchitis,,,,Catarrhal bronchitis
COPD,74417001,H311.,efi-asthma_copd,Mucopurulent chronic bronchitis,,,,Mucopurulent chronic bronchitis
COPD,195949008,H312000,mar-copd,Chronic asthmatic bronchitis,,,,Chronic asthmatic bronchitis
COPD,195951007,H3122,efi-asthma_copd,Acute exacerbation of chronic obstructive airways disease,,,,Acute exacerbation of chronic obstructive airways disease
COPD,425748003,H312200,mar-copd,Acute exacerbation of chronic obstructive airways disease,,,,Acute exacerbation of chronic bronchitis (disorder)
COPD,195953005,H313.,,Mixd simp+mucopur chron bronch,,,,Mixed simple and mucopurulent chronic bronchitis
COPD,52571006,H31y1,,Chronic tracheobronchitis,,,,Chronic tracheobronchitis
COPD,87433001,H32..00,mar-copd,Emphysema,,,,Pulmonary emphysema
COPD,195958001,H320000,mar-copd,Segmental bullous emphysema,,,,Segmental bullous emphysema
COPD,195959009,H3201,,Zonal bullous emphysema,,,,Zonal bullous emphysema
COPD,16003001,H320200,mar-copd,Giant bullous emphysema,,,,Giant bullous emphysema
COPD,68328006,H322.00,mar-copd,Centrilobular emphysema,,,,Centriacinar emphysema
COPD,49158009,H32y.,,Other emphysema,,,,Emphysema
COPD,45145000,H32y2,,MacLeods syndrome,,,,Unilateral emphysema
COPD,313297008,H37..00,mar-copd,Moderate chronic obstructive pulmonary disease,,,,Moderate chronic obstructive pulmonary disease
COPD,313299006,H38..00,mar-copd,Severe chronic obstructive pulmonary disease,,,,Severe chronic obstructive pulmonary disease
COPD,2.93991E+14,H39..00,mar-copd,Very severe chronic obstructive pulmonary disease,,,,Very severe chronic obstructive pulmonary disease (disorder)
COPD,10692761000119107,H3B..00,mar-copd,asthma-chronic obstructive pulmonary disease overlap syndrom,,,,Asthma-chronic obstructive pulmonary disease overlap syndrome
COPD,196001008,H3y0.,efi-asthma_copd,Chronic obstruct pulmonary dis with acute lower resp infectn,,,,Chronic obstructive pulmonary disease with acute lower respiratory infection
COPD,196026004,H4640,,Chronic chemical emphysema,,,,Chronic emphysema due to chemical fumes
COPD,33325001,H582.,,Compensatory emphysema,,,,Compensatory emphysema
COPD,229823004,Ub1ni,efi-asthma_copd,Pulmonary rehabilitation class,,,,Pulmonary rehabilitation class
COPD,49691004,X101j,,Industrial bronchitis,,,,Occupational bronchitis
COPD,233672007,X101k,,Byssinosis grade 3,,,,Byssinosis grade 3
COPD,233675009,X101p,,Chemical emphysema,,,,Toxic emphysema
COPD,47895001,X101q,,Infantile lobar emphysema,,,,Congenital emphysema
COPD,66987001,X101q,,Infantile lobar emphysema,,,,Congenital lobar emphysema
COPD,84409004,XE0YM,efi-asthma_copd,Purulent chronic bronchitis,,,,Fetid chronic bronchitis
COPD,266355005,XE0YN,,Bullous emphysema + collapse,,,,Bullous emphysema with collapse
COPD,266356006,XE0YO,,Atrophic (senile) emphysema,,,,Atrophic (senile) emphysema
COPD,46802002,XE0ZL,efi-asthma_copd,(Simple chron bronchitis)/(smok cough)/(sen tracheobronchit),,,,Smokers' cough
COPD,15081005,XS7qP,efi-asthma_copd,Pulmonary rehabilitation,,,,Pulmonary rehabilitation
COPD,285381006,Xa35l,efi-asthma_copd,Acute infective exacerbation chronic obstruct airway disease,,,,Acute infective exacerbation of chronic obstructive airways disease
COPD,313296004,XaEIV,efi-asthma_copd,Mild chronic obstructive pulmonary disease,,,,Mild chronic obstructive pulmonary disease
COPD,314472003,XaF6d,efi-asthma_copd,FEV1/FVC < 70% of predicted,,,,FEV1/FVC < 70% of predicted
COPD,135836000,XaIND,,End stag chron obst airway dis,,,,End stage chronic obstructive airways disease
COPD,391128002,XaIUq,efi-asthma_copd,Pulmonary rehabilitation programme commenced,,,,Pulmonary rehabilitation programme commenced (finding)
COPD,2.4461E+13,XaIf9,efi-asthma_copd,Referral to pulmonary rehabilitation,,,,Referral to pulmonary rehabilitation
COPD,7.16291E+14,XaJ4l,efi-asthma_copd,Excepted from COPD quality indicators: Informed dissent,,,,Excepted from COPD quality indicators - informed dissent
COPD,1.10011E+14,XaJDW,efi-asthma_copd,Did not attend chronic obstructive pulmonary disease clinic,,,,Did not attend chronic obstructive pulmonary disease clinic
COPD,2.01341E+14,XaLJz,efi-asthma_copd,Chronic obstructive pulmonary disease monitoring status,,,,Chronic obstructive pulmonary disease monitoring status (finding)
COPD,7.81591E+14,XaLqj,efi-asthma_copd,Health education - chronic obstructive pulmonary disease,,,,Education about chronic obstructive pulmonary disease
COPD,741056003,XaLqj,efi-asthma_copd,Health education - chronic obstructive pulmonary disease,,,,Education about chronic obstructive pulmonary disease (procedure)
COPD,3.74591E+14,XaPio,efi-asthma_copd,COPD enhanced services administration,,,,Chronic obstructive pulmonary disease - enhanced services administration (procedure)
COPD,704123000,XaRCG,efi-asthma_copd,Step down change in COPD management plan,,,,Step down change in chronic obstructive pulmonary disease management plan
COPD,704121003,XaRCH,efi-asthma_copd,Step up change in COPD management plan,,,,Step up change in chronic obstructive pulmonary disease management plan (regime/therapy)
COPD,7.53941E+14,XaX3c,efi-asthma_copd,Discussion about COPD exacerbation plan,,,,Discussion about chronic obstructive pulmonary disease exacerbation plan (procedure)
COPD,8.47091E+14,XaZd1,,Acut non-infect exacerbat COPD,,,,Acute non-infective exacerbation of chronic obstructive pulmonary disease (disorder)
COPD,40100001,Y107B,qof-copd,Bronchiolitis obliterans,,,,Obliterative bronchiolitis
COPD,196027008,Y107E,qof-copd,Toxic bronchiolitis obliterans,,,,Toxic bronchiolitis obliterans
COPD,233673002,Y107G,qof-copd,Drug-induced bronchiolit oblit,,,,Drug-induced bronchiolitis obliterans
COPD,195963002,Y107J,qof-copd,Acute vesicular emphysema,,,,Acute vesicular emphysema
COPD,233674008,Y107O,qof-copd,"Pulm emphysema, alpha-1 PI def",,,,Pulmonary emphysema in alpha-1 PI deficiency
COPD,195957006,Y107S,qof-copd,Chronic bullous emphysema,,,,Chronic bullous emphysema
COPD,233677001,Y107f,qof-copd,Scar emphysema,,,,Scar emphysema
COPD,77690003,Y107h,qof-copd,Interstit pulmonary emphysema,,,,Interstitial emphysema of lung
COPD,233723008,Y10BN,qof-copd,Bronchiolitis oblit with UIP,,,,Bronchiolitis obliterans with usual interstitial pneumonitis
COPD,719218000,Y10BN,qof-copd,Bronchiolitis oblit with UIP,,,,Cryptogenic organizing pneumonia (disorder)
COPD,4981000,YMAjG,qof-copd,Panlobular emphysema,,,,Panacinar emphysema
COPD,8.66901E+14,Yaw0N,qof-copd,Eosinophilic bronchitis,,,,Eosinophilic bronchitis (disorder)
COPD,723245007,,,Number of chronic obstructive pulmonary disease exacerbations in past year (observable entity),,,If greater than 0,Number of chronic obstructive pulmonary disease exacerbations in past year (observable entity)
Dementia,702955000,28E1.00,,Moderate cognitive impairment,,,,Moderate cognitive impairment (finding)
Dementia,702956004,28E2.00,,Severe cognitive impairment,,,,Severe cognitive impairment
Dementia,700464008,38C1300,,Assessment of psychotic and behavioural symptoms of dementia,,,,Assessment of psychotic and behavioural symptoms of dementia
Dementia,407632003,3AE3.00,,GDS level 4 - moderate cognitive decline,,,,GDS level 4 - moderate cognitive decline (finding)
Dementia,407633008,3AE4.00,,GDS level 5 - moderately severe cognitive decline,,,,GDS level 5 - moderately severe cognitive decline (finding)
Dementia,407634002,3AE5.00,,GDS level 6 - severe cognitive decline,,,,GDS level 6 - severe cognitive decline (finding)
Dementia,407635001,3AE6.00,,GDS level 7 - very severe cognitive decline,,,,GDS level 7 - very severe cognitive decline (finding)
Dementia,2.48711E+14,66h..00,,Dementia monitoring,,,,Dementia monitoring (regime/therapy)
Dementia,2.49181E+14,6AB..00,,Dementia annual review,,,,Dementia annual review (regime/therapy)
Dementia,9.38551E+14,8BM0200,,Dementia medication review,,,,Dementia medication review (procedure)
Dementia,700214004,8BPa.00,,Antipsychotic drug therapy for dementia,,,,Antipsychotic drug therapy for dementia (procedure)
Dementia,715284000,8CET.00,,Dementia leaflet given,,,,Dementia leaflet given (situation)
Dementia,9.56861E+14,8CMG200,,Review of dementia advance care plan,,,,Dementia care plan reviewed (situation)
Dementia,713580008,8CMG200,,Review of dementia advance care plan,,,,Review of advance care plan (procedure)
Dementia,736371006,8CMZ.00,,Dementia care plan,,,,Dementia care plan (record artifact)
Dementia,8.69791E+14,8CMZ.00,,Dementia care plan,,,,Dementia care plan (record artifact)
Dementia,9.56841E+14,8CMZ000,,Dementia care plan agreed,,,,Dementia care plan agreed (finding)
Dementia,9.56881E+14,8CMZ200,,Dementia care plan declined,,,,Dementia care plan declined (situation)
Dementia,9.56901E+14,8CMZ300,,Dementia care plan review declined,,,,Dementia care plan review declined (situation)
Dementia,9.59361E+14,8CMe000,,Dementia advance care plan,,,,Dementia advance care plan (record artifact)
Dementia,713600001,8CSA.00,,Dementia advance care plan agreed,,,,Agreement on advance care plan (procedure)
Dementia,7.98381E+14,8Hla.00,,Referral to dementia care advisor,,,,Referral to dementia care advisor (procedure)
Dementia,713615000,8IAe000,,Dementia advance care plan declined,,,,Advanced care planning declined (situation)
Dementia,9.59461E+14,8IAe200,,Dementia advance care plan review declined,,,,Dementia advance care plan review declined (situation)
Dementia,8.58501E+14,8T05.00,,Referral to dementia service,,,,Referral to dementia service (procedure)
Dementia,9.25461E+14,8T05000,,Referral to dementia support organisation,,,,Referral to dementia support organisation (procedure)
Dementia,9.39901E+14,8T0Y.00,,Referral to Alzheimer's Society,,,,Referral to Alzheimer's Society (procedure)
Dementia,7.13821E+14,9Ou..00,,Dementia monitoring administration,,,,Dementia monitoring administration (record artifact)
Dementia,7.15821E+14,9Ou1.00,,Dementia monitoring first letter,,,,Dementia monitoring first letter
Dementia,7.17471E+14,9Ou2.00,,Dementia monitoring second letter,,,,Dementia monitoring second letter
Dementia,7.16671E+14,9Ou3.00,,Dementia monitoring third letter,,,,Dementia monitoring third letter
Dementia,7.16221E+14,9Ou4.00,,Dementia monitoring verbal invite,,,,Dementia monitoring verbal invitation
Dementia,7.16991E+14,9Ou5.00,,Dementia monitoring telephone invite,,,,Dementia monitoring telephone invitation (procedure)
Dementia,792004,A411.,,Jakob - Creutzfeldt disease,,,,Jakob-Creutzfeldt disease
Dementia,52448006,E00..11,,Senile dementia,,,,Dementia
Dementia,191449005,E000.00,,Uncomplicated senile dementia,,,,Uncomplicated senile dementia
Dementia,12348006,E001.00,,Presenile dementia,,,,Presenile dementia
Dementia,191451009,E001000,,Uncomplicated presenile dementia,,,,Uncomplicated presenile dementia
Dementia,191452002,E001100,,Presenile dementia with delirium,,,,Presenile dementia with delirium
Dementia,191454001,E001200,,Presenile dementia with paranoia,,,,Presenile dementia with paranoia
Dementia,191455000,E001300,,Presenile dementia with depression,,,,Presenile dementia with depression
Dementia,191457008,E002.00,,Senile dementia with depressive or paranoid features,,,,Senile dementia with depressive or paranoid features
Dementia,191458003,E002000,,Senile dementia with paranoia,,,,Senile dementia with paranoia
Dementia,191459006,E002100,,Senile dementia with depression,,,,Senile dementia with depression
Dementia,191461002,E003.00,,Senile dementia with delirium,,,,Senile dementia with delirium
Dementia,429998004,E004.00,,Arteriosclerotic dementia,,,,Vascular dementia (disorder)
Dementia,56267009,E004.00,,Arteriosclerotic dementia,,,,Multi-infarct dementia
Dementia,191463004,E004000,,Uncomplicated arteriosclerotic dementia,,,,Uncomplicated arteriosclerotic dementia
Dementia,191464005,E004100,,Arteriosclerotic dementia with delirium,,,,Arteriosclerotic dementia with delirium
Dementia,191465006,E004200,,Arteriosclerotic dementia with paranoia,,,,Arteriosclerotic dementia with paranoia
Dementia,191466007,E004300,,Arteriosclerotic dementia with depression,,,,Arteriosclerotic dementia with depression
Dementia,231438001,E00y.00,,Other senile and presenile organic psychoses,,,,Presbyophrenic psychosis
Dementia,268612007,E00y.00,,Other senile and presenile organic psychoses,,,,Senile and presenile organic psychotic conditions
Dementia,191493005,E02y100,,Drug-induced dementia,,,,Drug-induced dementia
Dementia,191519005,E041.00,,Dementia in conditions EC,,,,Dementia in conditions EC
Dementia,26929004,Eu00.00,,[X]Dementia in Alzheimer's disease,,,,Alzheimer's disease
Dementia,416780008,Eu00011,,"[X]Presenile dementia,Alzheimer's type",,,,"Primary degenerative dementia of the Alzheimer type, presenile onset (disorder)"
Dementia,6475002,Eu00013,,[X]Alzheimer's disease type 2,,,,"Primary degenerative dementia of the Alzheimer type, presenile onset, uncomplicated"
Dementia,416975007,Eu00100,,[X]Dementia in Alzheimer's disease with late onset,,,,"Primary degenerative dementia of the Alzheimer type, senile onset (disorder)"
Dementia,66108005,Eu00111,,[X]Alzheimer's disease type 1,,,,"Primary degenerative dementia of the Alzheimer type, senile onset, uncomplicated"
Dementia,4.19261E+14,Eu00200,,"[X]Dementia in Alzheimer's dis, atypical or mixed type",,,,"[X]Dementia in Alzheimer's dis, atypical or mixed type (disorder)"
Dementia,230285003,Eu01000,,[X]Vascular dementia of acute onset,,,,Vascular dementia of acute onset
Dementia,230286002,Eu01200,,[X]Subcortical vascular dementia,,,,Subcortical vascular dementia
Dementia,230287006,Eu01300,,[X]Mixed cortical and subcortical vascular dementia,,,,Mixed cortical and subcortical vascular dementia
Dementia,111479008,Eu02.00,,[X]Dementia in other diseases classified elsewhere,,,,Organic mental disorder
Dementia,2.1921E+13,Eu02000,,[X]Dementia in Pick's disease,,,,Dementia due to Pick's disease
Dementia,429458009,Eu02100,,[X]Dementia in Creutzfeldt-Jakob disease,,,,Dementia due to Creutzfeldt Jakob disease (disorder)
Dementia,442344002,Eu02200,,[X]Dementia in Huntington's disease,,,,Dementia due to Huntington chorea
Dementia,425390006,Eu02300,,[X]Dementia in Parkinson's disease,,,,Dementia associated with Parkinson's Disease (disorder)
Dementia,421529006,Eu02400,,[X]Dementia in human immunodef virus [HIV] disease,,,,Dementia associated with AIDS (disorder)
Dementia,80098002,Eu02500,,[X]Lewy body dementia,,,,Diffuse Lewy body disease
Dementia,312991009,Eu02500,,[X]Lewy body dementia,,,,Senile dementia of the Lewy body type
Dementia,2.2381E+13,Eu02z14,,[X] Senile dementia NOS,,,,Primary degenerative dementia
Dementia,279982005,Eu02z14,,[X] Senile dementia NOS,,,,Cerebral degeneration presenting primarily with dementia
Dementia,15662003,Eu02z14,,[X] Senile dementia NOS,,,,Senile dementia
Dementia,371026009,Eu02z14,,[X] Senile dementia NOS,,,,Senile dementia with psychosis (disorder)
Dementia,13092008,F111.,,Pick's disease,,,,Pick's disease
Dementia,192818008,F11x7,,Cerebral degen.-Jakob-Creutzf.,,,,Cerebral degeneration due to Creutzfeldt-Jakob disease
Dementia,230265002,X002y,,Famil Alzheimer dis erly onset,,,,Familial Alzheimer's disease of early onset
Dementia,230266001,X002z,,Non-fam Alzheimer dis erly ons,,,,Non-familial Alzheimer's disease of early onset
Dementia,230267005,X0031,,Fam Alzheimer dis of late onse,,,,Familial Alzheimer's disease of late onset
Dementia,230268000,X0032,,Non-fam Alzheimer dis late ons,,,,Non-familial Alzheimer's disease of late onset
Dementia,230269008,X0033,,Focal Alzheimer's disease,,,,Focal Alzheimer's disease
Dementia,230271008,X0035,,Pick disease with Pick bodies,,,,Pick's disease with Pick bodies
Dementia,230272001,X0036,,Pick dis & Pck clls no Pck bod,,,,Pick's disease with Pick cells and no Pick bodies
Dementia,230274000,X0039,,Dem frlob + motor neuron dis,,,,Frontal lobe degeneration with motor neurone disease
Dementia,230279005,X003F,,Non-Alzheimer's prog dysphasia,,,,Non-Alzheimer's progressive dysphasia
Dementia,230280008,X003G,,Prog aphasia in Alzheim dis,,,,Progressive aphasia in Alzheimer's disease
Dementia,230282000,X003I,,Post-traumatic dementia,,,,Post-traumatic dementia
Dementia,230283005,X003J,,Dementia pugilistica,,,,Punch drunk syndrome
Dementia,230284004,X003K,,Spongiform encephalopathy,,,,Spongiform encephalopathy
Dementia,20484008,X003L,,Prion protein disease,,,,Prion disease
Dementia,67155006,X003M,,GSS-Gerst-Strauss-Scheink synd,,,,Gerstmann-Straussler-Scheinker syndrome
Dementia,724992007,X003Y,,Epileptic dementia,,,,Epileptic dementia
Dementia,278855005,Xa0sC,,Frontal lobe degeneration,,,,Frontal lobe degeneration
Dementia,304603007,XaA1S,,New variant Creutzfeldt-Jakob,,,,New variant of Creutzfeldt-Jakob disease
Dementia,713060000,XabVp,,Sporadic CJD,,,,Sporadic Creutzfeldt-Jakob disease (disorder)
Dementia,229672009,ZS7C500,,Language disorder of dementia,,,,Language disorder of dementia
Depression,366979004,1B17.00,,Depressed,5,,,Depressed mood
Depression,272022009,1B17.12,,C/O - feeling unhappy,5,,,C/O - feeling depressed
Depression,272024005,1B17.12,,C/O - feeling unhappy,5,,,C/O - feeling unhappy
Depression,310480000,1B1I100,,C/O tearfulness,5,,,C/O tearfulness
Depression,304534000,1B1P.00,,Crying,5,,,Crying
Depression,247771007,1B1P000,,Cries easily,5,,,Cries easily
Depression,394924000,1B1U.00,,Symptoms of depression,5,,,Symptoms of depression (finding)
Depression,247753000,1BP..00,,Loss of interest,5,,,Loss of interest
Depression,417523004,1BP0.00,,Loss of interest in previously enjoyable activity,5,,,Loss of interest in previously enjoyable activity (finding)
Depression,247796005,1BQ..00,,Loss of capacity for enjoyment,5,,,Loss of capacity for enjoyment
Depression,247798006,1BU..00,,Loss of hope for the future,5,,,Loss of hope for the future
Depression,307077003,1BU..00,,Loss of hope for the future,5,,,Feeling hopeless
Depression,30819006,1S40.00,,Dysphoric mood,5,,,Dysphoric mood
Depression,8.23501E+14,6658000,,Antidepressant drug treatment changed,5,,,Antidepressant drug treatment changed (situation)
Depression,7.74531E+14,6659000,,Antidepressant drug treatment started,5,,,Antidepressant drug treatment started (situation)
Depression,764639002,6659000,,Antidepressant drug treatment started,5,,,Antidepressant drug treatment started (situation)
Depression,698459008,665A000,,Antidepressant drug treatment stopped,5,,,Antidepressant drug treatment stopped
Depression,401174001,8BK0.00,,Depression management programme,5,,,Depression management programme (regime/therapy)
Depression,415044007,8CAa.00,,Patient given advice about management of depression,5,,,Patient given advice about management of depression (regime/therapy)
Depression,1.99111E+14,8HHq.00,,Referral for guided self-help for depression,5,,,Referral for guided self-help for depression (procedure)
Depression,413972000,9H90.00,,Depression annual review,5,,,Depression annual review (finding)
Depression,413974004,9H91.00,,Depression medication review,5,,,Depression medication review (procedure)
Depression,413973005,9H92.00,,Depression interim review,5,,,Depression interim review (finding)
Depression,413169006,9HA0.00,,On depression register,5,,,On depression register (finding)
Depression,7.13831E+14,9Ov..00,,Depression monitoring administration,5,,,Depression monitoring administration (record artifact)
Depression,7.17211E+14,9Ov0.00,,Depression monitoring first letter,5,,,Depression monitoring first letter (procedure)
Depression,7.16681E+14,9Ov1.00,,Depression monitoring second letter,5,,,Depression monitoring second letter
Depression,7.16961E+14,9Ov2.00,,Depression monitoring third letter,5,,,Depression monitoring third letter (procedure)
Depression,7.17261E+14,9Ov3.00,,Depression monitoring verbal invite,5,,,Depression monitoring verbal invitation (procedure)
Depression,7.16421E+14,9Ov4.00,,Depression monitoring telephone invite,5,,,Depression monitoring telephone invitation
Depression,1.66291E+14,9k4..00,,Depression - enhanced services administration,5,,,Depression - enhanced services administration
Depression,1.66481E+14,9k40.00,,Depression - enhanced service completed,5,,,Depression - enhanced service completed
Depression,3.61761E+14,9kQ..00,,On full dose long term treatment depression - enh serv admin,5,,,On full dose long term treatment for depression - enhanced services administration (procedure)
Depression,191495003,E02y300,,Drug-induced depressive state,5,,,Drug-induced depressive state
Depression,23645006,E03y200,,Organic affective syndrome,5,,,Organic mood disorder
Depression,231499006,E112.11,,Agitated depression,5,,,Endogenous depression first episode
Depression,83458005,E112.11,,Agitated depression,5,,,Agitated depression
Depression,300706003,E112.12,,Endogenous depression first episode,5,,,Endogenous depression
Depression,268620009,E112.13,,Endogenous depression first episode,5,,,Single major depressive episode
Depression,36923009,E112.14,,Endogenous depression,5,,,"Major depression, single episode"
Depression,191601008,E112100,,"Single major depressive episode, mild",5,,,"Single major depressive episode, mild"
Depression,79298009,E112100,,"Single major depressive episode, mild",5,,,"Mild major depression, single episode"
Depression,15639000,E112200,,"Single major depressive episode, moderate",5,,,"Moderate major depression, single episode"
Depression,191602001,E112200,,"Single major depressive episode, moderate",5,,,"Single major depressive episode, moderate"
Depression,7.64631E+14,E112300,,"Single major depressive episode, severe, without psychosis",5,,,"Single major depressive episode, severe"
Depression,2.51E+11,E112300,,"Single major depressive episode, severe, without psychosis",5,,,"Severe major depression, single episode"
Depression,191604000,E112400,,"Single major depressive episode, severe, with psychosis",5,,,"Single major depressive episode, severe, with psychosis"
Depression,70747007,E112500,,"Single major depressive episode, partial or unspec remission",5,,,"Major depression single episode, in partial remission"
Depression,7.64711E+14,E112500,,"Single major depressive episode, partial or unspec remission",5,,,"Single major depressive episode, in remission"
Depression,274948002,E113.11,,Endogenous depression - recurrent,5,,,Endogenous depression - recurrent
Depression,268621008,E113.11,,Endogenous depression - recurrent,5,,,Recurrent major depressive episodes
Depression,191610000,E113100,,"Recurrent major depressive episodes, mild",5,,,"Recurrent major depressive episodes, mild"
Depression,191611001,E113200,,"Recurrent major depressive episodes, moderate",5,,,"Recurrent major depressive episodes, moderate"
Depression,7.64611E+14,E113300,,"Recurrent major depressive episodes, severe, no psychosis",5,,,"Recurrent major depressive episodes, severe"
Depression,191613003,E113400,,"Recurrent major depressive episodes, severe, with psychosis",5,,,"Recurrent major depressive episodes, severe, with psychosis"
Depression,7.64691E+14,E113500,,"Recurrent major depressive episodes,partial/unspec remission",5,,,"Recurrent major depressive episodes, in partial remission"
Depression,46244001,E113600,,"Recurrent major depressive episodes, in full remission",5,,,Recurrent major depression in complete remission
Depression,191615005,E113600,,"Recurrent major depressive episodes, in full remission",5,,,"Recurrent major depressive episodes, in full remission"
Depression,191616006,E113700,,Recurrent depression,5,,,Recurrent depression
Depression,247803002,E118.00,,Seasonal affective disorder,5,,,Seasonal affective disorder
Depression,191659001,E11y200,,Atypical depressive disorder,5,,,Atypical depressive disorder
Depression,231500002,E11z200,,Masked depression,5,,,Masked depression
Depression,191676002,E130.00,,Reactive depressive psychosis,5,,,Reactive depressive psychosis
Depression,58703003,E204.00,,Neurotic depression reactive type,5,,,Postpartum depression
Depression,87414006,E204.00,,Neurotic depression reactive type,5,,,Reactive depression (situational)
Depression,192046006,E290z00,,Brief depressive reaction NOS,5,,,Brief depressive adjustment reaction
Depression,192049004,E291.00,,Prolonged depressive reaction,5,,,Prolonged depressive adjustment reaction
Depression,35489007,E2B..00,,Depressive disorder NEC,5,,,Depressive disorder
Depression,192079006,E2B0.00,,Postviral depression,5,,,Postviral depression
Depression,192080009,E2B1.00,,Chronic depression,5,,,Chronic depression
Depression,46206005,Eu3..00,,[X]Mood - affective disorders,5,,,Mood disorder
Depression,4.30421E+14,Eu32000,,[X]Mild depressive episode,5,,,[X]Mild depressive episode (disorder)
Depression,310495003,Eu32000,,[X]Mild depressive episode,5,,,Mild depression
Depression,4.65441E+14,Eu32100,,[X]Moderate depressive episode,5,,,[X]Moderate depressive episode (disorder)
Depression,310496002,Eu32100,,[X]Moderate depressive episode,5,,,Moderate depression
Depression,310497006,Eu32200,,[X]Severe depressive episode without psychotic symptoms,5,,,Severe depression
Depression,3.97701E+14,Eu32213,,[X]Single episode vital depression w'out psychotic symptoms,5,,,[X]Severe depressive episode without psychotic symptoms (disorder)
Depression,4.01211E+14,Eu32213,,[X]Single episode vital depression w'out psychotic symptoms,5,,,[X] Single episode major depression without psychotic symptoms (disorder)
Depression,75084000,Eu32213,,[X]Single episode vital depression w'out psychotic symptoms,5,,,Severe major depression without psychotic features
Depression,4.55731E+14,Eu32213,,[X]Single episode vital depression w'out psychotic symptoms,5,,,[X] Single episode agitated depression without psychotic symptoms
Depression,3.97711E+14,Eu32300,,[X]Severe depressive episode with psychotic symptoms,5,,,[X]Severe depressive episode with psychotic symptoms (disorder)
Depression,2.88751E+14,Eu32311,,[X]Single episode of major depression and psychotic symptoms,5,,,"Reactive depressive psychosis, single episode"
Depression,87512008,Eu32500,,"[X]Major depression, mild",5,,,Mild major depression
Depression,832007,Eu32600,,"[X]Major depression, moderately severe",5,,,Moderate major depression
Depression,73867007,Eu32800,,"[X]Major depression, severe with psychotic symptoms",5,,,Severe major depression with psychotic features
Depression,7.55321E+14,Eu32900,,"[X]Single major depr ep, severe with psych, psych in remiss",5,,,"Single major depressive episode, severe, with psychosis, psychosis in remission (disorder)"
Depression,7.55331E+14,Eu32A00,,"[X]Recurr major depr ep, severe with psych, psych in remiss",5,,,"Recurrent major depressive episodes, severe, with psychosis, psychosis in remission (disorder)"
Depression,40379007,Eu33000,,"[X]Recurrent depressive disorder, current episode mild",5,,,Mild recurrent major depression
Depression,66344007,Eu33200,,[X]Recurr depress disorder cur epi severe without psyc sympt,5,,,Recurrent major depression
Depression,36474008,Eu33211,,[X]Endogenous depression without psychotic symptoms,5,,,Severe recurrent major depression without psychotic features
Depression,4.67361E+14,Eu33211,,[X]Endogenous depression without psychotic symptoms,5,,,"[X] Manic-depressive psychosis, depressed type without psychotic symptoms (disorder)"
Depression,28475009,Eu33316,,[X]Recurrent severe episodes/reactive depressive psychosis,5,,,Severe recurrent major depression with psychotic features
Depression,765176007,Eu33316,,[X]Recurrent severe episodes/reactive depressive psychosis,5,,,Psychosis and severe depression co-occurrent and due to bipolar affective disorder
Depression,191632009,Eu33316,,[X]Recurrent severe episodes/reactive depressive psychosis,5,,,"Bipolar affective disorder, currently depressed, severe, with psychosis"
Depression,698957003,Eu33400,,"[X]Recurrent depressive disorder, currently in remission",5,,,Depressive disorder in remission
Depression,386782008,Eu34.00,,[X]Persistent mood affective disorders,5,,,Disturbance in affect (finding)
Depression,78667006,Eu34100,,[X]Dysthymia,5,,,Dysthymia
Depression,231504006,Eu34100,,[X]Dysthymia,5,,,Mixed anxiety and depressive disorder
Depression,192362008,Eu3y011,,[X]Mixed affective episode,5,,,"Bipolar affective disorder , current episode mixed"
Depression,40568001,Eu3y100,,[X]Other recurrent mood affective disorders,5,,,Recurrent brief depressive disorder
Depression,82218004,R007z13,,[D]Postoperative depression,5,,,Postoperative depression
Diabetes mellitus,9.44141E+14,1M8..00,mar-diabetes,diabetic peripheral neuropathic pain,,,,Diabetic peripheral neuropathic pain (finding)
Diabetes mellitus,4855003,2BBF.00,mar-diabetes,retinal abnormality - diabetes related,,,,Diabetic retinopathy
Diabetes mellitus,390854003,2BBL.00,mar-diabetes,o/e - diabetic maculopathy present both eyes,,,,O/E - diabetic maculopathy present both eyes (context-dependent category)
Diabetes mellitus,408409007,2BBP.00,mar-diabetes,o/e - right eye background diabetic retinopathy,,,,O/E - right eye background diabetic retinopathy (context-dependent category)
Diabetes mellitus,408410002,2BBQ.00,mar-diabetes,o/e - left eye background diabetic retinopathy,,,,O/E - left eye background diabetic retinopathy (context-dependent category)
Diabetes mellitus,408411003,2BBR.00,mar-diabetes,o/e - right eye preproliferative diabetic retinopathy,,,,O/E - right eye preproliferative diabetic retinopathy (context-dependent category)
Diabetes mellitus,408412005,2BBS.00,mar-diabetes,o/e - left eye preproliferative diabetic retinopathy,,,,O/E - left eye preproliferative diabetic retinopathy (context-dependent category)
Diabetes mellitus,408413000,2BBT.00,mar-diabetes,o/e - right eye proliferative diabetic retinopathy,,,,O/E - right eye proliferative diabetic retinopathy (context-dependent category)
Diabetes mellitus,408414006,2BBV.00,mar-diabetes,o/e - left eye proliferative diabetic retinopathy,,,,O/E - left eye proliferative diabetic retinopathy (context-dependent category)
Diabetes mellitus,769244003,2BBW.00,mar-diabetes,o/e - right eye diabetic maculopathy,,,,Diabetic maculopathy of right eye
Diabetes mellitus,769245002,2BBX.00,mar-diabetes,o/e - left eye diabetic maculopathy,,,,Disorder of left macula co-occurrent and due to diabetes mellitus (disorder)
Diabetes mellitus,414910007,2BBk.00,mar-diabetes,o/e - right eye stable treated prolif diabetic retinopathy,,,,O/E - right eye stable treated proliferative diabetic retinopathy (context-dependent category)
Diabetes mellitus,414894003,2BBl.00,mar-diabetes,o/e - left eye stable treated prolif diabetic retinopathy,,,,O/E - left eye stable treated proliferative diabetic retinopathy (context-dependent category)
Diabetes mellitus,417677008,2BBo.00,mar-diabetes,o/e - sight threatening diabetic retinopathy,,,,O/E - sight threatening diabetic retinopathy (context-dependent category)
Diabetes mellitus,3.73041E+14,2BBr.00,mar-diabetes,impaired vision due to diabetic retinopathy,,,,Impaired vision due to diabetic retinopathy (finding)
Diabetes mellitus,280137006,2G51000,mar-diabetes,foot abnormality - diabetes related,,,,Diabetic foot
Diabetes mellitus,394673007,2G5H.00,mar-diabetes,o/e - right diabetic foot - ulcerated,,,,O/E - Right diabetic foot - ulcerated (context-dependent category)
Diabetes mellitus,394674001,2G5L.00,mar-diabetes,o/e - left diabetic foot - ulcerated,,,,O/E - Left diabetic foot - ulcerated (context-dependent category)
Diabetes mellitus,414906009,2G5V.00,mar-diabetes,o/e - right chronic diabetic foot ulcer,,,,O/E - right chronic diabetic foot ulcer (context-dependent category)
Diabetes mellitus,414890007,2G5W.00,mar-diabetes,o/e - left chronic diabetic foot ulcer,,,,O/E - left chronic diabetic foot ulcer (context-dependent category)
Diabetes mellitus,165681007,42W3.00,mar-diabetes,hb. a1c > 10% - bad control,,,,Hb. A1C > 10% - bad control
Diabetes mellitus,365845005,42c..00,mar-diabetes,hba1 - diabetic control,,,,Hemoglobin A1C - diabetic control finding
Diabetes mellitus,166928007,44V3.00,mar-diabetes,glucose tol. test diabetic,,,,Glucose tol. test diabetic
Diabetes mellitus,170742000,66A..,efi-diabetes,Diabetic monitoring,,,,Diabetic monitoring
Diabetes mellitus,170743005,66A1.00,mar-diabetes,initial diabetic assessment,,,,Initial diabetic assessment
Diabetes mellitus,170744004,66A2.00,mar-diabetes,follow-up diabetic assessment,,,,Follow-up diabetic assessment
Diabetes mellitus,170745003,66A3.00,mar-diabetes,diabetic on diet only,,,,Diabetic on diet only
Diabetes mellitus,170746002,66A4.,efi-diabetes,Diabetic on oral treatment,,,,Diabetic on oral treatment
Diabetes mellitus,170747006,66A5.00,mar-diabetes,diabetic on insulin,,,,Diabetic on insulin
Diabetes mellitus,268517006,66AA.11,mar-diabetes,injection sites - diabetic,,,,Diabetic monitoring - injection sites
Diabetes mellitus,170757007,66AD.00,mar-diabetes,fundoscopy - diabetic check,,,,Fundoscopy - diabetic check
Diabetes mellitus,170760000,66AG.00,mar-diabetes,diabetic drug side effects,,,,Diabetic drug side effects
Diabetes mellitus,170761001,66AH.00,mar-diabetes,diabetic treatment changed,,,,Diabetic treatment changed
Diabetes mellitus,170762008,66AH0,efi-diabetes,Conversion to insulin,,,,Conversion to insulin
Diabetes mellitus,8.76381E+14,66AH200,mar-diabetes,conversion to insulin by diabetes specialist nurse,,,,Conversion to insulin by diabetes specialist nurse (regime/therapy)
Diabetes mellitus,170763003,66AI.00,mar-diabetes,diabetic - good control,,,,Diabetic - good control
Diabetes mellitus,268519009,66AJ.00,mar-diabetes,diabetic - poor control,,,,Diabetic - poor control
Diabetes mellitus,11530004,66AJ.11,mar-diabetes,unstable diabetes,,,,Brittle diabetes
Diabetes mellitus,170769004,66AK.00,mar-diabetes,diabetic - cooperative patient,,,,Diabetic - cooperative patient
Diabetes mellitus,170770003,66AL.00,mar-diabetes,diabetic-uncooperative patient,,,,Diabetic-uncooperative patient
Diabetes mellitus,170771004,66AM.00,mar-diabetes,diabetic - follow-up default,,,,Diabetic - follow-up default
Diabetes mellitus,170772006,66AN.00,mar-diabetes,date diabetic treatment start,,,,Date diabetic treatment start
Diabetes mellitus,170773001,66AO.00,mar-diabetes,date diabetic treatment stopp.,,,,Date diabetic treatment stopped
Diabetes mellitus,170774007,66AP.00,mar-diabetes,diabetes: practice programme,,,,Diabetes: practice program
Diabetes mellitus,170775008,66AQ.00,mar-diabetes,diabetes: shared care programme,,,,Diabetes: shared care programme
Diabetes mellitus,5.12561E+14,66AQ000,mar-diabetes,unsuitable for diabetes year of care programme,,,,Unsuitable for diabetes year of care programme (finding)
Diabetes mellitus,5.12581E+14,66AQ100,mar-diabetes,declined consent for diabetes year of care programme,,,,Declined consent for diabetes year of care programme (finding)
Diabetes mellitus,170777000,66AS.,efi-diabetes,Diabetic annual review,,,,Diabetic annual review
Diabetes mellitus,170778005,66AT.00,mar-diabetes,annual diabetic blood test,,,,Annual diabetic blood test
Diabetes mellitus,243860001,66AU.00,mar-diabetes,diabetes care by hospital only,,,,Diabetic monitoring status
Diabetes mellitus,314194001,66AV.00,mar-diabetes,diabetic on insulin and oral treatment,,,,Diabetic on insulin and oral treatment
Diabetes mellitus,2.79291E+14,66An.00,mar-diabetes,diabetes type 1 review,,,,Diabetes type 1 review (regime/therapy)
Diabetes mellitus,2.79321E+14,66Ao.00,mar-diabetes,diabetes type 2 review,,,,Diabetes type 2 review (regime/therapy)
Diabetes mellitus,5.27691E+14,66As.00,mar-diabetes,diabetic on subcutaneous treatment,,,,Diabetic on subcutaneous treatment (finding)
Diabetes mellitus,7.54101E+14,66At000,mar-diabetes,type i diabetic dietary review,,,,Type I diabetic dietary review (regime/therapy)
Diabetes mellitus,7.54121E+14,66At100,mar-diabetes,type ii diabetic dietary review,,,,Type II diabetic dietary review (regime/therapy)
Diabetes mellitus,473208009,66Av.00,mar-diabetes,diabetic assessment of erectile dysfunction,,,,Assessment of diabetic erectile dysfunction (procedure)
Diabetes mellitus,9.28851E+14,66o1.00,mar-diabetes,enquiry about diabetic erectile dysfunction declined,,,,Enquiry about diabetic erectile dysfunction declined (situation)
Diabetes mellitus,719566006,66o2.00,mar-diabetes,diabetic on non-insulin injectable medication,,,,Diabetic on non-insulin injectable medication (finding)
Diabetes mellitus,9.76341E+14,66o5.00,mar-diabetes,diabetic on oral treatment and glucagon-like peptide 1,,,,Diabetic on oral treatment and glucagon-like peptide 1 receptor agonist (finding)
Diabetes mellitus,700414001,679L211,mar-diabetes,advice about diabetes and driving,,,,Education about diabetes and driving
Diabetes mellitus,8.29521E+14,67D8.00,mar-diabetes,provision of diabetes clinical summary,,,,Provision of diabetes clinical summary (procedure)
Diabetes mellitus,394684000,67IJ100,mar-diabetes,pre-conception advice for diabetes mellitus,,,,Diabetic pre-pregnancy counselling (regime/therapy)
Diabetes mellitus,413180006,7276,mar-diabetes,pan retinal photocoagulation for diabetes,,,,Pan retinal photocoagulation for diabetes (procedure)
Diabetes mellitus,315287002,889A.00,mar-diabetes,diab mellit insulin-glucose infus acute myocardial infarct,,,,Diabetes mellitus insulin-glucose infusion in acute myocardial infarction
Diabetes mellitus,182781000,8A13.00,mar-diabetes,diabetic stabilisation,,,,Diabetic stabilization
Diabetes mellitus,407569005,8BL2.00,mar-diabetes,patient on maximal tolerated therapy for diabetes,,,,Patient on maximal tolerated therapy for diabetes (finding)
Diabetes mellitus,183097007,8CE0.00,mar-diabetes,diabetic leaflet given,,,,Diabetic leaflet given
Diabetes mellitus,8.51501E+14,8CMW700,mar-diabetes,diabetes clinical pathway,,,,Diabetes clinical pathway (regime/therapy)
Diabetes mellitus,415744000,8CP2.00,mar-diabetes,transition of diabetes care options discussed,,,,Transition of diabetes care options discussed (procedure)
Diabetes mellitus,183472000,8H2J.00,mar-diabetes,admit diabetic emergency,,,,Admit diabetic emergency
Diabetes mellitus,183506001,8H3O.00,mar-diabetes,non-urgent diabetic admission,,,,Non-urgent diabetic admission
Diabetes mellitus,408384004,8HBG.00,mar-diabetes,diabetic retinopathy 12 month review,,,,Diabetic retinopathy 12 month review (finding)
Diabetes mellitus,183722003,8HKE.00,mar-diabetes,diabetology d.v. requested,,,,Diabetology D.V. requested
Diabetes mellitus,183751004,8HLE.00,mar-diabetes,diabetology d.v. done,,,,Diabetology D.V. done
Diabetes mellitus,183781007,8HME.00,mar-diabetes,listed for diabetology admissn,,,,Listed for Diabetology admissn
Diabetes mellitus,4.94961E+14,8HgC.00,mar-diabetes,discharged from diabetes shared care programme,,,,Discharged from diabetes shared care programme (finding)
Diabetes mellitus,9.27821E+14,8Hgd.00,mar-diabetes,discharge from secondary care diabetes service,,,,Discharge from secondary care diabetes service (procedure)
Diabetes mellitus,416135000,8I57.00,mar-diabetes,patient held diabetic record declined,,,,Patient held diabetic record declined (finding)
Diabetes mellitus,763782001,8I57.00,mar-diabetes,patient held diabetic record declined,,,,Provision of patient held diabetes record declined
Diabetes mellitus,408290003,918T.00,mar-diabetes,diabetes key contact,,,,Diabetes key contact (occupation)
Diabetes mellitus,408405001,9360,mar-diabetes,patient held diabetic record issued,,,,Patient held diabetic record issued (administrative concept)
Diabetes mellitus,2.02151E+14,93C4.00,mar-diabetes,patient consent given for addition to diabetic register,,,,Patient consent given for addition to diabetic register (finding)
Diabetes mellitus,416554009,9N0n.00,mar-diabetes,seen in community diabetes specialist clinic,,,,Seen in community diabetes specialist clinic (finding)
Diabetes mellitus,185229005,9N1Q.00,mar-diabetes,seen in diabetic clinic,,,,Seen in diabetic clinic
Diabetes mellitus,407672007,9N1i.00,mar-diabetes,seen in diabetic foot clinic,,,,Seen in diabetic foot clinic (finding)
Diabetes mellitus,1.98841E+14,9N1o.00,mar-diabetes,seen in multidisciplinary diabetic clinic,,,,Seen in multidisciplinary diabetic clinic (finding)
Diabetes mellitus,313340009,9N1v.00,mar-diabetes,seen in diabetic eye clinic,,,,Seen in diabetic eye clinic
Diabetes mellitus,312888008,9NM0.00,mar-diabetes,attending diabetes clinic,,,,Attending diabetes clinic
Diabetes mellitus,408391001,9NN8.00,mar-diabetes,under care of diabetologist,,,,Under care of diabetologist (finding)
Diabetes mellitus,3.00641E+14,9Nl4.00,mar-diabetes,seen by general practitioner special interest in diabetes,,,,Seen by general practitioner with special interest in diabetes (finding)
Diabetes mellitus,7.13671E+14,9OL..11,mar-diabetes,diabetes clinic administration,,,,Diabetes monitoring administration (record artifact)
Diabetes mellitus,7.13691E+14,9OL..11,mar-diabetes,diabetes clinic administration,,,,Diabetes clinic administration (record artifact)
Diabetes mellitus,185753003,9OL1.,efi-diabetes,Attends diabetes monitoring,,,,Attends diabetes monitoring
Diabetes mellitus,417681008,9OLD.00,mar-diabetes,diabetic patient unsuitable for digital retinal photography,,,,Diabetic patient unsuitable for digital retinal photography (finding)
Diabetes mellitus,408475000,9b92000,mar-diabetes,diabetic medicine,,,,Diabetic medicine (qualifier value)
Diabetes mellitus,73211009,C10..,efi-diabetes,Diabetes mellitus,,,,Diabetes mellitus
Diabetes mellitus,46635009,C100000,mar-diabetes,"diabetes mellitus, juvenile type, no mention of complication",,,,Insulin dependent diabetes mellitus
Diabetes mellitus,313435000,C100000,mar-diabetes,"diabetes mellitus, juvenile type, no mention of complication",,,,Type I diabetes mellitus without complication
Diabetes mellitus,44054006,C1001,efi-diabetes,"Diab mell: [adult ons, no ment comp][mat onset][non-ins dep]",,,,Diabetes mellitus type II
Diabetes mellitus,111552007,C1001,efi-diabetes,"Diab mell: [adult ons, no ment comp][mat onset][non-ins dep]",,,,Diabetes mellitus without complication
Diabetes mellitus,313436004,C1001,efi-diabetes,"Diab mell: [adult ons, no ment comp][mat onset][non-ins dep]",,,,Non-insulin-dependent diabetes mellitus without complication
Diabetes mellitus,420422005,C101.,efi-diabetes,Diabetic ketoacidosis,,,,Ketoacidosis in diabetes mellitus (disorder)
Diabetes mellitus,420270002,C1010,efi-diabetes,Type 1 diabetes mellitus with ketoacidosis,,,,Ketoacidosis in type I diabetes mellitus (disorder)
Diabetes mellitus,421750000,C101100,mar-diabetes,"diabetes mellitus, adult onset, with ketoacidosis",,,,Ketoacidosis in type II diabetes mellitus (disorder)
Diabetes mellitus,422126006,C102.,efi-diabetes,Diabetes mellitus with hyperosmolar coma,,,,Hyperosmolar coma associated with diabetes mellitus (disorder)
Diabetes mellitus,310505005,C102.,efi-diabetes,Diabetes mellitus with hyperosmolar coma,,,,Diabetic hyperosmolar non-ketotic state
Diabetes mellitus,190330002,C102000,mar-diabetes,"diabetes mellitus, juvenile type, with hyperosmolar coma",,,,"Diabetes mellitus, juvenile type, with hyperosmolar coma"
Diabetes mellitus,190331003,C102100,mar-diabetes,"diabetes mellitus, adult onset, with hyperosmolar coma",,,,"Diabetes mellitus, adult onset, with hyperosmolar coma"
Diabetes mellitus,26298008,C103.,efi-diabetes,Diabetes mellitus with ketoacidotic coma,,,,Diabetic coma with ketoacidosis
Diabetes mellitus,421075007,C1030,efi-diabetes,Type 1 diabetes mellitus with ketoacidotic coma,,,,Ketoacidotic coma in type I diabetes mellitus (disorder)
Diabetes mellitus,421847006,C1031,efi-diabetes,Type II diabetes mellitus with ketoacidotic coma,,,,Ketoacidotic coma in type II diabetes mellitus (disorder)
Diabetes mellitus,420662003,C103y00,mar-diabetes,other specified diabetes mellitus with coma,,,,Coma associated with diabetes mellitus (disorder)
Diabetes mellitus,127013003,C104.00,mar-diabetes,diabetes mellitus with renal manifestation,,,,Diabetic renal disease
Diabetes mellitus,420279001,C104100,mar-diabetes,"diabetes mellitus, adult onset, with renal manifestation",,,,Renal disorder associated with type II diabetes mellitus (disorder)
Diabetes mellitus,25093002,C105.,efi-diabetes,Diabetes mellitus with ophthalmic manifestation,,,,Diabetic oculopathy
Diabetes mellitus,739681000,C105000,mar-diabetes,"diabetes mellitus, juvenile type, + ophthalmic manifestation",,,,Diabetic oculopathy due to type I diabetes mellitus
Diabetes mellitus,422099009,C105100,mar-diabetes,"diabetes mellitus, adult onset, + ophthalmic manifestation",,,,Diabetic oculopathy associated with type II diabetes mellitus (disorder)
Diabetes mellitus,422088007,C106.13,mar-diabetes,diabetes mellitus with polyneuropathy,,,,Neurologic disorder associated with diabetes mellitus (disorder)
Diabetes mellitus,421895002,C107.,efi-diabetes,Diabetes mellitus with: [gangrene] or [periph circul disord],,,,Peripheral circulatory disorder associated with diabetes mellitus (disorder)
Diabetes mellitus,422275004,C107.00,mar-diabetes,diabetes mellitus with peripheral circulatory disorder,,,,Gangrene associated with diabetes mellitus (disorder)
Diabetes mellitus,422166005,C107100,mar-diabetes,"diabetes mellitus, adult, + peripheral circulatory disorder",,,,Peripheral circulatory disorder associated with type II diabetes mellitus (disorder)
Diabetes mellitus,421631007,C107200,mar-diabetes,"diabetes mellitus, adult with gangrene",,,,Gangrene associated with type II diabetes mellitus (disorder)
Diabetes mellitus,421893009,C1080,efi-diabetes,Type I diabetes mellitus with renal complications,,,,Renal disorder associated with type I diabetes mellitus (disorder)
Diabetes mellitus,421165007,C108112,mar-diabetes,type 1 diabetes mellitus with ophthalmic complications,,,,Diabetic oculopathy associated with type I diabetes mellitus (disorder)
Diabetes mellitus,421468001,C1082,efi-diabetes,Type I diabetes mellitus with neurological complications,,,,Neurological disorder associated with type I diabetes mellitus (disorder)
Diabetes mellitus,422228004,C1083,efi-diabetes,Type I diabetes mellitus with multiple complications,,,,Multiple complications of type I diabetes mellitus (disorder)
Diabetes mellitus,3.85041E+14,C1083,efi-diabetes,Type I diabetes mellitus with multiple complications,,,,Diabetes mellitus with multiple complications
Diabetes mellitus,290002008,C108400,mar-diabetes,unstable insulin dependent diabetes mellitus,,,,Unstable type I diabetes mellitus
Diabetes mellitus,422183001,C108500,mar-diabetes,insulin dependent diabetes mellitus with ulcer,,,,Skin ulcer associated with diabetes mellitus (disorder)
Diabetes mellitus,190368000,C108512,mar-diabetes,type 1 diabetes mellitus with ulcer,,,,Type I diabetes mellitus with ulcer
Diabetes mellitus,190369008,C1086,efi-diabetes,Type I diabetes mellitus with gangrene,,,,Type 1 diabetes mellitus with gangrene
Diabetes mellitus,420825003,C1086,efi-diabetes,Type I diabetes mellitus with gangrene,,,,Gangrene associated with type I diabetes mellitus (disorder)
Diabetes mellitus,420789003,C1087,efi-diabetes,Type I diabetes mellitus with retinopathy,,,,Diabetic retinopathy associated with type I diabetes mellitus (disorder)
Diabetes mellitus,444073006,C108800,mar-diabetes,insulin dependent diabetes mellitus - poor control,,,,Type I diabetes mellitus uncontrolled (finding)
Diabetes mellitus,190372001,C1089,efi-diabetes,Type I diabetes mellitus maturity onset,,,,Type I diabetes mellitus maturity onset
Diabetes mellitus,230577008,C108B00,mar-diabetes,insulin dependent diabetes mellitus with mononeuropathy,,,,Diabetic mononeuropathy
Diabetes mellitus,420918009,C108B11,mar-diabetes,type i diabetes mellitus with mononeuropathy,,,,Mononeuropathy associated with type I diabetes mellitus (disorder)
Diabetes mellitus,713705003,C108C00,mar-diabetes,insulin dependent diabetes mellitus with polyneuropathy,,,,Polyneuropathy due to type 1 diabetes mellitus
Diabetes mellitus,49455004,C108C00,mar-diabetes,insulin dependent diabetes mellitus with polyneuropathy,,,,Diabetic polyneuropathy
Diabetes mellitus,314771006,C108E00,mar-diabetes,insulin dependent diabetes mellitus with hypoglycaemic coma,,,,Type 1 diabetes mellitus with hypoglycaemic coma
Diabetes mellitus,237632004,C108E11,mar-diabetes,type i diabetes mellitus with hypoglycaemic coma,,,,Hypoglycaemic event in diabetes
Diabetes mellitus,421920002,C108F00,mar-diabetes,insulin dependent diabetes mellitus with diabetic cataract,,,,Diabetic cataract associated with type I diabetes mellitus (disorder)
Diabetes mellitus,3.1211E+13,C108G00,mar-diabetes,insulin dependent diab mell with peripheral angiopathy,,,,Peripheral vascular disease due to type I diabetes
Diabetes mellitus,421365002,C108G00,mar-diabetes,insulin dependent diab mell with peripheral angiopathy,,,,Peripheral circulatory disorder associated with type I diabetes mellitus (disorder)
Diabetes mellitus,314893005,C108H00,mar-diabetes,insulin dependent diabetes mellitus with arthropathy,,,,Type 1 diabetes mellitus with arthropathy
Diabetes mellitus,7.1771E+13,C108J00,mar-diabetes,insulin dependent diab mell with neuropathic arthropathy,,,,Type 1 diabetes mellitus with neuropathic arthropathy
Diabetes mellitus,201724008,C108J11,mar-diabetes,type i diabetes mellitus with neuropathic arthropathy,,,,Diabetic Charcot's arthropathy
Diabetes mellitus,421326000,C109200,mar-diabetes,non-insulin-dependent diabetes mellitus with neuro comps,,,,Neurologic disorder associated with type II diabetes mellitus (disorder)
Diabetes mellitus,190388001,C109312,mar-diabetes,type 2 diabetes mellitus with multiple complications,,,,Type II diabetes mellitus with multiple complications
Diabetes mellitus,190389009,C109400,mar-diabetes,non-insulin dependent diabetes mellitus with ulcer,,,,Type 2 diabetes mellitus with ulcer
Diabetes mellitus,422034002,C109600,mar-diabetes,non-insulin-dependent diabetes mellitus with retinopathy,,,,Diabetic retinopathy associated with type II diabetes mellitus (disorder)
Diabetes mellitus,443694000,C1097,efi-diabetes,Type II diabetes mellitus - poor control,,,,Type II diabetes mellitus uncontrolled (finding)
Diabetes mellitus,420436000,C109A00,mar-diabetes,non-insulin dependent diabetes mellitus with mononeuropathy,,,,Mononeuropathy associated with type II diabetes mellitus (disorder)
Diabetes mellitus,713706002,C109B00,mar-diabetes,non-insulin dependent diabetes mellitus with polyneuropathy,,,,Polyneuropathy due to type 2 diabetes mellitus
Diabetes mellitus,719216001,C109D00,mar-diabetes,non-insulin dependent diabetes mellitus with hypoglyca coma,,,,Hypoglycemic coma co-occurrent and due to diabetes mellitus type II (disorder)
Diabetes mellitus,420756003,C109E00,mar-diabetes,non-insulin depend diabetes mellitus with diabetic cataract,,,,Diabetic cataract associated with type II diabetes mellitus (disorder)
Diabetes mellitus,314902007,C109F00,mar-diabetes,non-insulin-dependent d m with peripheral angiopath,,,,Type II diabetes mellitus with peripheral angiopathy
Diabetes mellitus,314903002,C109G00,mar-diabetes,non-insulin dependent diabetes mellitus with arthropathy,,,,Non-insulin dependent diabetes mellitus with arthropathy
Diabetes mellitus,314904008,C109H00,mar-diabetes,non-insulin dependent d m with neuropathic arthropathy,,,,Type II diabetes mellitus with neuropathic arthropathy
Diabetes mellitus,237599002,C109J00,mar-diabetes,insulin treated type 2 diabetes mellitus,,,,Insulin-treated non-insulin-dependent diabetes mellitus
Diabetes mellitus,395204000,C109K00,mar-diabetes,hyperosmolar non-ketotic state in type 2 diabetes mellitus,,,,Hyperosmolar non-ketotic state in type 2 diabetes mellitus (disorder)
Diabetes mellitus,75524006,C10A.00,mar-diabetes,malnutrition-related diabetes mellitus,,,,Malnutrition related diabetes mellitus
Diabetes mellitus,420996007,C10A000,mar-diabetes,malnutrition-related diabetes mellitus with coma,,,,Coma associated with malnutrition-related diabetes mellitus (disorder)
Diabetes mellitus,190406000,C10A1,efi-diabetes,Malnutrition-related diabetes mellitus with ketoacidosis,,,,Malnutrition-related diabetes mellitus with ketoacidosis
Diabetes mellitus,190410002,C10A500,mar-diabetes,malnutritn-relat diabetes melitus wth periph circul complctn,,,,Malnutrition-related diabetes mellitus with peripheral circulatory complications
Diabetes mellitus,190447002,C10B.00,mar-diabetes,diabetes mellitus induced by steroids,5,,,Steroid-induced diabetes
Diabetes mellitus,190416008,C10B0,efi-diabetes,Steroid-induced diabetes mellitus without complication,5,,,Steroid-induced diabetes mellitus without complication
Diabetes mellitus,609561005,C10C.00,mar-diabetes,diabetes mellitus autosomal dominant,,,,Maturity-onset diabetes of the young (disorder)
Diabetes mellitus,237604008,C10D.00,mar-diabetes,diabetes mellitus autosomal dominant type 2,,,,Diabetes mellitus autosomal dominant type II
Diabetes mellitus,19429009,C10E500,mar-diabetes,type 1 diabetes mellitus with ulcer,,,,Chronic ulcer of skin
Diabetes mellitus,39710007,C10EH00,mar-diabetes,type 1 diabetes mellitus with arthropathy,,,,Arthropathy associated with an endocrine AND/OR metabolic disorder
Diabetes mellitus,420514000,C10EK00,mar-diabetes,type 1 diabetes mellitus with persistent proteinuria,,,,Persistent proteinuria associated with type I diabetes mellitus (disorder)
Diabetes mellitus,401110002,C10EL00,mar-diabetes,type 1 diabetes mellitus with persistent microalbuminuria,,,,Type 1 diabetes mellitus with persistent microalbuminuria (disorder)
Diabetes mellitus,420486006,C10EP00,mar-diabetes,type 1 diabetes mellitus with exudative maculopathy,,,,Exudative maculopathy associated with type I diabetes mellitus (disorder)
Diabetes mellitus,713702000,C10EQ00,mar-diabetes,type 1 diabetes mellitus with gastroparesis,,,,Gastroparesis due to type 1 diabetes mellitus
Diabetes mellitus,421986006,C10FL11,mar-diabetes,type ii diabetes mellitus with persistent proteinuria,,,,Persistent proteinuria associated with type II diabetes mellitus (disorder)
Diabetes mellitus,420715001,C10FM00,mar-diabetes,type 2 diabetes mellitus with persistent microalbuminuria,,,,Persistent microalbuminuria associated with type II diabetes mellitus (disorder)
Diabetes mellitus,421779007,C10FQ00,mar-diabetes,type 2 diabetes mellitus with exudative maculopathy,,,,Exudative maculopathy associated with type II diabetes mellitus (disorder)
Diabetes mellitus,713703005,C10FR00,mar-diabetes,type 2 diabetes mellitus with gastroparesis,,,,Gastroparesis due to type 2 diabetes mellitus (disorder)
Diabetes mellitus,3.35621E+14,C10FS00,mar-diabetes,maternally inherited diabetes mellitus,,,,Maternally inherited diabetes mellitus (disorder)
Diabetes mellitus,51002006,C10G.00,mar-diabetes,secondary pancreatic diabetes mellitus,,,,Diabetes mellitus associated with pancreatic disease
Diabetes mellitus,408540003,C10H.00,mar-diabetes,diabetes mellitus induced by non-steroid drugs,5,,,Diabetes mellitus induced by non-steroid drugs (disorder)
Diabetes mellitus,127012008,C10M.00,mar-diabetes,lipoatrophic diabetes mellitus,,,,Lipoatrophic diabetes
Diabetes mellitus,8801005,C10N.00,mar-diabetes,secondary diabetes mellitus,,,,Secondary diabetes mellitus
Diabetes mellitus,703136005,C10P.00,mar-diabetes,diabetes mellitus in remission,5,,,Diabetes mellitus in remission (disorder)
Diabetes mellitus,703137001,C10P000,mar-diabetes,type i diabetes mellitus in remission,5,,,Type I diabetes mellitus in remission (disorder)
Diabetes mellitus,703138006,C10P100,mar-diabetes,type ii diabetes mellitus in remission,5,,,Type II diabetes mellitus in remission (disorder)
Diabetes mellitus,74627003,C10y.,efi-diabetes,Diabetes mellitus with other specified manifestation,,,,Diabetic complication
Diabetes mellitus,420868002,C10z000,mar-diabetes,"diabetes mellitus, juvenile type, + unspecified complication",,,,Disorder associated with type I diabetes mellitus (disorder)
Diabetes mellitus,422014003,C10z100,mar-diabetes,"diabetes mellitus, adult onset, + unspecified complication",,,,Disorder associated with type II diabetes melliltus (disorder)
Diabetes mellitus,50620007,F1711,efi-diabetes,Diabetic autonomic neuropathy,,,,Diabetic autonomic neuropathy
Diabetes mellitus,193141005,F345000,mar-diabetes,diabetic mononeuritis multiplex,,,,Diabetic mononeuritis multiplex
Diabetes mellitus,230572002,F372.12,mar-diabetes,diabetic neuropathy,,,,Diabetic neuropathy
Diabetes mellitus,193183000,F3720,efi-diabetes,Acute painful diabetic neuropathy,,,,Acute painful diabetic neuropathy
Diabetes mellitus,193184006,F372100,mar-diabetes,chronic painful diabetic neuropathy,,,,Chronic painful diabetic neuropathy
Diabetes mellitus,193185007,F3722,efi-diabetes,Asymptomatic diabetic neuropathy,,,,Asymptomatic diabetic neuropathy
Diabetes mellitus,267604001,F381300,mar-diabetes,myasthenic syndrome due to diabetic amyotrophy,,,,Myasthenic syndrome due to diabetic amyotrophy
Diabetes mellitus,39058009,F381311,mar-diabetes,diabetic amyotrophy,,,,Diabetic amyotrophy
Diabetes mellitus,390834004,F4200,efi-diabetes,Background diabetic retinopathy,,,,Non proliferative diabetic retinopathy (disorder)
Diabetes mellitus,59276001,F420100,mar-diabetes,proliferative diabetic retinopathy,,,,Proliferative diabetic retinopathy
Diabetes mellitus,193349004,F420200,mar-diabetes,preproliferative diabetic retinopathy,,,,Preproliferative diabetic retinopathy
Diabetes mellitus,193350004,F420300,mar-diabetes,advanced diabetic maculopathy,,,,Advanced diabetic maculopathy
Diabetes mellitus,232020009,F420400,mar-diabetes,diabetic maculopathy,,,,Diabetic maculopathy
Diabetes mellitus,311782002,F420500,mar-diabetes,advanced diabetic retinal disease,,,,Advanced diabetic retinal disease
Diabetes mellitus,312907002,F420700,mar-diabetes,high risk proliferative diabetic retinopathy,,,,Proliferative diabetic retinopathy - high risk
Diabetes mellitus,312905005,F420800,mar-diabetes,high risk non proliferative diabetic retinopathy,,,,Severe non proliferative diabetic retinopathy
Diabetes mellitus,193489006,F440700,mar-diabetes,diabetic iritis,,,,Diabetic iritis
Diabetes mellitus,43959009,F464000,mar-diabetes,diabetic cataract,,,,Diabetic cataract
Diabetes mellitus,127014009,G73y000,mar-diabetes,diabetic peripheral angiopathy,,,,Diabetic peripheral angiopathy
Diabetes mellitus,197605007,K01x100,mar-diabetes,nephrotic syndrome in diabetes mellitus,,,,Nephrotic syndrome in diabetes mellitus
Diabetes mellitus,236500003,K08yA00,mar-diabetes,proteinuric diabetic nephropathy,,,,Clinical diabetic nephropathy
Diabetes mellitus,8.67891E+14,K27y700,mar-diabetes,erectile dysfunction due to diabetes mellitus,,,,Erectile dysfunction due to diabetes mellitus (disorder)
Diabetes mellitus,197679002,Kyu0300,mar-diabetes,[x]glomerular disorders in diabetes mellitus,,,,Glomerular disease
Diabetes mellitus,199223000,L180.00,mar-diabetes,diabetes mellitus during pregnancy/childbirth/puerperium,5,,,"Diabetes mellitus during pregnancy, childbirth and the puerperium"
Diabetes mellitus,199225007,L180100,mar-diabetes,diabetes mellitus during pregnancy - baby delivered,5,,,Diabetes mellitus during pregnancy - baby delivered
Diabetes mellitus,199227004,L180300,mar-diabetes,diabetes mellitus during pregnancy - baby not yet delivered,5,,,Diabetes mellitus during pregnancy - baby not yet delivered
Diabetes mellitus,199228009,L180400,mar-diabetes,diabetes mellitus in pueperium - baby previously delivered,5,,,Diabetes mellitus in the pueperium - baby delivered during previous episode of care
Diabetes mellitus,199229001,L180500,mar-diabetes,"pre-existing diabetes mellitus, insulin-dependent",,,,"Pre-existing diabetes mellitus, insulin-dependent"
Diabetes mellitus,3.85051E+14,L180500,mar-diabetes,"pre-existing diabetes mellitus, insulin-dependent",,,,Pre-existing diabetes mellitus
Diabetes mellitus,199230006,L180600,mar-diabetes,"pre-existing diabetes mellitus, non-insulin-dependent",,,,"Pre-existing diabetes mellitus, non-insulin-dependent"
Diabetes mellitus,199231005,L180700,mar-diabetes,pre-existing malnutrition-related diabetes mellitus,,,,Pre-existing malnutrition-related diabetes mellitus
Diabetes mellitus,11687002,L180800,mar-diabetes,diabetes mellitus arising in pregnancy,5,,,Gestational diabetes mellitus
Diabetes mellitus,200687002,M037200,mar-diabetes,cellulitis in diabetic foot,,,,Cellulitis in diabetic foot
Diabetes mellitus,201250006,M2710,efi-diabetes,Ischaemic ulcer diabetic foot,,,,Ischaemic ulcer diabetic foot
Diabetes mellitus,201251005,M271100,mar-diabetes,neuropathic diabetic ulcer - foot,,,,Neuropathic diabetic ulcer - foot
Diabetes mellitus,201252003,M271200,mar-diabetes,mixed diabetic ulcer - foot,,,,Mixed diabetic ulcer - foot
Diabetes mellitus,201723002,N030000,mar-diabetes,diabetic cheiroarthropathy,,,,Diabetic hand syndrome
Diabetes mellitus,49817004,Q441.00,mar-diabetes,neonatal diabetes mellitus,,,,Neonatal diabetes mellitus
Diabetes mellitus,230573007,X00Ah,efi-diabetes,Diabetic distal sensorimotor polyneuropathy,,,,Diabetic distal sensorimotor polyneuropathy
Diabetes mellitus,230574001,X00Ai,efi-diabetes,Diabetic acute painful polyneuropathy,,,,Diabetic acute painful polyneuropathy
Diabetes mellitus,230575000,X00Aj,efi-diabetes,Diabetic chronic painful polyneuropathy,,,,Diabetic chronic painful polyneuropathy
Diabetes mellitus,5969009,X40JG,,Genetic syndromes diab mell,,,,Diabetes mellitus associated with genetic syndrome
Diabetes mellitus,609562003,X40JI,efi-diabetes,Diabetes mellitus autosomal dominant,,,,"Maturity onset diabetes of the young, type 1 (disorder)"
Diabetes mellitus,284449005,X40JO,,Total lipoatrophy,,,,Berardinelli's syndrome
Diabetes mellitus,237618001,X40JY,efi-diabetes,Insulin-dependent diabetes mellitus secretory diarrhoea synd,,,,Insulin-dependent diabetes mellitus secretory diarrhoea syndrome
Diabetes mellitus,5368009,XSETK,,Drug-induced diabetes mellitus,5,,,Drug-induced diabetes mellitus
Diabetes mellitus,75682002,XSETp,,DM due to insulin receptor ab,,,,Diabetes mellitus due to insulin receptor antibodies
Diabetes mellitus,361216007,Xa0lK,efi-diabetes,Diabetic (femoral mononeuropathy) & (Diabetic amyotrophy),,,,Diabetic femoral mononeuropathy
Diabetes mellitus,308113006,XaBLn,efi-diabetes,Self-monitoring of blood glucose,,,,Self-monitoring of blood glucose
Diabetes mellitus,312856000,XaE46,efi-diabetes,Referral to diabetes nurse,,,,Referral to diabetes nurse
Diabetes mellitus,312903003,XaE5T,efi-diabetes,Mild non proliferative diabetic retinopathy,,,,Mild non proliferative diabetic retinopathy
Diabetes mellitus,312904009,XaE5U,efi-diabetes,Moderate non proliferative diabetic retinopathy,,,,Moderate non proliferative diabetic retinopathy
Diabetes mellitus,312912001,XaE5c,efi-diabetes,Diabetic macular oedema,,,,Diabetic macular edema
Diabetes mellitus,3.24301E+14,XaFmL,,Type 1 diab mell + arthropathy,,,,Arthropathy due to metabolic disorder (disorder)
Diabetes mellitus,134395001,XaIIj,efi-diabetes,Diabetic retinopathy screening,,,,Diabetic retinopathy screening
Diabetes mellitus,401191002,XaIuE,efi-diabetes,Diabetic foot examination,,,,Diabetic foot examination (regime/therapy)
Diabetes mellitus,401081006,XaIyt,efi-diabetes,Diabetic peripheral neuropathy screening,,,,Diabetic peripheral neuropathy screening (regime/therapy)
Diabetes mellitus,236499007,XaIyz,efi-diabetes,Diabetes mellitus with persistent microalbuminuria,,,,Microalbuminuric diabetic nephropathy
Diabetes mellitus,7.16911E+14,XaJ4Q,efi-diabetes,Exception reporting: diabetes quality indicators,,,,Exception reporting - diabetes quality indicators
Diabetes mellitus,7.17421E+14,XaJ4h,efi-diabetes,Excepted from diabetes qual indicators: Patient unsuitable,,,,Excepted from diabetes quality indicators - patient unsuitable
Diabetes mellitus,7.16031E+14,XaJ4i,efi-diabetes,Excepted from diabetes quality indicators: Informed dissent,,,,Excepted from diabetes quality indicators - informed dissent
Diabetes mellitus,408385003,XaJLb,efi-diabetes,Diabetic retinopathy 6 month review,,,,Diabetic retinopathy 6 month review (finding)
Diabetes mellitus,408394009,XaJO9,efi-diabetes,Under care of diabetic foot screener,,,,Under care of diabetic foot screener (finding)
Diabetes mellitus,412777005,XaJYg,efi-diabetes,Diabetes clinical management plan,,,,Diabetes clinical management plan (qualifier value)
Diabetes mellitus,736284000,XaJYg,efi-diabetes,Diabetes clinical management plan,,,,Diabetes clinical management plan
Diabetes mellitus,413183008,XaJlM,,DM ind non-ster dru withou com,5,,,Diabetes mellitus induced by non-steroid drugs without complication (disorder)
Diabetes mellitus,1.98501E+14,XaKwQ,efi-diabetes,Diabetic 6 month review,,,,Diabetic 6 month review (regime/therapy)
Diabetes mellitus,2.48161E+14,XaMFF,efi-diabetes,Referral for diabetic retinopathy screening,,,,Referral for diabetic retinopathy screening (procedure)
Diabetes mellitus,426705001,XaMzI,,Cyst fibro relat diab mellitus,,,,Diabetes mellitus associated with cystic fibrosis (disorder)
Diabetes mellitus,426875007,XaOPu,efi-diabetes,Latent autoimmune diabetes mellitus in adult,,,,Latent autoimmune diabetes mellitus in adult (disorder)
Diabetes mellitus,3.67011E+14,XaPQH,efi-diabetes,Diabetic foot screen,,,,Diabetic foot screen (regime/therapy)
Diabetes mellitus,472969004,XaXZR,efi-diabetes,H/O: diabetes mellitus type 2,,,,History of diabetes mellitus type 2 (situation)
Diabetes mellitus,472970003,XaXZv,efi-diabetes,H/O: diabetes mellitus type 1,,,,History of diabetes mellitus type 1 (situation)
Diabetes mellitus,7.73001E+14,XaXbW,efi-diabetes,Symptomatic diabetic peripheral neuropathy,,,,Symptomatic diabetic peripheral neuropathy (disorder)
Diabetes mellitus,609572000,XacoB,,Matur onset diab of yung typ 5,,,,"Maturity-onset diabetes of the young, type 5 (disorder)"
Diabetes mellitus,70694009,Y00TM,qof-diabetes,"Diab ins,diab mell,opt at,deaf",,,,Diabetes mellitus AND insipidus with optic atrophy AND deafness
Diabetes mellitus,237601000,Y41Pk,qof-diabetes,Secondary endo diab mell,,,,Secondary endocrine diabetes mellitus
Diabetes mellitus,237613005,Y41QO,qof-diabetes,Hyperproinsulinemia,,,,Hyperproinsulinaemia
Diabetes mellitus,237619009,Y41Qc,qof-diabetes,Ballinger-Wallace syndrome,,,,Ballinger-Wallace syndrome
Diabetes mellitus,190390000,YaW3A,qof-diabetes,Non-insulin dep diab mell+gang,,,,Type II diabetes mellitus with gangrene
Diabetes mellitus,421725003,YagZN,qof-diabetes,IDDM with hypoglycaemic coma,,,,Hypoglycemic coma in diabetes mellitus (disorder)
Diabetes mellitus,408539000,YamqT,qof-diabetes,Insul autoim synd without comp,,,,Insulin autoimmune syndrome (disorder)
Diabetes mellitus,415270003,YanW9,qof-diabetes,Ref DM structured educatn prog,,,,Referral to diabetes structured education programme (procedure)
Diabetes mellitus,429094000,ZC2CA00,mar-diabetes,dietary advice for type ii diabetes,,,,Dietary education for type I diabetes mellitus (procedure)
Diabetes mellitus,304752002,ZRbH.00,mar-diabetes,perceived control of insulin-dependent diabetes,,,,Perceived control of insulin-dependent diabetes
Dizziness,266994001,1491,efi-dizzy,H/O: vertigo &/or Meniere's disease,5,,,H/O: vertigo/Meniere's disease
Dizziness,275543009,1491,efi-dizzy,H/O: vertigo &/or Meniere's disease,5,,,H/O: vertigo
Dizziness,275542004,1491,efi-dizzy,H/O: vertigo &/or Meniere's disease,5,,,H/O: Meniere's disease
Dizziness,162260006,1B53.,efi-dizzy,Dizziness present,5,,,Dizziness present
Dizziness,232297009,F56..,efi-dizzy,Disorders of the vestibular system and vertiginous syndromes,,,,Disorder of inner ear
Dizziness,50438001,F561.,efi-dizzy,Other and unspecified peripheral vertigo,5,,,Peripheral vertigo
Dizziness,194355000,F5611,efi-dizzy,Benign paroxysmal positional vertigo or nystagmus,,,,Benign paroxysmal positional vertigo or nystagmus
Dizziness,13445001,F5614,efi-dizzy,Otogenic vertigo,,,,Ménière's disease
Dizziness,87118001,F561z,efi-dizzy,Other peripheral vertigo NOS,5,,,Vertiginous syndrome
Dizziness,20425006,F562.,efi-dizzy,Central vestibular vertigo,,,,Labyrinthine disorder
Dizziness,38403006,F562.,efi-dizzy,Central vestibular vertigo,,,,Vertigo of central origin
Dizziness,271789005,R004.,efi-dizzy,[D]Dizziness and giddiness,5,,,Dizziness and giddiness
Dizziness,404640003,R0040,efi-dizzy,[D]Dizziness,5,,,Dizziness (finding)
Dizziness,399153001,R0043,efi-dizzy,[D]Vertigo NOS,5,,,Vertigo (finding)
Dizziness,232284007,X00jb,efi-dizzy,Migrainous vertigo,,,,Migrainous vertigo
Dizziness,232285008,X00jc,efi-dizzy,Benign recurrent vertigo,,,,Benign recurrent vertigo
Dizziness,78977005,X00jg,efi-dizzy,Ocular vertigo,5,,,Ocular vertigo
Dizziness,232288005,X00jh,efi-dizzy,Vertebrobasilar ischaemic vertigo,,,,Vertebrobasilar ischemic vertigo
Dizziness,84769001,X00ji,efi-dizzy,Cervical vertigo,5,,,Cervical vertigo
Dizziness,7956006,X00jl,efi-dizzy,Psychogenic vertigo,5,,,Psychogenic vertigo
Dizziness,194360001,XE1A9,efi-dizzy,Central nystagmus &/or vertigo,,,,Central positional nystagmus
Dizziness,277491009,Xa0Qo,efi-dizzy,Peripheral positional vertigo,5,,,Peripheral positional vertigo
Dizziness,95815000,Xa0Qp,efi-dizzy,Central positional vertigo,,,,Central positional vertigo
Dizziness,111541001,Xa9Bo,efi-dizzy,Benign paroxysmal positional vertigo,,,,Benign paroxysmal positional vertigo
Dizziness,307674009,XaBCM,efi-dizzy,Benign paroxysmal positional vertigo nystagmus,,,,Benign paroxysmal positional vertigo nystagmus
Dizziness,315018008,XaFsA,efi-dizzy,Dizzy spells,5,,,Dizzy spells
Dressing & grooming problems,704440004,0.392,,Dependent for grooming,,,,Dependent for personal grooming
Dressing & grooming problems,129065005,0.395,,Dependent for dressing,,,,Needs assistance in putting on clothes or stays undressed
Dressing & grooming problems,129039006,3951,efi-grooming,Needs help with dressing,,,,Dressing assisted
Dressing & grooming problems,284775008,Xa2u7,efi-grooming,Unable to perform personal care activity,,,,Unable to perform personal care activity
Dressing & grooming problems,284835009,Xa2v4,,Unable to clean own mouth,,,,Unable to clean own mouth
Dressing & grooming problems,284838006,Xa2v7,,Difficulty cleaning own mouth,,,,Difficulty cleaning own mouth
Dressing & grooming problems,284841002,Xa2vA,,Unable to clean teeth,,,,Unable to clean own teeth
Dressing & grooming problems,284844005,Xa2vD,,Difficulty cleaning teeth,,,,Difficulty cleaning own teeth
Dressing & grooming problems,284847003,Xa2vG,,Unable to clean false teeth,,,,Unable to clean dentures
Dressing & grooming problems,284850000,Xa2vJ,,Diff cleaning false teeth,,,,Difficulty cleaning own dentures
Dressing & grooming problems,704436008,Xa2vQ,,Unab perform grooming activity,,,,Unable to perform personal grooming activity (finding)
Dressing & grooming problems,704439001,Xa2vT,,Diff perform grooming activity,,,,Difficulty performing personal grooming activity
Dressing & grooming problems,284868002,Xa2vZ,,Difficulty washing hair,,,,Difficulty washing hair
Dressing & grooming problems,284880005,Xa2vl,,Difficulty cutting toenails,,,,Difficulty cutting own toenails
Dressing & grooming problems,284886004,Xa2vr,,Difficulty cutting fingernail,,,,Difficulty cutting fingernail
Dressing & grooming problems,284889006,Xa2vu,,Unable to shave self,,,,Unable to shave
Dressing & grooming problems,284892005,Xa2vx,,Difficulty shaving,,,,Difficulty shaving
Dressing & grooming problems,289125004,Xa4NR,,Unable perform mouthcare activ,,,,Unable to perform mouthcare activities
Dressing & grooming problems,289128002,Xa4NU,,Diff perform mouthcare activ,,,,Difficulty performing mouthcare activities
Dressing & grooming problems,289130000,Xa4NW,,Unable perform haircare activ,,,,Unable to perform haircare activities
Dressing & grooming problems,289978001,Xa4fd,,Diff perform nail care activ,,,,Difficulty performing nail care activities
Dyspnoea,267036007,173..,efi-dyspnoea,(Symptom: [SOB]/[breathless]/[dyspnoea]) or (breathlessness),5,,,Dyspnea
Dyspnoea,161939006,1732,efi-dyspnoea,Breathless - moderate exertion,5,,,Breathless - moderate exertion
Dyspnoea,161940008,1733,efi-dyspnoea,Breathless - mild exertion,5,,,Breathless - mild exertion
Dyspnoea,161941007,1734,efi-dyspnoea,Dyspnoea at rest,5,,,Breathless - at rest
Dyspnoea,230145002,1738,efi-dyspnoea,Difficulty breathing,5,,,Difficulty breathing
Dyspnoea,162890008,2322,efi-dyspnoea,O/E - dyspnoea,5,,,O/E - dyspnea
Dyspnoea,60845006,X76Gz,efi-dyspnoea,Dyspnoea on exertion,5,,,Exertional dyspnea
Dyspnoea,391125004,XaIUn,efi-dyspnoea,MRC Breathlessness Scale: grade 4,,,,MRC Breathlessness Scale: grade 4 (finding)
Environment problems,84478008,8F3..,efi-environment,Occupational therapy,,,,Occupational therapy
Environment problems,183343000,8F31.,efi-environment,Occupational need assessment,,,,Occupational need assessment
Environment problems,185287009,9N2A.,efi-environment,Seen by occupational therapist,,,,Seen by occupational therapist
Environment problems,228653003,Ub0sy,efi-environment,Occupational therapy home visit,,,,Occupational therapy home visit
Environment problems,305605005,XaARJ,efi-environment,Under care of occupational therapist,,,,Under care of occupational therapist
Environment problems,306166004,XaAda,efi-environment,Referral to occupational therapy service,,,,Referral to occupational therapy service
Environment problems,370875004,XaAwF,efi-environment,Advice relating to equipment and appliances,,,,Assistive device education (procedure)
Environment problems,410155007,Y3362,efi-environment,Occupational therapy assessment,,,,Occupational therapy assessment (regime/therapy)
Faecal incontinence,72042002,19E3.,efi-faecal,Incontinent of faeces (& symptom),,,,Alteration in bowel elimination: incontinence
Faecal incontinence,271839005,R0761,efi-faecal,[D]Sphincter ani incontinence,,,,Sphincter ani incontinence
Faecal incontinence,386707000,X30C1,efi-faecal,Idiopathic faecal incontinence,,,,Idiopathic fecal incontinence (finding)
Faecal incontinence,236080009,X30C2,efi-faecal,Neuromyopathic faecal incontinence,,,,Neuromyopathic fecal incontinence
Faecal incontinence,78459008,X30C5,efi-faecal,Double incontinence,,,,Total incontinence
Falls,161898004,16D..,efi-falls,Falls,,55,,Falls
Falls,1912002,16D..,efi-falls,Falls,,55,,Fall
Falls,213911003,T04..,clegg-falls,"Fall in, on, or from train",,55,,"Fall in, on, or from train"
Falls,213912005,T040.,clegg-falls,Fall in train,,55,,Fall in train
Falls,213917004,T041.,clegg-falls,Fall on train,,55,,Fall on train
Falls,213925002,T042.,clegg-falls,Fall from train,,55,,Fall from train
Falls,214436006,T170.,clegg-falls,Noncollision motor vehicle traffic accident involving fall down stairs of motor bus while boarding or alighting,,55,,Noncollision motor vehicle traffic accident involving fall down stairs of motor bus while boarding or alighting
Falls,214447004,T171.,clegg-falls,Noncollision motor vehicle traffic accident involving fall from car in street while boarding or alighting,,55,,Noncollision motor vehicle traffic accident involving fall from car in street while boarding or alighting
Falls,242089005,T335.,clegg-falls,Fall in road vehicle NEC,,55,,Traffic accident on public road
Falls,215633002,T43..,clegg-falls,Fall on stairs or ladders in water transport,5,55,,Fall on stairs or ladders in water transport
Falls,215634008,T430.,clegg-falls,Fall on stairs in water transport (WT),5,55,,Fall on stairs in water transport
Falls,215644005,T431.,clegg-falls,Fall on ladder in water transport,5,55,,Fall on ladder in water transport
Falls,242182003,T43z.,clegg-falls,"Fall on stairs or ladders in water transport, NOS",5,55,,Fall on board vessel without accident to vessel
Falls,242408008,T440.,clegg-falls,Fall from one level to another NEC in water transport,5,55,,Fall from one level to another
Falls,216107001,T53..,clegg-falls,"Fall in, on, or from aircraft",5,55,,"Fall in, on, or from aircraft"
Falls,216131006,T532.,clegg-falls,Fall in aircraft,5,55,,Fall while on board aircraft
Falls,216154002,T534.,clegg-falls,Fall from aircraft,5,55,,Fall from aircraft
Falls,216293001,T60E.,clegg-falls,"Accident involving fall from powered vehicle, used solely within the buildings and premises of an industrial or commercial establishment",5,55,,"Accident involving fall from powered vehicle, used solely within the buildings and premises of an industrial or commercial establishment"
Falls,216302002,T613.,clegg-falls,"Accident involving fall from cable car, not on rails",5,55,,"Accident caused by fall from cable car, not on rails"
Falls,217082002,TC...,efi-falls,Accidental fall,,55,,Accidental fall
Falls,217083007,TC0..,clegg-falls,Fall on or from stairs or steps,,55,,Fall on or from stairs or steps
Falls,217084001,TC00.,clegg-falls,Fall on or from escalator,,55,,Fall on or from escalator
Falls,67223001,TC000,clegg-falls,Fall on escalator,,55,,Fall on escalator
Falls,217086004,TC001,clegg-falls,Fall from escalator,,55,,Fall from escalator
Falls,217088003,TC01.,clegg-falls,Fall on or from stairs,,55,,Fall on or from stairs
Falls,414190009,TC010,clegg-falls,Fall on stairs,,55,,Fall on stairs (finding)
Falls,217090002,TC011,clegg-falls,Fall from stairs,,55,,Fall from stairs
Falls,217092005,TC02.,clegg-falls,Fall on or from steps,,55,,Fall on or from steps
Falls,217093000,TC020,clegg-falls,Fall on steps,,55,,Fall on steps
Falls,217094006,TC021,clegg-falls,Fall from steps,,55,,Fall from steps
Falls,86591008,TC10.,clegg-falls,Fall from ladder,,55,,Fall from ladder
Falls,217142006,TC42.,clegg-falls,Fall from chair or bed,,55,,Fall from chair or bed
Falls,83468000,TC420,clegg-falls,Fall from chair,,55,,Fall from chair
Falls,20902002,TC421,clegg-falls,Fall from bed,,55,,Fall from bed
Falls,242413007,TC42z,clegg-falls,Fall from chair or bed NOS,,55,,Fall from furniture
Falls,217150002,TC4y2,clegg-falls,Fall from stationary vehicle,,55,,Fall from stationary vehicle
Falls,217154006,TC5..,efi-falls,"Fall on same level from slipping, tripping or stumbling",,55,,"Fall on same level from slipping, tripping or stumbling"
Falls,217155007,TC50.,clegg-falls,Fall on same level from slipping,,55,,Fall on same level from slipping
Falls,217156008,TC51.,clegg-falls,Fall on same level from tripping,,55,,Fall on same level from tripping
Falls,217157004,TC52.,clegg-falls,Fall on same level from stumbling,,55,,Fall on same level from stumbling
Falls,217158009,TC53.,clegg-falls,Fall on moving sidewalk,,55,,Fall on moving sidewalk
Falls,33036003,TC5z.,clegg-falls,"Fall on same level from slipping, tripping or stumbling NOS",,55,,Fall on same level
Falls,274918000,TC6y.,clegg-falls,"Fall on same level from other pushing, shoving or collision, with or by other person",,55,,Fall on same level due to nature of surface
Falls,217173005,TCy0.,clegg-falls,Fall from bump against object,,55,,Fall from bump against object
Falls,4.15171E+14,U0815,clegg-falls,[X]Occupant of railway train or railway vehicle injured by fall in railway train or railway vehicle,,55,,[X]Occupant of railway train or railway vehicle injured by fall in railway train or railway vehicle
Falls,213770003,U0815,clegg-falls,[X]Occupant of railway train or railway vehicle injured by fall in railway train or railway vehicle,,55,,Railway accident
Falls,3.91351E+14,U0816,clegg-falls,[X]Occupant of railway train or railway vehicle injured by fall from railway train or railway vehicle,,55,,[X]Occupant of railway train or railway vehicle injured by fall from railway train or railway vehicle (event)
Falls,242118006,U0825,clegg-falls,[X]Occupant of streetcar injured by fall in streetcar,,55,,Traffic accident with injury to occupant of tram
Falls,4.72811E+14,U0825,clegg-falls,[X]Occupant of streetcar injured by fall in streetcar,,55,,[X]Occupant of streetcar injured by fall in streetcar (event)
Falls,3.91891E+14,U0826,clegg-falls,[X]Occupant of streetcar injured by fall from streetcar,,55,,[X]Occupant of streetcar injured by fall from streetcar (event)
Falls,242387001,U100.,clegg-falls,[X]Fall on same level involving ice and snow,,55,,Fall due to slipping on ice or snow
Falls,60594001,U1040,clegg-falls,"[X]Fall while being carried or supported by other persons, occurrence at home",,55,,Fall while being carried
Falls,17886000,U105.,clegg-falls,[X]Fall involving wheelchair,,55,,Fall from wheelchair
Falls,2617007,U10C.,clegg-falls,[X]Fall on and from scaffolding,,55,,Fall from scaffold
Falls,14047009,U10D.,clegg-falls,"[X]Fall from, out of or through building or structure",,55,,Fall from building
Falls,40104005,U10z0,clegg-falls,"[X]Unspecified fall, occurrence at home",,55,,Fall in home
Falls,217773000,U131.,clegg-falls,[X]Drowning and submersion following fall into bath-tub,,55,,Accidental drowning or immersion in bathtub
Falls,4.34801E+14,U131.,clegg-falls,[X]Drowning and submersion following fall into bath-tub,,55,,[X]Drowning and submersion following fall into bath-tub (event)
Falls,4.05191E+14,U1310,clegg-falls,"[X]Drowning and submersion following fall into bath-tub, occurrence at home",,55,,"[X]Drowning and submersion following fall into bath-tub, occurrence at home (event)"
Falls,4.74381E+14,U1311,clegg-falls,"[X]Drowning and submersion following fall into bath-tub, occurrence in residential institution",,55,,"[X]Drowning and submersion following fall into bath-tub, occurrence in residential institution (event)"
Falls,4.22131E+14,U1312,clegg-falls,"[X]Drowning and submersion following fall into bath-tub, occurrence at school other institution and public administrative area",,55,,"[X]Drowning and submersion following fall into bath-tub, occurrence at school other institution and public administrative area (event)"
Falls,4.74621E+14,U1313,clegg-falls,"[X]Drowning and submersion following fall into bath-tub, occurrence at sports and athletics area",,55,,"[X]Drowning and submersion following fall into bath-tub, occurrence at sports and athletics area"
Falls,4.05661E+14,U1314,clegg-falls,"[X]Drowning and submersion following fall into bath-tub, occurrence on street and highway",,55,,"[X]Drowning and submersion following fall into bath-tub, occurrence on street and highway"
Falls,3.86861E+14,U1315,clegg-falls,"[X]Drowning and submersion following fall into bath-tub, occurrence at trade and service area",,55,,"[X]Drowning and submersion following fall into bath-tub, occurrence at trade and service area (event)"
Falls,4.59491E+14,U1316,clegg-falls,"[X]Drowning and submersion following fall into bath-tub, occurrence at industrial and construction area",,55,,"[X]Drowning and submersion following fall into bath-tub, occurrence at industrial and construction area (event)"
Falls,4.35801E+14,U1317,clegg-falls,"[X]Drowning and submersion following fall into bath-tub, occurrence on farm",,55,,"[X]Drowning and submersion following fall into bath-tub, occurrence on farm (event)"
Falls,3.87311E+14,U131y,clegg-falls,"[X]Drowning and submersion following fall into bath-tub, occurrence at other specified place",,55,,"[X]Drowning and submersion following fall into bath-tub, occurrence at other specified place"
Falls,4.59871E+14,U131z,clegg-falls,"[X]Drowning and submersion following fall into bath-tub, occurrence at unspecified place",,55,,"[X]Drowning and submersion following fall into bath-tub, occurrence at unspecified place (event)"
Falls,225054009,Ua1AN,clegg-falls,Fall onto outstretched hand,,55,,Fell onto outstretched hand
Falls,242078003,X70yh,clegg-falls,Fall from railway vehicle in motion,,55,,Fall from railway vehicle in motion
Falls,242079006,X70yi,clegg-falls,Fall from stationary railway vehicle,,55,,Fall from stationary railway vehicle
Falls,242109009,X70zC,clegg-falls,Fall down stairs of motor bus while boarding or alighting,,55,,Fall down stairs of motor bus while boarding or alighting
Falls,242111000,X70zE,clegg-falls,Fall from car in street while boarding or alighting,,55,,Fall from car in street while boarding or alighting
Falls,242112007,X70zF,clegg-falls,Fall from car while boarding or alighting due to tripping on seat belt,,55,,Fall from car while boarding or alighting due to tripping on seat belt
Falls,242185001,X710V,clegg-falls,Fall on wet deck on board vessel,,55,,Fall on wet deck on board vessel
Falls,242227000,X711B,clegg-falls,Fall from aircraft on ground,,55,,Fall from aircraft on ground
Falls,242389003,X713k,clegg-falls,Fall due to wet surface,,55,,Fall due to wet surface
Falls,242390007,X713l,clegg-falls,Fall due to polished surface,,55,,Fall due to polished surface
Falls,242391006,X713m,clegg-falls,Fall due to discarded object,,55,,Fall due to discarded object
Falls,242392004,X713n,clegg-falls,Fall in bath or shower,,55,,Fall in bath or shower
Falls,242393009,X713o,clegg-falls,Fall due to defective pavement,,55,,Fall due to defective pavement
Falls,242394003,X713p,clegg-falls,Fall due to accidental trip by another person,,55,,Fall due to accidental trip by another person
Falls,242395002,X713q,clegg-falls,Fall due to trip on loose carpet,,55,,Fall due to trip on loose carpet
Falls,242396001,X713r,clegg-falls,Fall due to uneven surface indoors,,55,,Fall due to uneven surface indoors
Falls,242398000,X713t,clegg-falls,Fall due to loss of equilibrium,,55,,Fall due to loss of equilibrium
Falls,242399008,X713u,clegg-falls,Fall due to failure of support,,55,,Fall due to failure of support
Falls,242400001,X713v,clegg-falls,Fall due to failure of rail,,55,,Fall due to failure of rail
Falls,242401002,X713w,clegg-falls,Fall due to leaning on insecure furniture,,55,,Fall due to leaning on insecure furniture
Falls,242402009,X713x,clegg-falls,Fall on same level due to accidental impact with another person,,55,,Fall on same level due to accidental impact with another person
Falls,242404005,X713z,clegg-falls,Fall due to impact against pedestrian conveyance,,55,,Fall due to impact against pedestrian conveyance
Falls,242405006,X7140,clegg-falls,Fall due to impact against pram,,55,,Fall due to impact against pram
Falls,242406007,X7141,clegg-falls,Fall due to impact against supermarket trolley,,55,,Fall due to impact against shopping trolley
Falls,242407003,X7142,clegg-falls,Fall due to impact against wheelbarrow,,55,,Fall due to impact against wheelbarrow
Falls,242414001,X7149,clegg-falls,Fall from stool,,55,,Fall from stool
Falls,242415000,X714A,clegg-falls,Fall from hospital trolley,,55,,Fall from hospital trolley
Falls,242417008,X714C,clegg-falls,Fall from ambulance stretcher,,55,,Fall from ambulance stretcher
Falls,56307009,X714D,clegg-falls,Fall from table,,55,,Fall from table
Falls,242419006,X714E,clegg-falls,Fall from toilet seat,,55,,Fall from toilet seat
Falls,242423003,X714I,clegg-falls,Fall into canal,,55,,Fall into canal
Falls,269699007,XE21s,clegg-falls,Fall on same level from impact against object,,55,,Fall on same level from impact against object
Falls,274919008,XM1Ff,clegg-falls,Fall on same level due to impact against another person,,55,,Fall on same level due to impact against another person
Falls,279992002,Xa1GP,efi-falls,Recurrent falls,,55,,Recurrent falls
Falls,288296009,Xa41x,clegg-falls,Fall - collision/push/shove,,55,,Fall - collision/push/shove
Falls,298343000,Xa6uG,efi-falls,Observation of falls,,55,,Finding related to falls
Falls,298344006,Xa6uH,efi-falls,Elderly fall,,55,,Elderly fall
Falls,408561005,XaJHb,clegg-falls,Falls caused by medication,,55,,Falls caused by medication (finding)
Falls,2.47541E+14,XaLqJ,efi-falls,Referral to falls service,,55,,Referral to falls service (procedure)
Falls,2.48451E+14,XaMGj,efi-falls,Referral to elderly falls prevention clinic,,55,,Referral to elderly falls prevention clinic (procedure)
Falls,2.94231E+14,XaN4s,efi-falls,Provision of telecare community alarm service,,55,,Provision of telecare community alarm service (regime/therapy)
Falls,1075011000000102,Y3356,efi-falls,Unable to get off floor,,55,,Unable to get up from floor (finding)
Falls,391002003,,,Number of falls in last year (observable entity),,,If greater than 0,Number of falls in last year (observable entity)
Fatigue,214264003,168..,efi-fatigue,([Tiredn][fatigue][leth][malaise] sympt) or (C/O muzzy head),5,,,Lethargy
Fatigue,267031002,168..,efi-fatigue,([Tiredn][fatigue][leth][malaise] sympt) or (C/O muzzy head),5,,,Tiredness symptom
Fatigue,703453009,168..,efi-fatigue,([Tiredn][fatigue][leth][malaise] sympt) or (C/O muzzy head),5,,,Complaining of wooziness
Fatigue,272060000,168..,efi-fatigue,([Tiredn][fatigue][leth][malaise] sympt) or (C/O muzzy head),5,,,Fatigue - symptom
Fatigue,84229001,1682,efi-fatigue,Fatigue,5,,,Fatigue
Fatigue,80449002,X76qY,efi-fatigue,Muscle fatigue,5,,,Muscular fatigue
Foot problems,185303007,,efi-foot,Seen by podiatrist,,,,Seen by podiatrist
Foot problems,160779001,13G8.,efi-foot,Domiciliary chiropody,,,,Domiciliary chiropody
Foot problems,280137006,2G51000,mar-diabetes,foot abnormality - diabetes related,,,,Diabetic foot
Foot problems,185269006,9N1y7,efi-foot,Seen in chiropody clinic,,,,Seen in chiropody clinic
Foot problems,201037000,M20..,efi-foot,Corns and callus,,,,Corns and callus
Foot problems,201038005,M2000,efi-foot,Hard corn,5,,,Corn
Foot problems,47850008,M2000,efi-foot,Hard corn,5,,,Hard corn
Foot problems,305770006,XaAUY,efi-foot,Seen by community-based podiatrist,,,,Seen by community-based podiatrist
Foot problems,306351008,XaAhW,efi-foot,Referral to community-based podiatrist,,,,Referral to community-based podiatrist
Foot problems,308451001,Y1700,efi-foot,Referral to chiropodist,,,,Referral to podiatrist
Fracture,391095006,14G9.00,mar-fracture,h/o: fracture,,55,Exclude all fracture codes if recorded when age<55,H/O: fracture (context-dependent category)
Fracture,9.1071E+13,14GA.00,mar-fracture,h/o: non-vertebral fracture,,55,,H/O: non-vertebral fracture
Fracture,23897002,7206100,mar-fracture,open reduction of fracture of orbit,,55,,Open reduction of fracture of orbit
Fracture,172180003,7206200,mar-fracture,removal of fixation from fracture of orbit,,55,,Removal of fixation from fracture of orbit
Fracture,172182006,7206400,mar-fracture,open reduction of fracture of orbit and internal fixation,,55,,Open reduction of fracture of orbit and internal fixation
Fracture,172185008,7206700,mar-fracture,packing of maxilla to correct blow-out fracture of orbit,,55,,Packing of maxilla to correct blow-out fracture of orbit
Fracture,426236005,7206800,mar-fracture,internal fixation of fracture of orbit,,55,,Internal fixation of fracture of orbit (procedure)
Fracture,9217002,7403600,mar-fracture,outfracture of turbinates of nose,,55,,Surgical fracture of nasal turbinates
Fracture,22709009,7433300,mar-fracture,reduction of laryngeal fracture,,55,,Reduction of fracture of larynx
Fracture,70590006,7J02200,mar-fracture,elevation of depressed fracture of cranium,,55,,Elevation of skull fracture fragments
Fracture,239278008,7J02300,mar-fracture,repair of fracture of cranium nec,,55,,Operation on fracture
Fracture,20013001,7J03.00,mar-fracture,reduction of fracture of facial bone,,55,,Reduction of fracture of facial bone
Fracture,178395000,7J03000,mar-fracture,reduction of fracture of nasoethmoid complex of bones,,55,,Reduction of fracture of nasoethmoid complex of bones
Fracture,302472007,7J03100,mar-fracture,reduction of fracture of nasal bones nec,,55,,Manipulation of fractured nasal bones
Fracture,178397008,7J03200,mar-fracture,reduction of fracture of zygomatic bones,,55,,Reduction of fracture of zygomatic bone
Fracture,178398003,7J03300,mar-fracture,reduction of closed fracture of orbit bone,,55,,Reduction of closed fracture of orbit bone
Fracture,265705007,7J12.00,mar-fracture,reduction of fracture of mandible,,55,,Reduction of fracture of mandible
Fracture,178436001,7J12000,mar-fracture,reduction of fracture of alveolus of mandible,,55,,Reduction of fracture of alveolus of mandible
Fracture,307289006,7J12100,mar-fracture,open reduction of fracture of mandible nec,,55,,Open reduction of mandibular fracture
Fracture,24832002,7J12200,mar-fracture,closed reduction of fracture of mandible nec,,55,,Closed reduction of mandibular fracture
Fracture,178441009,7J13.00,mar-fracture,reduction of fracture of maxilla,,55,,Reduction of fracture of maxilla
Fracture,178442002,7J13000,mar-fracture,reduction of fracture of alveolus of maxilla,,55,,Reduction of fracture of alveolus of maxilla
Fracture,307285000,7J13100,mar-fracture,open reduction of fracture of maxilla nec,,55,,Open reduction maxillary fracture
Fracture,307288003,7J13200,mar-fracture,closed reduction of fracture of maxilla nec,,55,,Closed reduction maxillary fracture
Fracture,178445000,7J13300,mar-fracture,reduction of blowout fracture of orbital floor,,55,,Reduction of blow-out fracture of orbital floor
Fracture,178446004,7J13400,mar-fracture,reduction of le fort 1 fracture of maxilla,,55,,Reduction of Le Fort 1 fracture of maxilla
Fracture,178447008,7J13500,mar-fracture,reduction of le fort 2 fracture of maxilla,,55,,LFII - Reduction of LFII fracture of maxilla
Fracture,178448003,7J13600,mar-fracture,reduction of le fort 3 fracture of maxilla,,55,,Reduction of Le Fort 3 fracture of maxilla
Fracture,178496003,7J17700,mar-fracture,traction for fracture of jaw,,55,,Traction for fracture of jaw
Fracture,178926002,7K14.00,mar-fracture,open surgical fracture of bone,,55,,Open osteoclasis
Fracture,7108004,7K15.00,mar-fracture,other surgical fracture of bone,,55,,Osteoclasis
Fracture,179010008,7K1D.00,mar-fracture,primary open reduction fracture bone & intramedull fixation,,55,,Primary open reduction of fracture of bone and intramedullary fixation
Fracture,274986006,7K1D511,mar-fracture,k wiring of fracture,,55,,K wiring of fracture
Fracture,265136008,7K1D511,mar-fracture,k wiring of fracture,,55,,Primary open reduction of fragment of bone and fixation using wire system
Fracture,179027000,7K1Ez00,mar-fracture,prim open reduction fracture bone & extramedull fixation nos,,55,,Primary open reduction of fracture of bone and extramedullary fixation
Fracture,179039008,7K1F.00,mar-fracture,primary open reduction of intraarticular fracture of bone,,55,,Primary open reduction of intra-articular fracture of bone
Fracture,310865004,7K1F500,mar-fracture,primary open reduction fracture patella fixat tension band,,55,,Primary open reduction of fracture of patella and fixation with tension band wiring
Fracture,86480004,7K1G.00,mar-fracture,other primary open reduction of fracture of bone,,55,,Open reduction of fracture
Fracture,179049006,7K1G000,mar-fracture,prmy open reduction of fracture and skeletal traction,,55,,Prmy open reduction of fracture and skeletal traction
Fracture,179050006,7K1G100,mar-fracture,prmy open reduction of fracture and external fixation,,55,,Primary open reduction of fracture and external fixation
Fracture,179051005,7K1G200,mar-fracture,primary open reduction+external fixation of femoral fracture,,55,,Primary open reduction and external fixation of femoral fracture
Fracture,179053008,7K1G400,mar-fracture,primary open reduction of fracture and cast immobilisation,,55,,Primary open reduction of fracture and cast immobilization
Fracture,179054002,7K1G500,mar-fracture,primary open reduction of fracture and functional bracing,,55,,Primary open reduction of fracture and functional bracing
Fracture,179055001,7K1G600,mar-fracture,primary open reduction of fracture and skin traction,,55,,Primary open reduction of fracture and skin traction
Fracture,239295000,7K1Gy11,mar-fracture,primary open reduction of bone fracture & external fixation,,55,,Open reduction of fracture without fixation
Fracture,301053001,7K1Gz00,mar-fracture,other primary open reduction of fracture of bone nos,,55,,Primary open reduction of fracture dislocation
Fracture,179058004,7K1H.00,mar-fracture,secondary open reduction of fracture of bone,,55,,Secondary open reduction of fracture of bone
Fracture,179061003,7K1H200,mar-fracture,secondary open reduction of intraarticular fracture of bone,,55,,Secondary open reduction of intra-articular fracture of bone
Fracture,239294001,7K1H400,mar-fracture,secondary open reduct fracture bone & external fixation hfq,,55,,External skeletal fixation
Fracture,179073003,7K1HD00,mar-fracture,revision to open reduction of fracture and skeletal traction,,55,,Revision to open reduction of fracture and skeletal traction
Fracture,179074009,7K1HE00,mar-fracture,revision to open reduction of fracture and external fixation,,55,,Revision to open reduction of fracture and external fixation
Fracture,20701002,7K1Hy00,mar-fracture,other specified secondary open reduction of fracture of bone,,55,,Open reduction of fracture with internal fixation
Fracture,47264000,7K1J.00,mar-fracture,closed (or no) reduction of fracture and internal fixation,,55,,Closed reduction of fracture with internal fixation
Fracture,179094000,7K1J300,mar-fracture,closed reduction fracture small bone & fixation using screw,,55,,Closed reduction of fracture of small bone and fixation using screw
Fracture,179109001,7K1JH00,mar-fracture,primary wire fixation of fracture,,55,,Primary wire fixation of fracture
Fracture,179110006,7K1JJ00,mar-fracture,revision to wire fixation of fracture,,55,,Revision to wire fixation of fracture
Fracture,179111005,7K1JK00,mar-fracture,primary closed reduction of fracture and wire fixation,,55,,Primary closed reduction of fracture and wire fixation
Fracture,179112003,7K1JL00,mar-fracture,revision to closed reduction of fracture and wire fixation,,55,,Revision to closed reduction of fracture and wire fixation
Fracture,281797006,7K1Jy00,mar-fracture,closed reduction of bone fracture and internal fixation os,,55,,Closed reduction and fixation of fracture
Fracture,371566003,7K1K.00,mar-fracture,closed (or no) reduction of fracture and external fixation,,55,,Closed reduction of fracture and external fixation (procedure)
Fracture,179140008,7K1K700,mar-fracture,primary functional bracing of fracture,,55,,Primary functional bracing of fracture
Fracture,179141007,7K1K800,mar-fracture,primary external fixation of fracture,,55,,Primary external fixation of fracture
Fracture,274474001,7K1K900,mar-fracture,other primary external immobilisation of fracture,,55,,Bone immobilisation
Fracture,179143005,7K1KA00,mar-fracture,revision to functional bracing of fracture,,55,,Revision to functional bracing of fracture
Fracture,179144004,7K1KB00,mar-fracture,revision to external fixation of fracture,,55,,Revision to external fixation of fracture
Fracture,179186005,7K1KC00,mar-fracture,other revision to external immobilisation of fracture,,55,,Revision to cast immobilisation of fracture
Fracture,179147006,7K1KE00,mar-fracture,primary closed reduction of fracture and external fixation,,55,,Primary closed reduction of fracture and external fixation
Fracture,307372000,7K1Kz00,mar-fracture,closed reduction of bone fracture and external fixation nos,,55,,Closed reduction of bone fracture and external fixation with Gissane spike fixator
Fracture,86052008,7K1L.00,mar-fracture,other closed reduction of fracture of bone,,55,,Closed reduction of fracture
Fracture,112777008,7K1L500,mar-fracture,closed reduction of fracture of femur,,55,,Closed reduction of fracture of femur
Fracture,179160000,7K1L600,mar-fracture,closed reduction of fracture of knee,,55,,Closed reduction of fracture of knee
Fracture,179161001,7K1L700,mar-fracture,closed reduction of fracture of tibia and or fibula,,55,,Closed reduction of fracture of tibia and or fibula
Fracture,179162008,7K1L800,mar-fracture,closed reduction of fracture of ankle,,55,,Closed reduction of fracture of ankle
Fracture,179163003,7K1L900,mar-fracture,closed reduction of fracture of metatarsus,,55,,Closed reduction of fracture of metatarsus
Fracture,70060006,7K1LA00,mar-fracture,closed reduction of fracture of toe,,55,,Closed reduction of fracture of phalanges of foot
Fracture,179165005,7K1LB00,mar-fracture,closed reduction of fracture of hallux,,55,,Closed reduction of fracture of hallux
Fracture,150617003,7K1LC00,mar-fracture,closed reduction of fracture of lower limb,,55,,Closed reduction of fracture of lower limb
Fracture,25060006,7K1LD00,mar-fracture,closed reduction of fracture of nasal bone,,55,,Closed reduction of nasal fracture
Fracture,179166006,7K1LE00,mar-fracture,closed reduction of fracture of elbow,,55,,Closed reduction of fracture of elbow
Fracture,39706009,7K1LF00,mar-fracture,closed reduction of fracture of humerus,,55,,Closed reduction of fracture of humerus
Fracture,179167002,7K1LG00,mar-fracture,closed reduction of fracture of shoulder,,55,,Closed reduction of fracture of shoulder
Fracture,179168007,7K1LH00,mar-fracture,closed reduction of fracture of finger,,55,,Closed reduction of fracture of finger
Fracture,179169004,7K1LJ00,mar-fracture,closed reduction of fracture of thumb,,55,,Closed reduction of fracture of thumb
Fracture,179171004,7K1LK00,mar-fracture,closed reduction of fracture of metacarpus,,55,,Closed reduction of fracture of metacarpus
Fracture,179172006,7K1LL00,mar-fracture,closed reduction of fracture of radius and or ulna,,55,,Closed reduction of fracture of radius and or ulna
Fracture,84385008,7K1LN00,mar-fracture,closed reduction of fracture of upper limb,,55,,Closed reduction of fracture of arm
Fracture,267765006,7K1LN00,mar-fracture,closed reduction of fracture of upper limb,,55,,Closed reduction of fracture of upper limb
Fracture,179177000,7K1LT00,mar-fracture,primary closed reduction of fracture and cast immobilisation,,55,,Primary closed reduction of fracture and cast immobilization
Fracture,179180004,7K1LW00,mar-fracture,primary closed reduction of fracture and skin traction,,55,,Primary closed reduction of fracture and skin traction
Fracture,179183002,7K1LZ00,mar-fracture,primary skin traction of fracture,,55,,Primary skin traction of fracture
Fracture,179184008,7K1La00,mar-fracture,revision to skin traction of fracture,,55,,Revision to skin traction of fracture
Fracture,179185009,7K1Lb00,mar-fracture,primary cast immobilisation of fracture,,55,,Primary cast immobilization of fracture
Fracture,179187001,7K1Ld00,mar-fracture,primary arthroscopic reduction of fracture,,55,,Primary arthroscopic reduction of fracture
Fracture,179188006,7K1Le00,mar-fracture,primary arthroscopic reduction and fixation of fracture,,55,,Primary arthroscopic reduction and fixation of fracture
Fracture,179189003,7K1Lf00,mar-fracture,revision to arthroscopic reduction of fracture,,55,,Revision to arthroscopic reduction of fracture
Fracture,179190007,7K1Lg00,mar-fracture,revision to arthroscopic reduction and fixation of fracture,,55,,Revision to arthroscopic reduction and fixation of fracture
Fracture,179212005,7K1N900,mar-fracture,primary skeletal traction of fracture,,55,,Primary skeletal traction of fracture
Fracture,27930000,7K1T100,mar-fracture,debridement of open fracture,,55,,Debridement of open fracture
Fracture,311428000,7K1Y.00,mar-fracture,second closed reduction fracture bone and internal fixation,,55,,Revision closed reduction and internal fixation of fracture
Fracture,179636000,7K6GN00,mar-fracture,closed reduction fracture disloc joint & internal fixation,,55,,Closed reduction of fracture dislocation of joint and internal fixation of joint
Fracture,301050003,7K6GX00,mar-fracture,primary closed reduction of fracture dislocation alone,,55,,Primary closed reduction of fracture dislocation
Fracture,301052006,7K6H200,mar-fracture,secondary open reduction fracture dislocation of joint nec,,55,,Revision to open reduction of fracture dislocation
Fracture,301051004,7K6H400,mar-fracture,revision to closed reduction of fracture dislocation alone,,55,,Revision to closed reduction of fracture dislocation
Fracture,179663004,7K6H700,mar-fracture,secondary open reduction fracture disloc joint & fixation,,55,,Secondary open reduction of fracture dislocation of joint and fixation of joint
Fracture,266685009,82...11,mar-fracture,closed reduction of fracture,,55,,Correction of misplacement
Fracture,183375002,8F86.00,mar-fracture,convalesc. after fracture rx,,55,,Convalescence after fracture treatment
Fracture,183653007,8HB9.00,mar-fracture,fracture therapy follow-up,,55,,Fracture therapy follow-up
Fracture,3.01791E+14,8HTo.00,mar-fracture,referral to fracture clinic,,55,,Referral to fracture clinic (procedure)
Fracture,185191008,9N0X.00,mar-fracture,seen in fracture clinic,,55,,Seen in fracture clinic
Fracture,134421000,B585000,mar-fracture,pathological fracture due to metastatic bone disease,,55,,Pathological fracture due to metastatic bone disease
Fracture,3.35771E+14,N1y2.00,mar-fracture,pars interarticularis stress fracture,,55,,Stress fracture of pars interarticularis (disorder)
Fracture,84138006,N331.00,mar-fracture,pathological fracture,,55,,Collapse of vertebra
Fracture,268029009,N331.13,mar-fracture,sponanteous fracture,,55,,Pathological fracture
Fracture,203449003,N331700,mar-fracture,fracture of bone in neoplastic disease,,55,,Fracture of bone in neoplastic disease
Fracture,203497002,N338.00,mar-fracture,malunion and nonunion of fracture,,55,,Malunion and nonunion of fracture
Fracture,425852005,N338.00,mar-fracture,malunion and nonunion of fracture,,55,,Fracture malunion (disorder)
Fracture,52090005,N338000,mar-fracture,malunion of fracture,,55,,Malunion of fracture
Fracture,410818009,N338100,mar-fracture,pseudoarthrosis - fracture nonunion,,55,,Pseudoarthrosis (disorder)
Fracture,31511007,N338100,mar-fracture,pseudoarthrosis - fracture nonunion,,55,,Pseudoarthrosis
Fracture,302941001,N338111,mar-fracture,nonunion of fracture,,55,,Nonunion of fracture
Fracture,203499004,N338200,mar-fracture,hypertrophic non-union of fracture,,55,,Hypertrophic nonunion of fracture
Fracture,203500008,N338300,mar-fracture,atrophic non-union of fracture,,55,,Atrophic nonunion of fracture
Fracture,203502000,N338400,mar-fracture,angular mal-union of fracture,,55,,Angular malunion of fracture
Fracture,203503005,N338500,mar-fracture,rotational mal-union of fracture,,55,,Rotational malunion of fracture
Fracture,134194006,N338600,mar-fracture,delayed union of fracture,,55,,Delayed union of fracture
Fracture,426405000,N338z00,mar-fracture,fracture malunion or nonunion nos,,55,,Abnormal healing of fracture (morphologic abnormality)
Fracture,4.25371E+14,NyuB000,mar-fracture,[x]other osteoporosis with pathological fracture,,55,,[X]Unspecified osteoporosis with pathological fracture (disorder)
Fracture,71642004,S0...00,mar-fracture,fracture of skull,,55,,Fracture of skull
Fracture,25424007,S00..12,mar-fracture,parietal bone fracture,,55,,Fracture of frontal bone
Fracture,48466003,S00..12,mar-fracture,parietal bone fracture,,55,,Fracture of vault of skull
Fracture,83385002,S00..12,mar-fracture,parietal bone fracture,,55,,Fracture of parietal bone
Fracture,69866009,S000.00,mar-fracture,closed fracture vault of skull without intracranial injury,,55,,Closed fracture of vault of skull without intracranial injury
Fracture,207687004,S001.00,mar-fracture,closed fracture vault of skull with intracranial injury,,55,,Closed fracture vault of skull with intracranial injury
Fracture,207696004,S002.00,mar-fracture,open fracture vault of skull without intracranial injury,,55,,Open fracture vault of skull without intracranial injury
Fracture,207705002,S003.00,mar-fracture,open fracture vault of skull with intracranial injury,,55,,Open fracture vault of skull with intracranial injury
Fracture,24063002,S01..00,mar-fracture,fracture of base of skull,,55,,Fracture of base of skull
Fracture,83969004,S01..11,mar-fracture,anterior fossa fracture,,55,,Fracture of temporal bone
Fracture,10859002,S01..12,mar-fracture,ethmoid sinus fracture,,55,,Fracture of ethmoid sinus
Fracture,38567007,S01..13,mar-fracture,frontal sinus fracture,,55,,Fracture of orbital roof
Fracture,86704005,S01..13,mar-fracture,frontal sinus fracture,,55,,Fracture of anterior fossa
Fracture,1739001,S01..13,mar-fracture,frontal sinus fracture,,55,,Fracture of occipital bone
Fracture,34813004,S01..13,mar-fracture,frontal sinus fracture,,55,,Fracture of posterior fossa
Fracture,42261000,S01..13,mar-fracture,frontal sinus fracture,,55,,Fracture of middle fossa
Fracture,76542006,S01..15,mar-fracture,occiput bone fracture,,55,,Fracture of frontal sinus
Fracture,52271005,S01..18,mar-fracture,sphenoid bone fracture,,55,,Fracture of sphenoid bone
Fracture,27644009,S010.00,mar-fracture,closed fracture base of skull without intracranial injury,,55,,Closed fracture of base of skull without intracranial injury
Fracture,111603000,S011.00,mar-fracture,closed fracture base of skull with intracranial injury,,55,,Closed fracture of base of skull with intracranial injury
Fracture,111607004,S013.00,mar-fracture,open fracture base of skull with intracranial injury,,55,,Open fracture of base of skull with intracranial injury
Fracture,27477003,S02..00,mar-fracture,fracture of face bones,,55,,Fracture of face bones
Fracture,81639003,S020.00,mar-fracture,closed fracture nose,,55,,Closed fracture of nasal bones
Fracture,40613008,S021.00,mar-fracture,open fracture nose,,55,,Open fracture of nasal bones
Fracture,207753003,S022.00,mar-fracture,"fracture of mandible, closed",,55,,"Fracture of mandible, closed"
Fracture,207755005,S022100,mar-fracture,"closed fracture of mandible, condylar process",,55,,"Closed fracture of mandible, condylar process"
Fracture,65752003,S022200,mar-fracture,"closed fracture of mandible, subcondylar",,55,,Closed subcondylar fracture of mandible
Fracture,207757002,S022300,mar-fracture,"closed fracture of mandible, coronoid process",,55,,"Closed fracture of mandible, coronoid process"
Fracture,207759004,S022500,mar-fracture,"closed fracture of mandible, angle of jaw",,55,,"Closed fracture of mandible, angle of jaw"
Fracture,207760009,S022600,mar-fracture,"closed fracture of mandible, symphysis of body",,55,,"Closed fracture of mandible, symphysis of body"
Fracture,76174009,S022700,mar-fracture,"closed fracture of mandible, alveolar border of body",,55,,Closed fracture of alveolar border of body of mandible
Fracture,207763006,S022x00,mar-fracture,"closed fracture of mandible, multiple sites",,55,,"Closed fracture of mandible, multiple sites"
Fracture,23611004,S023.00,mar-fracture,"fracture of mandible, open",,55,,Open fracture of mandible
Fracture,207767007,S023100,mar-fracture,"open fracture of mandible, condylar process",,55,,"Open fracture of mandible, condylar process"
Fracture,207768002,S023200,mar-fracture,"open fracture of mandible, subcondylar",,55,,"Open fracture of mandible, subcondylar"
Fracture,207771005,S023500,mar-fracture,"open fracture of mandible, angle of jaw",,55,,"Open fracture of mandible, angle of jaw"
Fracture,61202000,S023600,mar-fracture,"open fracture of mandible, symphysis of body",,55,,Open fracture of symphysis of body of mandible
Fracture,43337002,S023700,mar-fracture,"open fracture of mandible, alveolar border of body",,55,,Open fracture of alveolar border of body of mandible
Fracture,207776000,S023x00,mar-fracture,"open fracture of mandible, multiple sites",,55,,"Open fracture of mandible, multiple sites"
Fracture,34649000,S024.00,mar-fracture,"fracture of malar or maxillary bones, closed",,55,,Closed fracture of malar AND/OR maxillary bones
Fracture,263151001,S024.11,mar-fracture,"fracture of upper jaw, closed",,55,,"Fracture of upper jaw, closed"
Fracture,4788002,S024100,mar-fracture,closed fracture zygoma,,55,,Closed fracture of zygoma
Fracture,269057007,S025.00,mar-fracture,"fracture of malar or maxillary bones, open",,55,,"Fracture of malar or maxillary bones, open"
Fracture,207782002,S025000,mar-fracture,open fracture maxilla,,55,,Open fracture maxilla
Fracture,84111004,S025100,mar-fracture,open fracture zygoma,,55,,Open fracture of zygoma
Fracture,49346003,S026.00,mar-fracture,closed orbital blow-out fracture,,55,,Closed fracture of orbital floor (blow-out)
Fracture,3421000,S027.00,mar-fracture,open orbital blow-out fracture,,55,,Open fracture of orbital floor (blow-out)
Fracture,207785000,S028.00,mar-fracture,fracture of skull and facial bones,,55,,Fracture of skull and facial bones
Fracture,263171005,S028000,mar-fracture,fracture of nasal bones,,55,,Fractured nasal bones
Fracture,207787008,S028100,mar-fracture,fracture of orbital floor,,55,,Fracture of orbital floor
Fracture,207788003,S028200,mar-fracture,fracture of malar and maxillary bones,,55,,Fracture of malar and maxillary bones
Fracture,263172003,S028300,mar-fracture,fracture of mandible,,55,,Fracture of mandible
Fracture,63669006,S02A.00,mar-fracture,le fort i fracture maxilla,,55,,"Le Fort's fracture, type I"
Fracture,44916009,S02B.00,mar-fracture,le fort ii fracture maxilla,,55,,"Le Fort's fracture, type II"
Fracture,37027003,S02C.00,mar-fracture,le fort iii fracture maxilla,,55,,"Le Fort's fracture, type III"
Fracture,430984009,S02x.00,mar-fracture,closed fracture other facial bone,,55,,Closed fracture of facial bone (disorder)
Fracture,207794006,S02x000,mar-fracture,"fracture of alveolus, closed",,55,,"Fracture of alveolus, closed"
Fracture,56863004,S02x100,mar-fracture,"fracture of orbit nos, closed",,55,,Closed fracture of orbit
Fracture,15741007,S02x200,mar-fracture,"fracture of palate, closed",,55,,Closed fracture of palate
Fracture,111609001,S02y.00,mar-fracture,open fracture other facial bone,,55,,Open fracture of facial bones
Fracture,207798009,S02y000,mar-fracture,"fracture of alveolus, open",,55,,"Fracture of alveolus, open"
Fracture,95851007,S02y100,mar-fracture,"fracture of orbit nos, open",,55,,Fracture of orbit
Fracture,207800002,S02y200,mar-fracture,"fracture of palate, open",,55,,"Fracture of palate, open"
Fracture,371162008,S031.00,mar-fracture,closed fracture of skull nos with intracranial injury,,55,,Closed fracture of skull (disorder)
Fracture,111613008,S031.00,mar-fracture,closed fracture of skull nos with intracranial injury,,55,,Closed skull fracture with intracranial injury
Fracture,371161001,S033.00,mar-fracture,open fracture of skull nos with intracranial injury,,55,,Open fracture of skull (disorder)
Fracture,49128003,S04..11,mar-fracture,multiple face fractures,,55,,Multiple fractures of skull
Fracture,263152008,S04..11,mar-fracture,multiple face fractures,,55,,Multiple face fractures
Fracture,5468008,S04..11,mar-fracture,multiple face fractures,,55,,"Fracture, multiple"
Fracture,207881000,S044.00,mar-fracture,multiple fractures involving skull and facial bones,,55,,Multiple fractures involving skull and facial bones
Fracture,207884008,S1...00,mar-fracture,fracture of neck and trunk,,55,,Fracture of neck and trunk
Fracture,7687006,S10B300,mar-fracture,fracture of ilium,,55,,Fracture of ilium
Fracture,64455005,S10B400,mar-fracture,fracture of acetabulum,,55,,Fracture of acetabulum
Fracture,36127009,S10B500,mar-fracture,fracture of pubis,,55,,Fracture of pubis
Fracture,66112004,S122.00,mar-fracture,closed fracture sternum,,55,,Closed fracture of sternum
Fracture,87225004,S123.00,mar-fracture,open fracture sternum,,55,,Open fracture of sternum
Fracture,48752009,S125100,mar-fracture,closed fracture of hyoid bone,,55,,Closed fracture of hyoid bone
Fracture,208130009,S126100,mar-fracture,open fracture of hyoid bone,,55,,Open fracture of hyoid bone
Fracture,78516000,S128.00,mar-fracture,fracture of sternum,,55,,Fracture of sternum
Fracture,65354004,S12X.00,mar-fracture,"fracture of bony thorax, part unspecified",,55,,Fracture of bones of trunk
Fracture,33737001,S12z.00,mar-fracture,"fracture of rib(s), sternum, larynx or trachea nos",,55,,Fracture of rib
Fracture,208145002,S13..00,mar-fracture,fracture or disruption of pelvis,,55,,Fracture or disruption of pelvis
Fracture,33118001,S130.00,mar-fracture,closed fracture acetabulum,,55,,Closed fracture of acetabulum
Fracture,208146001,S130000,mar-fracture,"closed fracture acetabulum, anterior lip alone",,55,,"Closed fracture acetabulum, anterior lip alone"
Fracture,208147005,S130100,mar-fracture,"closed fracture acetabulum, posterior lip alone",,55,,"Closed fracture acetabulum, posterior lip alone"
Fracture,208148000,S130200,mar-fracture,"closed fracture acetabulum, anterior column",,55,,"Closed fracture acetabulum, anterior column"
Fracture,208149008,S130300,mar-fracture,"closed fracture acetabulum, posterior column",,55,,"Closed fracture acetabulum, posterior column"
Fracture,208150008,S130400,mar-fracture,"closed fracture acetabulum, floor",,55,,"Closed fracture acetabulum, floor"
Fracture,77598002,S131.00,mar-fracture,open fracture acetabulum,,55,,Open fracture of acetabulum
Fracture,77493009,S134.00,mar-fracture,other or multiple closed fracture of pelvis,,55,,Fracture of pelvis
Fracture,36417005,S134100,mar-fracture,"closed fracture pelvis, ischium",,55,,Closed fracture of ischium
Fracture,208181004,S134300,mar-fracture,"closed fracture pelvis, ischial tuberosity",,55,,"Closed fracture pelvis, ischial tuberosity"
Fracture,208182006,S134400,mar-fracture,"closed fracture pelvis, anterior superior iliac spine",,55,,"Closed fracture pelvis, anterior superior iliac spine"
Fracture,208183001,S134500,mar-fracture,"closed fracture pelvis, anterior inferior iliac spine",,55,,"Closed fracture pelvis, anterior inferior iliac spine"
Fracture,208184007,S134600,mar-fracture,"closed fracture pelvis, iliac wing",,55,,"Closed fracture pelvis, iliac wing"
Fracture,208185008,S134700,mar-fracture,closed vertical fracture of ilium,,55,,Closed vertical fracture of ilium
Fracture,208186009,S134800,mar-fracture,closed fracture dislocation of sacro-iliac joint,,55,,Closed fracture dislocation of sacroiliac joint
Fracture,263222005,S134z00,mar-fracture,other or multiple closed fracture of pelvis nos,,55,,Multiple pelvic fractures
Fracture,76911006,S135100,mar-fracture,"open fracture pelvis, ischium",,55,,Open fracture of ischium
Fracture,208192003,S135300,mar-fracture,"open fracture pelvis, ischial tuberosity",,55,,"Open fracture pelvis, ischial tuberosity"
Fracture,208193008,S135400,mar-fracture,"open fracture pelvis, anterior superior iliac spine",,55,,"Open fracture pelvis, anterior superior iliac spine"
Fracture,208195001,S135600,mar-fracture,"open fracture pelvis, iliac wing",,55,,"Open fracture pelvis, iliac wing"
Fracture,208198004,S135800,mar-fracture,open fracture dislocation of sacro-iliac joint,,55,,Open fracture dislocation of sacroiliac joint
Fracture,91037003,S13y.00,mar-fracture,closed fracture of pelvis nos,,55,,Closed fracture of pelvis
Fracture,31984004,S140.00,mar-fracture,closed fracture of ill-defined bone of trunk,,55,,Closed fracture of bones of trunk
Fracture,23406007,S2...00,mar-fracture,fracture of upper limb,,55,,Fracture of upper limb
Fracture,58150001,S20..00,mar-fracture,fracture of clavicle,,55,,Fracture of clavicle
Fracture,33173003,S200.00,mar-fracture,closed fracture of clavicle,,55,,Closed fracture of clavicle
Fracture,48561006,S200100,mar-fracture,"closed fracture clavicle, medial end",,55,,Closed fracture of sternal end of clavicle
Fracture,87376003,S200200,mar-fracture,"closed fracture clavicle, shaft",,55,,Closed fracture of shaft of clavicle
Fracture,1658003,S200300,mar-fracture,"closed fracture clavicle, lateral end",,55,,Closed fracture of acromial end of clavicle
Fracture,111637008,S201.00,mar-fracture,open fracture of clavicle,,55,,Open fracture of clavicle
Fracture,111638003,S201100,mar-fracture,"open fracture clavicle, medial end",,55,,Open fracture of sternal end of clavicle
Fracture,71039006,S201200,mar-fracture,"open fracture clavicle, shaft",,55,,Open fracture of shaft of clavicle
Fracture,72435006,S201300,mar-fracture,"open fracture clavicle, lateral end",,55,,Open fracture of acromial end of clavicle
Fracture,9682006,S21..00,mar-fracture,fracture of scapula,,55,,Fracture of scapula
Fracture,29749002,S210.00,mar-fracture,closed fracture of scapula,,55,,Closed fracture of scapula
Fracture,111639006,S210100,mar-fracture,"closed fracture scapula, acromion",,55,,Closed fracture of acromial process of scapula
Fracture,208225001,S210200,mar-fracture,"closed fracture scapula, coracoid",,55,,"Closed fracture scapula, coracoid"
Fracture,208226000,S210300,mar-fracture,"closed fracture scapula, glenoid",,55,,"Closed fracture scapula, glenoid"
Fracture,208227009,S210400,mar-fracture,"closed fracture scapula, blade",,55,,"Closed fracture scapula, blade"
Fracture,208228004,S210500,mar-fracture,"closed fracture scapula, spine",,55,,"Closed fracture scapula, spine"
Fracture,208229007,S210600,mar-fracture,"closed fracture scapula, neck",,55,,"Closed fracture scapula, neck"
Fracture,47864008,S211.00,mar-fracture,open fracture of scapula,,55,,Open fracture of scapula
Fracture,38404000,S211100,mar-fracture,"open fracture scapula, acromion",,55,,Open fracture of acromial process of scapula
Fracture,208232005,S211200,mar-fracture,"open fracture scapula, coracoid",,55,,"Open fracture scapula, coracoid"
Fracture,208233000,S211300,mar-fracture,"open fracture scapula, glenoid",,55,,"Open fracture scapula, glenoid"
Fracture,208234006,S211400,mar-fracture,"open fracture scapula, blade",,55,,"Open fracture scapula, blade"
Fracture,208236008,S211600,mar-fracture,"open fracture scapula, neck",,55,,"Open fracture scapula, neck"
Fracture,66308002,S22..00,mar-fracture,fracture of humerus,,55,,Fracture of humerus
Fracture,86844009,S221.11,mar-fracture,shoulder fracture - open,,55,,Open fracture of upper end of humerus
Fracture,43295006,S222.00,mar-fracture,"closed fracture of humerus, shaft or unspecified part",,55,,Closed fracture of humerus
Fracture,90235006,S222100,mar-fracture,"closed fracture of humerus, shaft",,55,,Closed fracture of shaft of humerus
Fracture,89294002,S223.00,mar-fracture,"open fracture of humerus, shaft or unspecified part",,55,,Open fracture of humerus
Fracture,23741005,S223100,mar-fracture,"open fracture of humerus, shaft",,55,,Open fracture of shaft of humerus
Fracture,269080004,S224.11,mar-fracture,elbow fracture - closed,,55,,Closed fracture of lower end of humerus
Fracture,302222008,S224.11,mar-fracture,elbow fracture - closed,,55,,Closed fracture of elbow
Fracture,58580000,S224100,mar-fracture,"closed fracture distal humerus, supracondylar",,55,,Closed supracondylar fracture of humerus
Fracture,208267005,S224200,mar-fracture,"closed fracture distal humerus, lateral condyle",,55,,"Closed fracture distal humerus, lateral condyle"
Fracture,21419000,S224300,mar-fracture,"closed fracture distal humerus, medial condyle",,55,,Closed fracture of medial condyle of humerus
Fracture,208270009,S224500,mar-fracture,"closed fracture of distal humerus, trochlea",,55,,"Closed fracture of distal humerus, trochlea"
Fracture,208271008,S224600,mar-fracture,"closed fracture distal humerus, lateral epicondyle",,55,,"Closed fracture distal humerus, lateral epicondyle"
Fracture,208272001,S224800,mar-fracture,"closed fracture distal humerus, capitellum",,55,,"Closed fracture distal humerus, capitellum"
Fracture,208273006,S224900,mar-fracture,"closed fracture distal humerus, bicondylar (t-y fracture)",,55,,"Closed fracture distal humerus, bicondylar (T-Y fracture)"
Fracture,208274000,S224x00,mar-fracture,"closed fracture of distal humerus, multiple",,55,,"Closed fracture of distal humerus, multiple"
Fracture,269081000,S225.00,mar-fracture,open fracture of the distal humerus,,55,,Open fracture of distal end of humerus
Fracture,302232001,S225.11,mar-fracture,elbow fracture - open,,55,,Elbow fracture - open
Fracture,62356006,S225100,mar-fracture,"open fracture distal humerus, supracondylar",,55,,Open supracondylar fracture of humerus
Fracture,208283005,S225200,mar-fracture,"open fracture distal humerus, lateral condyle",,55,,"Open fracture distal humerus, lateral epicondyle"
Fracture,4750004,S225300,mar-fracture,"open fracture distal humerus, medial condyle",,55,,Open fracture of medial condyle of humerus
Fracture,208281007,S225500,mar-fracture,"open fracture of distal humerus, trochlea",,55,,"Open fracture of distal humerus, trochlea"
Fracture,208284004,S225800,mar-fracture,"open fracture distal humerus, capitellum",,55,,"Open fracture distal humerus, capitellum"
Fracture,208285003,S225900,mar-fracture,"open fracture distal humerus, bicondylar (t-y fracture)",,55,,"Open fracture distal humerus, bicondylar (T-Y fracture)"
Fracture,208286002,S225x00,mar-fracture,"open fracture of distal humerus, multiple",,55,,"Open fracture of distal humerus, multiple"
Fracture,50890004,S227.00,mar-fracture,fracture of shaft of humerus,,55,,Fracture of shaft of humerus
Fracture,263192005,S228.00,mar-fracture,fracture of lower end of humerus,,55,,Fracture of distal end of humerus
Fracture,75857000,S23..11,mar-fracture,forearm fracture,,55,,Fracture of radius AND ulna
Fracture,19259001,S230.00,mar-fracture,closed fracture of proximal radius and ulna,,55,,Closed fracture of upper end of radius AND ulna
Fracture,2295008,S230000,mar-fracture,"closed fracture of proximal forearm, unspecified part",,55,,Closed fracture of upper end of forearm
Fracture,208294009,S230100,mar-fracture,"closed fracture olecranon, extra-articular",,55,,"Closed fracture olecranon, extra-articular"
Fracture,68819003,S230200,mar-fracture,"closed fracture of ulna, coronoid",,55,,Closed fracture of coronoid process of ulna
Fracture,29045004,S230300,mar-fracture,closed monteggia's fracture,,55,,Closed Monteggia's fracture
Fracture,208295005,S230400,mar-fracture,"closed fracture of proximal ulna, comminuted",,55,,"Closed fracture of proximal ulna, comminuted"
Fracture,33041006,S230500,mar-fracture,closed fracture of the proximal ulna,,55,,Closed fracture of proximal end of ulna
Fracture,68854005,S230600,mar-fracture,"closed fracture radius, head",,55,,Closed fracture of head of radius
Fracture,72497001,S230700,mar-fracture,"closed fracture radius, neck",,55,,Closed fracture of neck of radius
Fracture,208296006,S230800,mar-fracture,"closed fracture proximal radius, comminuted",,55,,"Closed fracture proximal radius, comminuted"
Fracture,71139009,S230900,mar-fracture,closed fracture of the proximal radius,,55,,Closed fracture of proximal end of radius
Fracture,208298007,S230B00,mar-fracture,"closed fracture olecranon, intra-articular",,55,,"Closed fracture olecranon, intra-articular"
Fracture,65775005,S231.00,mar-fracture,open fracture of proximal radius and ulna,,55,,Open fracture of upper end of radius AND ulna
Fracture,208301006,S231100,mar-fracture,"open fracture olecranon, extra-articular",,55,,"Open fracture olecranon, extra-articular"
Fracture,86357008,S231200,mar-fracture,"open fracture of ulna, coronoid",,55,,Open fracture of coronoid process of ulna
Fracture,34578006,S231300,mar-fracture,open monteggia's fracture,,55,,Open Monteggia's fracture
Fracture,78490005,S231500,mar-fracture,open fracture of the proximal ulna,,55,,Open fracture of proximal end of ulna
Fracture,69427008,S231600,mar-fracture,open fracture radial head,,55,,Open fracture of head of radius
Fracture,111641007,S231700,mar-fracture,open fracture radial neck,,55,,Open fracture of neck of radius
Fracture,208304003,S231800,mar-fracture,"open fracture proximal radius, comminuted",,55,,"Open fracture proximal radius, comminuted"
Fracture,23813004,S231900,mar-fracture,open fracture of the proximal radius,,55,,Open fracture of proximal end of radius
Fracture,208306001,S231B00,mar-fracture,"open fracture olecranon, intra-articular",,55,,"Open fracture olecranon, intra-articular"
Fracture,28078000,S232.00,mar-fracture,"closed fracture of radius and ulna, shaft",,55,,Closed fracture of shaft of bone of forearm
Fracture,54819005,S232.00,mar-fracture,"closed fracture of radius and ulna, shaft",,55,,Closed fracture of shaft of radius AND ulna
Fracture,263198009,S232000,mar-fracture,"closed fracture of radius, shaft, unspecified",,55,,Fracture of shaft of radius
Fracture,3228009,S232100,mar-fracture,closed fracture of the radial shaft,,55,,Closed fracture of shaft of radius
Fracture,53792000,S232200,mar-fracture,closed fracture of the ulnar shaft,,55,,Closed fracture of shaft of ulna
Fracture,208309008,S232300,mar-fracture,"closed fracture radius and ulna, middle",,55,,"Closed fracture radius and ulna, middle"
Fracture,39993000,S233.00,mar-fracture,"open fracture of radius and ulna, shaft",,55,,Open fracture of shaft of radius AND ulna
Fracture,66246007,S233100,mar-fracture,open fracture of the radial shaft,,55,,Open fracture of shaft of radius
Fracture,42760000,S233200,mar-fracture,open fracture of the ulnar shaft,,55,,Open fracture of shaft of ulna
Fracture,208312006,S233300,mar-fracture,"open fracture radius and ulna, middle",,55,,"Open fracture radius and ulna, middle"
Fracture,208322000,S234800,mar-fracture,closed galeazzi fracture,,55,,Closed Galeazzi fracture
Fracture,208323005,S234900,mar-fracture,closed volar barton's fracture,,55,,Closed volar Barton's fracture
Fracture,208324004,S234A11,mar-fracture,closed dorsal barton's fracture-dislocation,,55,,Closed dorsal Barton's fracture subluxation
Fracture,307713000,S234F00,mar-fracture,closed barton's fracture,,55,,Closed Barton's fracture
Fracture,208341002,S235800,mar-fracture,open galeazzi fracture,,55,,Open Galeazzi fracture
Fracture,208342009,S235900,mar-fracture,open volar barton's fracture,,55,,Open volar Barton's fracture
Fracture,307712005,S235F00,mar-fracture,open barton's fracture,,55,,Open Barton's fracture
Fracture,78980006,S235z00,mar-fracture,"open fracture of forearm, lower end, nos",,55,,Open fracture of lower end of forearm
Fracture,65966004,S235z00,mar-fracture,"open fracture of forearm, lower end, nos",,55,,Fracture of forearm
Fracture,263203001,S236.00,mar-fracture,fracture of upper end of ulna,,55,,Fracture of proximal end of ulna
Fracture,263195007,S237.00,mar-fracture,fracture of upper end of radius,,55,,Fracture of proximal end of radius
Fracture,263204007,S238.00,mar-fracture,fracture of shaft of ulna,,55,,Fracture of shaft of ulna
Fracture,263207000,S23A.00,mar-fracture,fracture of shafts of both ulna and radius,,55,,Fracture of shaft of radius and ulna
Fracture,53627009,S23x.00,mar-fracture,"closed fracture of radius and ulna, unspecified part",,55,,Closed fracture of radius AND ulna
Fracture,91419009,S23x000,mar-fracture,"closed fracture of forearm, unspecified",,55,,Closed fracture of forearm
Fracture,12676007,S23x100,mar-fracture,"closed fracture of radius (alone), unspecified",,55,,Fracture of radius
Fracture,111640008,S23x111,mar-fracture,fracture of radius nos,,55,,Closed fracture of radius
Fracture,54556006,S23x200,mar-fracture,"closed fracture of ulna (alone), unspecified",,55,,Fracture of ulna
Fracture,71555008,S23x211,mar-fracture,fracture of ulna nos,,55,,Closed fracture of ulna
Fracture,81966000,S23y.00,mar-fracture,"open fracture of radius and ulna, unspecified part",,55,,Open fracture of radius AND ulna
Fracture,91296001,S23y000,mar-fracture,"open fracture of forearm, unspecified",,55,,Open fracture of forearm
Fracture,37449000,S23y200,mar-fracture,"open fracture of ulna (alone), unspecified",,55,,Open fracture of ulna
Fracture,82065001,S24..00,mar-fracture,fracture of carpal bone,,55,,Fracture of carpal bone
Fracture,9468002,S240.00,mar-fracture,closed fracture of carpal bone,,55,,Closed fracture carpal bone
Fracture,42818005,S240100,mar-fracture,closed fracture of the scaphoid,,55,,Closed fracture of of navicular bone of wrist
Fracture,37633006,S240200,mar-fracture,closed fracture lunate,,55,,Closed fracture of lunate bone of wrist
Fracture,30632004,S240300,mar-fracture,closed fracture triquetral,,55,,Closed fracture of triquetral bone of wrist
Fracture,43767005,S240400,mar-fracture,closed fracture pisiform,,55,,Closed fracture of pisiform bone of wrist
Fracture,57114005,S240500,mar-fracture,closed fracture trapezium,,55,,Closed fracture of trapezium bone of wrist
Fracture,357009,S240600,mar-fracture,closed fracture trapezoid,,55,,Closed fracture of trapezoidal bone of wrist
Fracture,90114000,S240700,mar-fracture,closed fracture capitate,,55,,Closed fracture of capitate bone of wrist
Fracture,37174005,S240800,mar-fracture,closed fracture hamate,,55,,Closed fracture of hamate bone of wrist
Fracture,208369005,S240900,mar-fracture,"closed fracture hamate, hook",,55,,"Closed fracture hamate, hook"
Fracture,208370006,S240A00,mar-fracture,"closed fracture scaphoid, proximal pole",,55,,"Closed fracture scaphoid, proximal pole"
Fracture,208371005,S240B00,mar-fracture,"closed fracture scaphoid, waist, transverse",,55,,"Closed fracture scaphoid, waist, transverse"
Fracture,208372003,S240C00,mar-fracture,"closed fracture scaphoid, waist, oblique",,55,,"Closed fracture scaphoid, waist, oblique"
Fracture,208373008,S240D00,mar-fracture,"closed fracture scaphoid, waist, comminuted",,55,,"Closed fracture scaphoid, waist, comminuted"
Fracture,208374002,S240E00,mar-fracture,"closed fracture scaphoid, tuberosity",,55,,"Closed fracture scaphoid, tuberosity"
Fracture,208375001,S240F00,mar-fracture,"closed fracture carpal bones, multiple",,55,,"Closed fracture carpal bones, multiple"
Fracture,29014003,S241.00,mar-fracture,open fracture of carpal bone,,55,,Open fracture of carpal bone
Fracture,68076002,S241100,mar-fracture,open fracture of the scaphoid,,55,,Open fracture of navicular bone of wrist
Fracture,53256003,S241200,mar-fracture,open fracture lunate,,55,,Open fracture of lunate bone of wrist
Fracture,7913001,S241300,mar-fracture,open fracture triquetral,,55,,Open fracture of triquetral bone of wrist
Fracture,89161006,S241400,mar-fracture,open fracture pisiform,,55,,Open fracture of pisiform bone of wrist
Fracture,67130000,S241500,mar-fracture,open fracture trapezium,,55,,Open fracture of trapezium of wrist
Fracture,42591009,S241600,mar-fracture,open fracture trapezoid,,55,,Open fracture of trapezoidal bone of wrist
Fracture,44504005,S241700,mar-fracture,open fracture capitate,,55,,Open fracture of capitate bone of wrist
Fracture,34656006,S241800,mar-fracture,open fracture hamate,,55,,Open fracture of hamate bone of wrist
Fracture,208379007,S241900,mar-fracture,"open fracture hamate, hook",,55,,"Open fracture hamate, hook"
Fracture,208380005,S241A00,mar-fracture,"open fracture scaphoid, proximal pole",,55,,"Open fracture scaphoid, proximal pole"
Fracture,208381009,S241B00,mar-fracture,"open fracture scaphoid, waist, transverse",,55,,"Open fracture scaphoid, waist, transverse"
Fracture,208382002,S241C00,mar-fracture,"open fracture scaphoid, waist, oblique",,55,,"Open fracture scaphoid, waist, oblique"
Fracture,208383007,S241D00,mar-fracture,"open fracture scaphoid, waist, comminuted",,55,,"Open fracture scaphoid, waist, comminuted"
Fracture,208384001,S241E00,mar-fracture,"open fracture scaphoid, tuberosity",,55,,"Open fracture scaphoid, tuberosity"
Fracture,208388003,S242.00,mar-fracture,fracture at wrist and hand level,,55,,Fracture at wrist and hand level
Fracture,31975004,S242000,mar-fracture,fracture of scaphoid,,55,,Fracture of navicular bone of wrist
Fracture,208390002,S242100,mar-fracture,fracture of first metacarpal bone,,55,,Fracture of first metacarpal bone
Fracture,208393000,S242200,mar-fracture,fracture of other metacarpal bone,,55,,Fracture of metacarpal bone
Fracture,9275003,S242300,mar-fracture,multiple fractures of metacarpal bones,,55,,Fracture of multiple sites of metacarpus
Fracture,208394006,S250.00,mar-fracture,closed fracture of metacarpal bone(s),,55,,Closed fracture of metacarpal bone(s)
Fracture,208397004,S250200,mar-fracture,closed fracture finger metacarpal base,,55,,Closed fracture finger metacarpal base
Fracture,46422008,S250300,mar-fracture,closed fracture finger metacarpal shaft,,55,,Closed fracture of shaft of metacarpal bone
Fracture,208399001,S250400,mar-fracture,closed fracture finger metacarpal neck,,55,,Closed fracture finger metacarpal neck
Fracture,208400008,S250500,mar-fracture,closed fracture finger metacarpal head,,55,,Closed fracture finger metacarpal head
Fracture,208401007,S250600,mar-fracture,closed fracture finger metacarpal,,55,,Closed fracture finger metacarpal
Fracture,208402000,S250700,mar-fracture,"closed fracture finger metacarpal, multiple",,55,,"Closed fracture finger metacarpal, multiple"
Fracture,208403005,S250800,mar-fracture,closed fracture of thumb metacarpal,,55,,Closed fracture of thumb metacarpal
Fracture,208405003,S250A00,mar-fracture,closed fracture thumb metacarpal shaft,,55,,Closed fracture thumb metacarpal shaft
Fracture,208406002,S250B00,mar-fracture,closed fracture thumb metacarpal neck,,55,,Closed fracture thumb metacarpal neck
Fracture,208408001,S250C00,mar-fracture,closed fracture thumb metacarpal head,,55,,Closed fracture thumb metacarpal head
Fracture,1370007,S251.00,mar-fracture,open fracture of metacarpal bone(s),,55,,Open fracture of metacarpal bone
Fracture,208414008,S251200,mar-fracture,open fracture finger metacarpal base,,55,,Open fracture finger metacarpal base
Fracture,72224003,S251300,mar-fracture,open fracture finger metacarpal shaft,,55,,Open fracture of shaft of metacarpal bone
Fracture,208416005,S251400,mar-fracture,open fracture finger metacarpal neck,,55,,Open fracture finger metacarpal neck
Fracture,208417001,S251500,mar-fracture,open fracture finger metacarpal head,,55,,Open fracture finger metacarpal head
Fracture,208418006,S251600,mar-fracture,open fracture finger metacarpal,,55,,Open fracture finger metacarpal
Fracture,208419003,S251700,mar-fracture,"open fracture finger metacarpal, multiple",,55,,"Open fracture finger metacarpal, multiple"
Fracture,208420009,S251800,mar-fracture,open fracture of thumb metacarpal,,55,,Open fracture of thumb metacarpal
Fracture,208422001,S251A00,mar-fracture,open fracture thumb metacarpal shaft,,55,,Open fracture thumb metacarpal shaft
Fracture,208424000,S251C00,mar-fracture,open fracture thumb metacarpal head,,55,,Open fracture thumb metacarpal head
Fracture,208427007,S252.00,mar-fracture,closed fracture sesamoid bone of hand,,55,,Closed fracture sesamoid bone of hand
Fracture,208428002,S253.00,mar-fracture,open fracture sesamoid bone of hand,,55,,Open fracture sesamoid bone of hand
Fracture,274160002,S26..00,mar-fracture,fracture of one or more phalanges of hand,,55,,Fracture of phalanx of thumb
Fracture,18171007,S26..11,mar-fracture,finger fracture,,55,,Fracture of phalanx of finger
Fracture,405817008,S26..12,mar-fracture,thumb fracture excluding base,,55,,Fracture of phalanx of hand (disorder)
Fracture,208430000,S260.00,mar-fracture,closed fracture of one or more phalanges of hand,,55,,Closed fracture of one or more phalanges of hand
Fracture,208434009,S260300,mar-fracture,closed fracture thumb proximal phalanx,,55,,Closed fracture thumb proximal phalanx
Fracture,208435005,S260400,mar-fracture,"closed fracture thumb proximal phalanx, base",,55,,"Closed fracture thumb proximal phalanx, base"
Fracture,208436006,S260500,mar-fracture,"closed fracture thumb proximal phalanx, shaft",,55,,"Closed fracture thumb proximal phalanx, shaft"
Fracture,208437002,S260600,mar-fracture,"closed fracture thumb proximal phalanx, neck",,55,,"Closed fracture thumb proximal phalanx, neck"
Fracture,208438007,S260700,mar-fracture,"closed fracture thumb proximal phalanx, head",,55,,"Closed fracture thumb proximal phalanx, head"
Fracture,208439004,S260800,mar-fracture,closed fracture thumb distal phalanx,,55,,Closed fracture thumb distal phalanx
Fracture,208440002,S260900,mar-fracture,"closed fracture thumb distal phalanx, base",,55,,"Closed fracture thumb distal phalanx, base"
Fracture,208441003,S260A00,mar-fracture,"closed fracture thumb distal phalanx, shaft",,55,,"Closed fracture thumb distal phalanx, shaft"
Fracture,208442005,S260B00,mar-fracture,"closed fracture thumb distal phalanx, tuft",,55,,"Closed fracture thumb distal phalanx, tuft"
Fracture,208443000,S260C00,mar-fracture,"closed fracture thumb distal phalanx, mallet",,55,,"Closed fracture thumb distal phalanx, mallet"
Fracture,208444006,S260D00,mar-fracture,closed fracture finger proximal phalanx,,55,,Closed fracture finger proximal phalanx
Fracture,208445007,S260E00,mar-fracture,"closed fracture finger proximal phalanx, base",,55,,"Closed fracture finger proximal phalanx, base"
Fracture,208446008,S260F00,mar-fracture,"closed fracture finger proximal phalanx, shaft",,55,,"Closed fracture finger proximal phalanx, shaft"
Fracture,208447004,S260G00,mar-fracture,"closed fracture finger proximal phalanx, neck",,55,,"Closed fracture finger proximal phalanx, neck"
Fracture,208448009,S260H00,mar-fracture,"closed fracture finger proximal phalanx, head",,55,,"Closed fracture finger proximal phalanx, head"
Fracture,208449001,S260J00,mar-fracture,"closed fracture finger proximal phalanx, multiple",,55,,"Closed fracture finger proximal phalanx, multiple"
Fracture,208450001,S260K00,mar-fracture,closed fracture finger middle phalanx,,55,,Closed fracture finger middle phalanx
Fracture,208451002,S260L00,mar-fracture,"closed fracture finger middle phalanx, base",,55,,"Closed fracture finger middle phalanx, base"
Fracture,208452009,S260M00,mar-fracture,"closed fracture finger middle phalanx, shaft",,55,,"Closed fracture finger middle phalanx, shaft"
Fracture,208453004,S260N00,mar-fracture,"closed fracture finger middle phalanx, neck",,55,,"Closed fracture finger middle phalanx, neck"
Fracture,208454005,S260P00,mar-fracture,"closed fracture finger middle phalanx, head",,55,,"Closed fracture finger middle phalanx, head"
Fracture,208455006,S260Q00,mar-fracture,"closed fracture finger middle phalanx, multiple",,55,,"Closed fracture finger middle phalanx, multiple"
Fracture,76865005,S260R00,mar-fracture,closed fracture finger distal phalanx,,55,,Closed fracture of distal phalanx of finger
Fracture,208456007,S260S00,mar-fracture,"closed fracture finger distal phalanx, base",,55,,"Closed fracture finger distal phalanx, base"
Fracture,208457003,S260T00,mar-fracture,"closed fracture finger distal phalanx, shaft",,55,,"Closed fracture finger distal phalanx, shaft"
Fracture,208458008,S260U00,mar-fracture,"closed fracture finger distal phalanx, tuft",,55,,"Closed fracture finger distal phalanx, tuft"
Fracture,208459000,S260V00,mar-fracture,"closed fracture finger distal phalanx, mallet",,55,,"Closed fracture finger distal phalanx, mallet"
Fracture,208460005,S260W00,mar-fracture,"closed fracture finger distal phalanx, multiple",,55,,"Closed fracture finger distal phalanx, multiple"
Fracture,208461009,S260x00,mar-fracture,"closed fractures of phalanx or phalanges, multiple sites",,55,,"Closed fractures of phalanx or phalanges, multiple sites"
Fracture,208463007,S261.00,mar-fracture,open fracture of one or more phalanges of hand,,55,,Open fracture of one or more phalanges of hand
Fracture,208467008,S261300,mar-fracture,open fracture thumb proximal phalanx,,55,,Open fracture thumb proximal phalanx
Fracture,208468003,S261400,mar-fracture,"open fracture thumb proximal phalanx, base",,55,,"Open fracture thumb proximal phalanx, base"
Fracture,208469006,S261500,mar-fracture,"open fracture thumb proximal phalanx, shaft",,55,,"Open fracture thumb proximal phalanx, shaft"
Fracture,208470007,S261600,mar-fracture,"open fracture thumb proximal phalanx, neck",,55,,"Open fracture thumb proximal phalanx, neck"
Fracture,208471006,S261700,mar-fracture,"open fracture thumb proximal phalanx, head",,55,,"Open fracture thumb proximal phalanx, head"
Fracture,208472004,S261800,mar-fracture,open fracture thumb distal phalanx,,55,,Open fracture thumb distal phalanx
Fracture,208473009,S261900,mar-fracture,"open fracture thumb distal phalanx, base",,55,,"Open fracture thumb distal phalanx, base"
Fracture,208474003,S261A00,mar-fracture,"open fracture thumb distal phalanx, shaft",,55,,"Open fracture thumb distal phalanx, shaft"
Fracture,208475002,S261B00,mar-fracture,"open fracture thumb distal phalanx, tuft",,55,,"Open fracture thumb distal phalanx, tuft"
Fracture,208476001,S261C00,mar-fracture,"open fracture thumb distal phalanx, mallet",,55,,"Open fracture thumb distal phalanx, mallet"
Fracture,208477005,S261D00,mar-fracture,open fracture finger proximal phalanx,,55,,Open fracture finger proximal phalanx
Fracture,208478000,S261E00,mar-fracture,"open fracture finger proximal phalanx, base",,55,,"Open fracture finger proximal phalanx, base"
Fracture,208479008,S261F00,mar-fracture,"open fracture finger proximal phalanx, shaft",,55,,"Open fracture finger proximal phalanx, shaft"
Fracture,208480006,S261G00,mar-fracture,"open fracture finger proximal phalanx, neck",,55,,"Open fracture finger proximal phalanx, neck"
Fracture,208481005,S261H00,mar-fracture,"open fracture finger proximal phalanx, head",,55,,"Open fracture finger proximal phalanx, head"
Fracture,208482003,S261J00,mar-fracture,"open fracture finger proximal phalanx, multiple",,55,,"Open fracture finger proximal phalanx, multiple"
Fracture,208483008,S261K00,mar-fracture,open fracture finger middle phalanx,,55,,Open fracture finger middle phalanx
Fracture,208484002,S261L00,mar-fracture,"open fracture finger middle phalanx, base",,55,,"Open fracture finger middle phalanx, base"
Fracture,208485001,S261M00,mar-fracture,"open fracture finger middle phalanx, shaft",,55,,"Open fracture finger middle phalanx, shaft"
Fracture,208486000,S261N00,mar-fracture,"open fracture finger middle phalanx, neck",,55,,"Open fracture finger middle phalanx, neck"
Fracture,208487009,S261P00,mar-fracture,"open fracture finger middle phalanx, head",,55,,"Open fracture finger middle phalanx, head"
Fracture,41511005,S261R00,mar-fracture,open fracture finger distal phalanx,,55,,Open fracture of distal phalanx of finger
Fracture,208489007,S261S00,mar-fracture,"open fracture finger distal phalanx, base",,55,,"Open fracture finger distal phalanx, base"
Fracture,208490003,S261T00,mar-fracture,"open fracture finger distal phalanx, shaft",,55,,"Open fracture finger distal phalanx, shaft"
Fracture,208491004,S261U00,mar-fracture,"open fracture finger distal phalanx, tuft",,55,,"Open fracture finger distal phalanx, tuft"
Fracture,208492006,S261V00,mar-fracture,"open fracture finger distal phalanx, mallet",,55,,"Open fracture finger distal phalanx, mallet"
Fracture,208493001,S261W00,mar-fracture,"open fracture finger distal phalanx, multiple",,55,,"Open fracture finger distal phalanx, multiple"
Fracture,208494007,S261x00,mar-fracture,"open fracture of phalanx or phalanges, multiple sites",,55,,"Open fracture of phalanx or phalanges, multiple sites"
Fracture,76974008,S264.00,mar-fracture,multiple fractures of fingers,,55,,Fracture of multiple sites of phalanges of hand
Fracture,37418005,S27..00,mar-fracture,multiple fractures of hand bones,,55,,Multiple fractures of hand bones
Fracture,208499002,S270.00,mar-fracture,closed multiple fractures of hand bones,,55,,Closed multiple fractures of hand bones
Fracture,208500006,S271.00,mar-fracture,open multiple fractures of hand bones,,55,,Open multiple fractures of hand bones
Fracture,208502003,S28..00,mar-fracture,ill-defined fractures of upper limb,,55,,Ill-defined fractures of upper limb
Fracture,208503008,S280.00,mar-fracture,closed ill-defined fractures of upper limb,,55,,Closed ill-defined fractures of upper limb
Fracture,208505001,S281.00,mar-fracture,open ill-defined fractures of upper limb,,55,,Open ill-defined fractures of upper limb
Fracture,263256004,S29..11,mar-fracture,multiple fractures of arm,,55,,Multiple fractures of sternum
Fracture,45678008,S29..11,mar-fracture,multiple fractures of arm,,55,,Fracture of multiple bones of upper limb
Fracture,1261007,S29..11,mar-fracture,multiple fractures of arm,,55,,Fracture of multiple ribs
Fracture,269090007,S29..13,mar-fracture,multiple fractures of sternum,,55,,"Multiple fractures involving both upper limbs, and upper limb with rib(s) and sternum"
Fracture,208510002,S292.00,mar-fracture,"multiple fractures of clavicle, scapula and humerus",,55,,"Multiple fractures of clavicle, scapula and humerus"
Fracture,311816000,S292000,mar-fracture,"closed multiple fractures of clavicle, scapula and humerus",,55,,"Closed multiple fractures of clavicle, scapula and humerus"
Fracture,311817009,S292100,mar-fracture,"open multiple fractures of clavicle, scapula and humerus",,55,,"Open multiple fractures of clavicle, scapula and humerus"
Fracture,208513000,S293.00,mar-fracture,multiple fractures of forearm,,55,,Multiple fractures of forearm
Fracture,208514006,S294.00,mar-fracture,fractures involving multiple regions of both upper limbs,,55,,Fractures involving multiple regions of both upper limbs
Fracture,311819007,S294000,mar-fracture,cl fractures involving multiple regions of both upper limbs,,55,,Closed fractures involving multiple regions of both upper limbs
Fracture,20511007,S2B..00,mar-fracture,fracture of bone of hand,,55,,Fracture of hand
Fracture,46866001,S3...00,mar-fracture,fracture of lower limb,,55,,Fracture of lower limb
Fracture,275341005,S302012,mar-fracture,"closed fracture of femur, lesser trochanter",,55,,"Closed fracture of femur, lesser trochanter"
Fracture,275340006,S302012,mar-fracture,"closed fracture of femur, lesser trochanter",,55,,"Closed fracture of femur, greater trochanter"
Fracture,208548007,S302012,mar-fracture,"closed fracture of femur, lesser trochanter",,55,,"Closed fracture of proximal femur, pertrochanteric"
Fracture,275342003,S303011,mar-fracture,"open fracture of femur, greater trochanter",,55,,"Open fracture of femur, lesser trochanter"
Fracture,5913000,S303011,mar-fracture,"open fracture of femur, greater trochanter",,55,,Fracture of neck of femur
Fracture,275343008,S303011,mar-fracture,"open fracture of femur, greater trochanter",,55,,"Open fracture of femur, greater trochanter"
Fracture,71620000,S31..00,mar-fracture,other fracture of femur,,55,,Fracture of femur
Fracture,25415003,S310.00,mar-fracture,"closed fracture of femur, shaft or unspecified part",,55,,Closed fracture of femur
Fracture,26442006,S310.00,mar-fracture,"closed fracture of femur, shaft or unspecified part",,55,,Closed fracture of shaft of femur
Fracture,6628008,S311100,mar-fracture,open fracture shaft of femur,,55,,Open fracture of shaft of femur
Fracture,263233008,S312.00,mar-fracture,closed fracture distal femur,,55,,"Closed fracture of femur, distal end"
Fracture,66926007,S312100,mar-fracture,"closed fracture of femoral condyle, unspecified",,55,,Closed fracture of femoral condyle of femur
Fracture,208578003,S312200,mar-fracture,"closed fracture of femur, lower epiphysis",,55,,"Closed fracture of femur, lower epiphysis"
Fracture,30905007,S312300,mar-fracture,"closed fracture distal femur, supracondylar",,55,,Closed supracondylar fracture of femur
Fracture,208579006,S312400,mar-fracture,"closed fracture distal femur, medial condyle",,55,,"Closed fracture distal femur, medial condyle"
Fracture,208580009,S312500,mar-fracture,"closed fracture distal femur, lateral condyle",,55,,"Closed fracture distal femur, lateral condyle"
Fracture,208581008,S312600,mar-fracture,"closed fracture distal femur, bicondylar (t-y fracture)",,55,,"Closed fracture distal femur, bicondylar (T-Y fracture)"
Fracture,208582001,S312x00,mar-fracture,"closed fracture distal femur, comminuted/intra-articular",,55,,"Closed fracture distal femur, comminuted/intra-articular"
Fracture,263234002,S313.00,mar-fracture,open fracture distal femur,,55,,"Open fracture of femur, distal end"
Fracture,19652000,S313100,mar-fracture,"open fracture of femoral condyle, unspecified",,55,,Open fracture of femoral condyle of femur
Fracture,263236000,S313100,mar-fracture,"open fracture of femoral condyle, unspecified",,55,,Fracture of femoral condyle
Fracture,208587007,S313200,mar-fracture,"open fracture of femur, lower epiphysis",,55,,"Open fracture of femur, lower epiphysis"
Fracture,79978005,S313300,mar-fracture,"open fracture distal femur, supracondylar",,55,,Open supracondylar fracture of femur
Fracture,208588002,S313400,mar-fracture,"open fracture distal femur, medial condyle",,55,,"Open fracture distal femur, medial condyle"
Fracture,208589005,S313500,mar-fracture,"open fracture distal femur, lateral condyle",,55,,"Open fracture distal femur, lateral condyle"
Fracture,208591002,S313x00,mar-fracture,"open fracture distal femur, comminuted/intra-articular",,55,,"Open fracture distal femur, comminuted/intra-articular"
Fracture,54441004,S314.00,mar-fracture,fracture of shaft of femur,,55,,Fracture of shaft of femur
Fracture,263232003,S315.00,mar-fracture,fracture of lower end of femur,,55,,Fracture of distal end of femur
Fracture,51037009,S32..00,mar-fracture,fracture of patella,,55,,Fracture of patella
Fracture,80756009,S320.00,mar-fracture,closed fracture of the patella,,55,,Closed fracture of patella
Fracture,208596007,S320000,mar-fracture,"closed fracture patella, transverse",,55,,"Closed fracture patella, transverse"
Fracture,208597003,S320100,mar-fracture,"closed fracture patella, proximal pole",,55,,"Closed fracture patella, proximal pole"
Fracture,208598008,S320200,mar-fracture,"closed fracture patella, distal pole",,55,,"Closed fracture patella, distal pole"
Fracture,208600002,S320300,mar-fracture,"closed fracture patella, vertical",,55,,"Closed fracture patella, vertical"
Fracture,208601003,S320400,mar-fracture,"closed fracture patella, comminuted (stellate)",,55,,"Closed fracture patella, comminuted (stellate)"
Fracture,111643005,S321.00,mar-fracture,open fracture of the patella,,55,,Open fracture of patella
Fracture,208602005,S321000,mar-fracture,"open fracture patella, transverse",,55,,"Open fracture patella, transverse"
Fracture,208603000,S321100,mar-fracture,"open fracture patella, proximal pole",,55,,"Open fracture patella, proximal pole"
Fracture,208604006,S321200,mar-fracture,"open fracture patella, distal pole",,55,,"Open fracture patella, distal pole"
Fracture,208606008,S321400,mar-fracture,"open fracture patella, comminuted (stellate)",,55,,"Open fracture patella, comminuted (stellate)"
Fracture,414293001,S33..00,mar-fracture,fracture of tibia and fibula,,55,,Fracture of tibia AND fibula (disorder)
Fracture,111644004,S330.00,mar-fracture,"closed fracture of tibia and fibula, proximal",,55,,Closed fracture of upper end of lower leg
Fracture,47848000,S330000,mar-fracture,closed fracture of the proximal tibia,,55,,Closed fracture of condyle of tibia
Fracture,263237009,S330000,mar-fracture,closed fracture of the proximal tibia,,55,,Closed fracture of tibial tuberosity
Fracture,23900009,S330012,mar-fracture,closed fracture of tibial tuberosity,,55,,Closed fracture of upper end of tibia
Fracture,59639009,S330100,mar-fracture,closed fracture proximal fibula,,55,,Closed fracture of upper end of fibula
Fracture,208610006,S330300,mar-fracture,"closed fracture proximal tibia, medial condyle (plateau)",,55,,"Closed fracture proximal tibia, medial condyle (plateau)"
Fracture,208611005,S330400,mar-fracture,"closed fracture proximal tibia, lateral condyle (plateau)",,55,,"Closed fracture proximal tibia, lateral condyle (plateau)"
Fracture,208612003,S330500,mar-fracture,"closed fracture proximal tibia, bicondylar",,55,,"Closed fracture proximal tibia, bicondylar"
Fracture,208613008,S330600,mar-fracture,"closed fracture spine, tibia",,55,,"Closed fracture spine, tibia"
Fracture,208614002,S330700,mar-fracture,"closed fracture tubercle, tibia",,55,,"Closed fracture tubercle, tibia"
Fracture,28359007,S330800,mar-fracture,"closed fracture fibula, head",,55,,Closed fracture of head of fibula
Fracture,208615001,S330900,mar-fracture,"closed fracture fibula, neck",,55,,"Closed fracture fibula, neck"
Fracture,69166006,S330z00,mar-fracture,"closed fracture of tibia and fibula, proximal nos",,55,,Fracture of upper end of lower leg
Fracture,9344009,S331.00,mar-fracture,"open fracture of tibia and fibula, proximal",,55,,Open fracture of upper end of lower leg
Fracture,263239007,S331000,mar-fracture,open fracture of the proximal tibia,,55,,Open fracture of tibial condyles
Fracture,111645003,S331012,mar-fracture,open fracture of tibial tuberosity,,55,,Open fracture of upper end of tibia
Fracture,263238004,S331012,mar-fracture,open fracture of tibial tuberosity,,55,,Open fracture of tibial tuberosity
Fracture,59556008,S331100,mar-fracture,open fracture proximal fibula,,55,,Open fracture of upper end of fibula
Fracture,208619007,S331300,mar-fracture,"open fracture proximal tibia, medial condyle (plateau)",,55,,"Open fracture proximal tibia, medial condyle (plateau)"
Fracture,208620001,S331400,mar-fracture,"open fracture proximal tibia, lateral condyle (plateau)",,55,,"Open fracture proximal tibia, lateral condyle (plateau)"
Fracture,208623004,S331700,mar-fracture,"open fracture tubercle, tibia",,55,,"Open fracture tubercle, tibia"
Fracture,208624005,S331800,mar-fracture,"open fracture fibula, head",,55,,"Open fracture fibula, head"
Fracture,208625006,S331900,mar-fracture,"open fracture fibula, neck",,55,,"Open fracture fibula, neck"
Fracture,446980008,S331A00,mar-fracture,open fracture tibial plateau,,55,,Open fracture of tibial plateau (disorder)
Fracture,208627003,S332.00,mar-fracture,"closed fracture of tibia/fibula, shaft",,55,,"Closed fracture of tibia or fibula, shaft"
Fracture,6990005,S332000,mar-fracture,closed fracture shaft of tibia,,55,,Fracture of shaft of tibia
Fracture,28012007,S332000,mar-fracture,closed fracture shaft of tibia,,55,,Closed fracture of shaft of tibia
Fracture,77803008,S332100,mar-fracture,closed fracture shaft of fibula,,55,,Closed fracture of shaft of fibula
Fracture,208629000,S332200,mar-fracture,"closed fracture of tibia and fibula, shaft",,55,,"Closed fracture of tibia and fibula, shaft"
Fracture,208631009,S333.00,mar-fracture,"open fracture of tibia/fibula, shaft",,55,,"Open fracture of tibia or fibula, shaft"
Fracture,22234005,S333000,mar-fracture,open fracture shaft of tibia,,55,,Open fracture of shaft of tibia
Fracture,111646002,S333100,mar-fracture,open fracture shaft of fibula,,55,,Open fracture of shaft of fibula
Fracture,208632002,S333200,mar-fracture,"open fracture of tibia and fibula, shaft",,55,,"Open fracture of tibia and fibula, shaft"
Fracture,208634001,S334.00,mar-fracture,closed fracture distal tibia,,55,,Closed fracture distal tibia
Fracture,208635000,S334000,mar-fracture,"closed fracture distal tibia, extra-articular",,55,,"Closed fracture distal tibia, extra-articular"
Fracture,208636004,S334100,mar-fracture,"closed fracture distal tibia, intra-articular",,55,,"Closed fracture distal tibia, intra-articular"
Fracture,208637008,S335.00,mar-fracture,open fracture distal tibia,,55,,Open fracture distal tibia
Fracture,208638003,S335000,mar-fracture,"open fracture distal tibia, extra-articular",,55,,"Open fracture distal tibia, extra-articular"
Fracture,208639006,S335100,mar-fracture,"open fracture distal tibia, intra-articular",,55,,"Open fracture distal tibia, intra-articular"
Fracture,20433007,S336.00,mar-fracture,fracture of upper end of tibia,,55,,Fracture of upper end of tibia
Fracture,428257007,S336000,mar-fracture,fracture tibial plateau,,55,,Fracture of tibial plateau (disorder)
Fracture,16114001,S338.00,mar-fracture,fracture of lower end of tibia,,55,,Fracture of ankle
Fracture,278537006,S338.00,mar-fracture,fracture of lower end of tibia,,55,,Fracture of distal end of tibia
Fracture,75591007,S339.00,mar-fracture,fracture of fibula alone,,55,,Fracture of fibula
Fracture,308153009,S339000,mar-fracture,closed fracture of distal fibula,,55,,Closed fracture of distal fibula
Fracture,307727005,S339100,mar-fracture,open fracture of distal fibula,,55,,Open fracture of distal fibula
Fracture,31978002,S33A.00,mar-fracture,fracture of tibia,,55,,Fracture of tibia
Fracture,445311003,S33B.00,mar-fracture,open fracture of distal tibia and fibula,,55,,Open fracture of distal tibia and distal fibula (disorder)
Fracture,445410003,S33C.00,mar-fracture,closed fracture of distal tibia and fibula,,55,,Closed fracture of distal tibia and distal fibula (disorder)
Fracture,413877007,S33x.00,mar-fracture,"closed fracture of tibia and fibula, unspecified part, nos",,55,,Closed fracture of tibia AND fibula (disorder)
Fracture,414292006,S33x.00,mar-fracture,"closed fracture of tibia and fibula, unspecified part, nos",,55,,Fracture of lower leg (disorder)
Fracture,447139008,S33x000,mar-fracture,"closed fracture of tibia, unspecified part, nos",,55,,Closed fracture of tibia (disorder)
Fracture,447395005,S33x100,mar-fracture,"closed fracture of fibula, unspecified part, nos",,55,,Closed fracture of fibula (disorder)
Fracture,446979005,S33y000,mar-fracture,"open fracture of tibia, unspecified part, nos",,55,,Open fracture of tibia (disorder)
Fracture,414943006,S33y200,mar-fracture,"open fracture of tibia and fibula, unspecified part",,55,,Open fracture of tibia AND fibula (disorder)
Fracture,123975002,S34..00,mar-fracture,fracture of ankle,,55,,Trimalleolar fracture
Fracture,263244000,S34..00,mar-fracture,fracture of ankle,,55,,Bimalleolar fracture of ankle
Fracture,15385006,S340.00,mar-fracture,"closed fracture ankle, medial malleolus",,55,,Closed fracture of medial malleolus
Fracture,54530004,S341.00,mar-fracture,"open fracture ankle, medial malleolus",,55,,Open fracture of medial malleolus
Fracture,34268009,S342.00,mar-fracture,"closed fracture ankle, lateral malleolus",,55,,Closed fracture of lateral malleolus
Fracture,208657007,S342000,mar-fracture,"closed fracture ankle, lateral malleolus, low",,55,,"Closed fracture ankle, lateral malleolus, low"
Fracture,208658002,S342100,mar-fracture,"closed fracture ankle, lateral malleolus, high",,55,,"Closed fracture ankle, lateral malleolus, high"
Fracture,4673003,S343.00,mar-fracture,"open fracture ankle, lateral malleolus",,55,,Open fracture of lateral malleolus
Fracture,208659005,S343000,mar-fracture,"open fracture ankle, lateral malleolus, low",,55,,"Open fracture ankle, lateral malleolus, low"
Fracture,208660000,S343100,mar-fracture,"open fracture ankle, lateral malleolus, high",,55,,"Open fracture ankle, lateral malleolus, high"
Fracture,25899002,S344.00,mar-fracture,"closed fracture ankle, bimalleolar",,55,,Closed bimalleolar fracture
Fracture,208662008,S344000,mar-fracture,"closed fracture ankle, bimalleolar, low fibular fracture",,55,,"Closed fracture ankle, bimalleolar, low fibular fracture"
Fracture,208663003,S344100,mar-fracture,"closed fracture ankle, bimalleolar, high fibular fracture",,55,,"Closed fracture ankle, bimalleolar, high fibular fracture"
Fracture,26908008,S345.00,mar-fracture,"open fracture ankle, bimalleolar",,55,,Open bimalleolar fracture
Fracture,208664009,S345000,mar-fracture,"open fracture ankle, bimalleolar, low fibular fracture",,55,,"Open fracture ankle, bimalleolar, low fibular fracture"
Fracture,208665005,S345100,mar-fracture,"open fracture ankle, bimalleolar, high fibular fracture",,55,,"Open fracture ankle, bimalleolar, high fibular fracture"
Fracture,6698000,S346.00,mar-fracture,"closed fracture ankle, trimalleolar",,55,,Closed trimalleolar fracture
Fracture,208666006,S346000,mar-fracture,"closed fracture ankle, trimalleolar, low fibular fracture",,55,,"Closed fracture ankle, trimalleolar, low fibular fracture"
Fracture,208667002,S346100,mar-fracture,"closed fracture ankle, trimalleolar, high fibular fracture",,55,,"Closed fracture ankle, trimalleolar, high fibular fracture"
Fracture,90338005,S347.00,mar-fracture,"open fracture ankle, trimalleolar",,55,,Open trimalleolar fracture
Fracture,208668007,S347000,mar-fracture,"open fracture ankle, trimalleolar, low fibular fracture",,55,,"Open fracture ankle, trimalleolar, low fibular fracture"
Fracture,208669004,S347100,mar-fracture,"open fracture ankle, trimalleolar, high fibular fracture",,55,,"Open fracture ankle, trimalleolar, high fibular fracture"
Fracture,281531008,S348.00,mar-fracture,fracture of medial malleolus,,55,,Fracture of medial malleolus
Fracture,281535004,S349.00,mar-fracture,fracture of lateral malleolus,,55,,Fracture of lateral malleolus
Fracture,42188001,S34x.00,mar-fracture,"closed fracture ankle, unspecified",,55,,Closed fracture of ankle
Fracture,48187004,S34y.00,mar-fracture,"open fracture ankle, unspecified",,55,,Open fracture of ankle
Fracture,263251009,S35..00,mar-fracture,fracture of one or more tarsal and metatarsal bones,,55,,Metatarsal bone fracture
Fracture,263245004,S35..11,mar-fracture,metatarsal bone fracture,,55,,Fracture of tarsal bone
Fracture,269100000,S35..11,mar-fracture,metatarsal bone fracture,,55,,Fracture of one or more tarsal and metatarsal bones
Fracture,263247007,S350.11,mar-fracture,heel bone fracture,,55,,Fracture of calcaneus
Fracture,64665009,S350.12,mar-fracture,os calcis fracture,,55,,Closed fracture of calcaneus
Fracture,208677000,S350000,mar-fracture,"closed fracture calcaneus, extra-articular",,55,,"Closed fracture calcaneus, extra-articular"
Fracture,208678005,S350100,mar-fracture,"closed fracture calcaneus, intra-articular",,55,,"Closed fracture calcaneus, intra-articular"
Fracture,24948002,S351.00,mar-fracture,open fracture of calcaneus,,55,,Open fracture of calcaneus
Fracture,208680004,S351100,mar-fracture,"open fractures calcaneus, intra-articular",,55,,"Open fractures calcaneus, intra-articular"
Fracture,263253007,S352.00,mar-fracture,closed fracture of other tarsal and metatarsal bones,,55,,March fracture
Fracture,447138000,S352000,mar-fracture,"closed fracture of tarsal bone, unspecified",,55,,Closed fracture of tarsal bone (disorder)
Fracture,79626009,S352100,mar-fracture,closed fracture of talus,,55,,Closed fracture of astragalus
Fracture,75308009,S352200,mar-fracture,closed fracture navicular,,55,,Closed fracture of navicular bone of foot
Fracture,9808005,S352300,mar-fracture,closed fracture cuboid,,55,,Closed fracture of cuboid bone of foot
Fracture,67422008,S352400,mar-fracture,closed fracture medial cuneiform,,55,,Closed fracture of medial cuneiform bone of foot
Fracture,24212007,S352500,mar-fracture,closed fracture intermediate cuneiform,,55,,Closed fracture of intermediate cuneiform bone of foot
Fracture,41977005,S352600,mar-fracture,closed fracture lateral cuneiform,,55,,Closed fracture of lateral cuneiform bone of foot
Fracture,36924003,S352700,mar-fracture,closed fracture metatarsal,,55,,Closed fracture of metatarsal bone
Fracture,208684008,S352800,mar-fracture,"closed fracture talus, head",,55,,"Closed fracture talus, head"
Fracture,208685009,S352900,mar-fracture,"closed fracture talus, neck",,55,,"Closed fracture talus, neck"
Fracture,208686005,S352A00,mar-fracture,"closed fracture talus, body",,55,,"Closed fracture talus, body"
Fracture,208687001,S352B00,mar-fracture,closed fracture metatarsal base,,55,,Closed fracture metatarsal base
Fracture,208688006,S352C00,mar-fracture,closed fracture metatarsal shaft,,55,,Closed fracture metatarsal shaft
Fracture,208689003,S352D00,mar-fracture,closed fracture metatarsal neck,,55,,Closed fracture metatarsal neck
Fracture,208690007,S352E00,mar-fracture,closed fracture metatarsal head,,55,,Closed fracture metatarsal head
Fracture,208691006,S352F00,mar-fracture,"closed fracture metatarsal, multiple",,55,,"Closed fracture metatarsal, multiple"
Fracture,208692004,S352G00,mar-fracture,"closed tarsal fractures, multiple",,55,,"Closed tarsal fractures, multiple"
Fracture,42306005,S352H00,mar-fracture,closed fracture of cuneiforms,,55,,Closed fracture of cuneiform bone of foot
Fracture,424648000,S352J00,mar-fracture,closed fracture of base of fifth metatarsal,,55,,Closed fracture of base of fifth metatarsal bone (disorder)
Fracture,7.69141E+14,S352z00,mar-fracture,closed fracture of one or more tarsal + metatarsal bones nos,,55,,Closed fracture of one or more tarsal and metatarsal bones
Fracture,3381004,S353100,mar-fracture,open fracture of talus,,55,,Open fracture of astragalus
Fracture,73015009,S353200,mar-fracture,open fracture navicular,,55,,Open fracture of navicular bone of foot
Fracture,26646003,S353300,mar-fracture,open fracture cuboid,,55,,Open fracture of cuboid bone of foot
Fracture,54075005,S353400,mar-fracture,open fracture medial cuneiform,,55,,Open fracture of medial cuneiform bone of foot
Fracture,23020007,S353500,mar-fracture,open fracture intermediate cuneiform,,55,,Open fracture of intermediate cuneiform bone of foot
Fracture,66973001,S353600,mar-fracture,open fracture lateral cuneiform,,55,,Open fracture of lateral cuneiform bone of foot
Fracture,77551005,S353700,mar-fracture,open fracture metatarsal,,55,,Open fracture of metatarsal bone
Fracture,208696001,S353800,mar-fracture,"open fracture talus, head",,55,,"Open fracture talus, head"
Fracture,208697005,S353900,mar-fracture,"open fracture talus, neck",,55,,"Open fracture talus, neck"
Fracture,208698000,S353A00,mar-fracture,"open fracture talus, body",,55,,"Open fracture talus, body"
Fracture,208699008,S353B00,mar-fracture,open fracture metatarsal base,,55,,Open fracture metatarsal base
Fracture,208700009,S353C00,mar-fracture,open fracture metatarsal shaft,,55,,Open fracture metatarsal shaft
Fracture,208701008,S353D00,mar-fracture,open fracture metatarsal neck,,55,,Open fracture metatarsal neck
Fracture,208702001,S353E00,mar-fracture,open fracture metatarsal head,,55,,Open fracture metatarsal head
Fracture,208703006,S353F00,mar-fracture,"open fracture metatarsal, multiple",,55,,"Open fracture metatarsal, multiple"
Fracture,46020007,S353H00,mar-fracture,open fracture cuneiforms,,55,,Open fracture of cuneiform bone of foot
Fracture,424817005,S353J00,mar-fracture,open fracture of base of fifth metatarsal,,55,,Open fracture of base of fifth metatarsal (disorder)
Fracture,263246003,S355.00,mar-fracture,fracture of talus,,55,,Fracture of talus
Fracture,21351003,S36..00,mar-fracture,fracture of one or more phalanges of foot,,55,,Fracture of phalanx of foot
Fracture,81576005,S360.00,mar-fracture,closed fracture of one or more phalanges of foot,,55,,Closed fracture of phalanx of foot
Fracture,208710000,S360000,mar-fracture,"closed fracture proximal phalanx, toe",,55,,"Closed fracture proximal phalanx, toe"
Fracture,208711001,S360100,mar-fracture,"closed fracture middle phalanx, toe",,55,,"Closed fracture middle phalanx, toe"
Fracture,208712008,S360200,mar-fracture,"closed fracture distal phalanx, toe",,55,,"Closed fracture distal phalanx, toe"
Fracture,208713003,S360300,mar-fracture,"closed fracture multiple phalanges, toe",,55,,"Closed fracture multiple phalanges, toe"
Fracture,74395007,S361.00,mar-fracture,open fracture of one or more phalanges of foot,,55,,Open fracture of phalanx of foot
Fracture,208715005,S361000,mar-fracture,"open fracture proximal phalanx, toe",,55,,"Open fracture proximal phalanx, toe"
Fracture,208716006,S361100,mar-fracture,"open fracture middle phalanx, toe",,55,,"Open fracture middle phalanx, toe"
Fracture,208717002,S361200,mar-fracture,"open fracture distal phalanx, toe",,55,,"Open fracture distal phalanx, toe"
Fracture,208718007,S361300,mar-fracture,"open fracture multiple phalanges, toe",,55,,"Open fracture multiple phalanges, toe"
Fracture,208719004,S362.00,mar-fracture,fracture of great toe,,55,,Fracture of great toe
Fracture,311821002,S362000,mar-fracture,closed fracture of great toe,,55,,Closed fracture of great toe
Fracture,311822009,S362100,mar-fracture,open fracture of great toe,,55,,Open fracture of great toe
Fracture,32805004,S3x..00,mar-fracture,"other, multiple and ill-defined fractures of lower limb",,55,,Fractures of multiple bones of lower limb
Fracture,64569008,S3x0.00,mar-fracture,"other, multiple and ill-defined closed fractures lower limb",,55,,Closed fractures of multiple bones of lower limb
Fracture,22225000,S3x1.00,mar-fracture,"other, multiple and ill-defined open fractures of lower limb",,55,,Open fracture of multiple bones of lower limb
Fracture,208731002,S3x2.00,mar-fracture,multiple fractures of femur,,55,,Multiple fractures of femur
Fracture,208732009,S3x3.00,mar-fracture,multiple fractures of lower leg,,55,,Multiple fractures of lower leg
Fracture,208733004,S3x4.00,mar-fracture,multiple fractures of foot,,55,,Multiple fractures of foot
Fracture,125605004,S3z..00,mar-fracture,fracture of unspecified bones,,55,,Fracture of bone
Fracture,423125000,S3z0.00,mar-fracture,"closed fracture of bones, unspecified",,55,,Closed fracture of bone (disorder)
Fracture,23382007,S3z2.00,mar-fracture,stress fracture,,55,,Stress fracture
Fracture,269103003,S4...13,mar-fracture,fracture dislocations and fracture subluxations,,55,,Dislocations and subluxations
Fracture,263031003,S4...13,mar-fracture,fracture dislocations and fracture subluxations,,55,,Subluxation of joint
Fracture,108367008,S4...13,mar-fracture,fracture dislocations and fracture subluxations,,55,,Dislocation of joint
Fracture,263004001,S4...13,mar-fracture,fracture dislocations and fracture subluxations,,55,,Fracture dislocations and fracture subluxations
Fracture,263063009,S4...13,mar-fracture,fracture dislocations and fracture subluxations,,55,,Fracture dislocation of joint
Fracture,263094009,S4...13,mar-fracture,fracture dislocations and fracture subluxations,,55,,Fracture subluxation of joint
Fracture,209236003,S4A..00,mar-fracture,fracture-dislocation or subluxation shoulder,,55,,Fracture dislocation or subluxation shoulder
Fracture,209238002,S4A0.00,mar-fracture,closed fracture-dislocation shoulder,,55,,Closed fracture dislocation shoulder joint
Fracture,209239005,S4A0100,mar-fracture,closed fracture-dislocation acromio-clavicular joint,,55,,Closed fracture dislocation acromioclavicular joint
Fracture,209242004,S4A1.00,mar-fracture,open fracture-dislocation shoulder,,55,,Open fracture dislocation shoulder joint
Fracture,209243009,S4A1100,mar-fracture,open fracture-dislocation acromio-clavicular joint,,55,,Open fracture dislocation acromioclavicular joint
Fracture,209245002,S4A2.00,mar-fracture,closed fracture-subluxation shoulder,,55,,Closed fracture subluxation shoulder joint
Fracture,209244003,S4A2.00,mar-fracture,closed fracture-subluxation shoulder,,55,,Closed fracture subluxation shoulder
Fracture,209246001,S4A2100,mar-fracture,closed fracture-subluxation acromio-clavicular joint,,55,,Closed fracture subluxation acromioclavicular joint
Fracture,209249008,S4A3100,mar-fracture,open fracture-subluxation acromio-clavicular joint,,55,,Open fracture subluxation acromioclavicular joint
Fracture,209250008,S4B..00,mar-fracture,fracture-dislocation or subluxation elbow,,55,,Fracture dislocation or subluxation elbow
Fracture,263078002,S4B..00,mar-fracture,fracture-dislocation or subluxation elbow,,55,,Fracture dislocation of elbow joint
Fracture,209252000,S4B0.00,mar-fracture,closed fracture-dislocation elbow,,55,,Closed fracture dislocation elbow joint
Fracture,209255003,S4B1.00,mar-fracture,open fracture-dislocation elbow,,55,,Open fracture dislocation elbow joint
Fracture,209256002,S4B1100,mar-fracture,open fracture-dislocation superior radio-ulnar joint,,55,,Open fracture dislocation superior radioulnar joint
Fracture,209257006,S4B2.00,mar-fracture,closed fracture-subluxation elbow,,55,,Closed fracture subluxation elbow
Fracture,209258001,S4B2000,mar-fracture,closed fracture-subluxation elbow joint,,55,,Closed fracture subluxation elbow joint
Fracture,209259009,S4B2100,mar-fracture,closed fracture-subluxation superior radio-ulnar joint,,55,,Closed fracture subluxation superior radioulnar joint
Fracture,209261000,S4B3.00,mar-fracture,open fracture-subluxation elbow,,55,,Open fracture subluxation elbow joint
Fracture,209267001,S4C0200,mar-fracture,closed fracture-dislocation mid carpal,,55,,Closed fracture dislocation midcarpal
Fracture,209268006,S4C0300,mar-fracture,"closed fracture-dislocation, carpometacarpal joint",,55,,"Closed fracture dislocation, carpometacarpal joint"
Fracture,209269003,S4C0400,mar-fracture,closed fracture-dislocation lunate (volar),,55,,Closed fracture dislocation lunate (volar)
Fracture,209270002,S4C0500,mar-fracture,closed fracture-dislocation peri-lunate (dorsal),,55,,Closed fracture dislocation perilunate (dorsal)
Fracture,209271003,S4C0600,mar-fracture,closed fracture-dislocation peri-lunate trans-scaphoid,,55,,Closed fracture dislocation perilunate transscaphoid
Fracture,209278009,S4C1300,mar-fracture,open fracture-dislocation carpometacarpal joint,,55,,Open fracture dislocation carpometacarpal joint
Fracture,209281004,S4C1600,mar-fracture,open fracture-dislocation peri-lunate trans-scaphoid,,55,,Open fracture dislocation perilunate transscaphoid
Fracture,209286009,S4C2200,mar-fracture,closed fracture-subluxation mid carpal,,55,,Closed fracture subluxation midcarpal
Fracture,209287000,S4C2300,mar-fracture,"closed fracture-subluxation, carpometacarpal joint",,55,,"Closed fracture subluxation, carpometacarpal joint"
Fracture,209288005,S4C2400,mar-fracture,closed fracture-subluxation lunate (volar),,55,,Closed fracture subluxation lunate (volar)
Fracture,209290006,S4C2600,mar-fracture,closed fracture-subluxation peri-lunate trans-scaphoid,,55,,Closed fracture subluxation perilunate transscaphoid
Fracture,263102004,S4C2y00,mar-fracture,closed fracture-subluxation other carpal,,55,,Fracture subluxation of wrist
Fracture,209296000,S4C3300,mar-fracture,"open fracture-subluxation, carpometacarpal joint",,55,,"Open fracture subluxation, carpometacarpal joint"
Fracture,209299007,S4C3600,mar-fracture,open fracture-subluxation peri-lunate trans-scaphoid,,55,,Open fracture subluxation perilunate transscaphoid
Fracture,209301000,S4D..00,mar-fracture,fracture-dislocation/subluxation finger/thumb,,55,,Fracture dislocation/subluxation finger/thumb
Fracture,209302007,S4D0.00,mar-fracture,closed fracture-dislocation digit,,55,,Closed fracture dislocation digit
Fracture,209304008,S4D0100,mar-fracture,"closed fracture-dislocation, metacarpophalangeal joint",,55,,"Closed fracture dislocation, metacarpophalangeal joint"
Fracture,209306005,S4D0300,mar-fracture,"closed fracture-dislocation, distal interphalangeal joint",,55,,"Closed fracture dislocation, distal interphalangeal joint"
Fracture,209307001,S4D0400,mar-fracture,"closed fracture-dislocation, proximal interphalangeal joint",,55,,"Closed fracture dislocation, proximal interphalangeal joint"
Fracture,209308006,S4D0500,mar-fracture,"closed fracture-dislocation, interphalangeal joint thumb",,55,,"Closed fracture dislocation, interphalangeal joint thumb"
Fracture,209309003,S4D0600,mar-fracture,closed fracture-dislocation multiple digits,,55,,Closed fracture dislocation multiple digits
Fracture,209310008,S4D1.00,mar-fracture,open fracture-dislocation digit,,55,,Open fracture dislocation digit
Fracture,209312000,S4D1100,mar-fracture,"open fracture-dislocation, metacarpophalangeal joint",,55,,"Open fracture dislocation, metacarpophalangeal joint"
Fracture,209314004,S4D1300,mar-fracture,"open fracture-dislocation, distal interphalangeal joint",,55,,"Open fracture dislocation, distal interphalangeal joint"
Fracture,209315003,S4D1400,mar-fracture,"open fracture-dislocation, proximal interphalangeal joint",,55,,"Open fracture dislocation, proximal interphalangeal joint"
Fracture,209316002,S4D1500,mar-fracture,"open fracture-dislocation, interphalangeal joint thumb",,55,,"Open fracture dislocation, interphalangeal joint thumb"
Fracture,209317006,S4D1600,mar-fracture,open fracture-dislocation multiple digits,,55,,Open fracture dislocation multiple digits
Fracture,209318001,S4D2.00,mar-fracture,closed fracture-subluxation digit,,55,,Closed fracture subluxation digit
Fracture,209320003,S4D2100,mar-fracture,"closed fracture-subluxation, metacarpophalangeal joint",,55,,"Closed fracture subluxation, metacarpophalangeal joint"
Fracture,263105002,S4D2200,mar-fracture,"closed fracture-subluxation ipj, unspecified",,55,,Fracture subluxation of joint of hand
Fracture,209322006,S4D2300,mar-fracture,"closed fracture-subluxation, distal interphalangeal joint",,55,,"Closed fracture subluxation, distal interphalangeal joint"
Fracture,209323001,S4D2400,mar-fracture,"closed fracture-subluxation, proximal interphalangeal joint",,55,,"Closed fracture subluxation, proximal interphalangeal joint"
Fracture,209324007,S4D2500,mar-fracture,"closed fracture-subluxation, interphalangeal joint thumb",,55,,"Closed fracture subluxation, interphalangeal joint thumb"
Fracture,209325008,S4D2600,mar-fracture,closed fracture-subluxation multiple digits,,55,,Closed fracture subluxation multiple digits
Fracture,209326009,S4D3.00,mar-fracture,open fracture-subluxation digit,,55,,Open fracture subluxation digit
Fracture,209328005,S4D3100,mar-fracture,"open fracture-subluxation, metacarpophalangeal joint",,55,,"Open fracture subluxation, metacarpophalangeal joint"
Fracture,209330007,S4D3300,mar-fracture,"open fracture-subluxation, distal interphalangeal joint",,55,,"Open fracture subluxation, distal interphalangeal joint"
Fracture,209331006,S4D3400,mar-fracture,"open fracture-subluxation, proximal interphalangeal joint",,55,,"Open fracture subluxation, proximal interphalangeal joint"
Fracture,209332004,S4D3500,mar-fracture,"open fracture-subluxation, interphalangeal joint thumb",,55,,"Open fracture subluxation, interphalangeal joint thumb"
Fracture,209333009,S4D3600,mar-fracture,open fracture-subluxation multiple digits,,55,,Open fracture subluxation multiple digits
Fracture,209339008,S4F..00,mar-fracture,fracture-dislocation or subluxation knee,,55,,Fracture dislocation or subluxation knee
Fracture,209340005,S4F0.00,mar-fracture,"closed fracture-dislocation, knee joint",,55,,"Closed fracture dislocation, knee joint"
Fracture,209341009,S4F1.00,mar-fracture,"open fracture-dislocation, knee joint",,55,,"Open fracture dislocation, knee joint"
Fracture,209342002,S4F2.00,mar-fracture,"closed fracture-subluxation, knee joint",,55,,"Closed fracture subluxation, knee joint"
Fracture,209343007,S4F3.00,mar-fracture,"open fracture-subluxation, knee joint",,55,,"Open fracture subluxation, knee joint"
Fracture,209344001,S4F4.00,mar-fracture,"closed fracture-dislocation, patello-femoral joint",,55,,"Closed fracture dislocation, patellofemoral joint"
Fracture,209345000,S4F5.00,mar-fracture,"open fracture-dislocation, patello-femoral joint",,55,,"Open fracture dislocation, patellofemoral joint"
Fracture,209346004,S4F6.00,mar-fracture,"closed fracture-subluxation, patello-femoral joint",,55,,"Closed fracture subluxation, patellofemoral joint"
Fracture,209347008,S4F7.00,mar-fracture,"open fracture-subluxation, patello-femoral joint",,55,,"Open fracture subluxation, patellofemoral joint"
Fracture,209348003,S4G..00,mar-fracture,fracture-dislocation or subluxation ankle,,55,,Fracture dislocation or subluxation ankle
Fracture,209349006,S4G0.00,mar-fracture,"closed fracture-dislocation, ankle joint",,55,,"Closed fracture dislocation, ankle joint"
Fracture,209350006,S4G1.00,mar-fracture,"open fracture-dislocation, ankle joint",,55,,"Open fracture dislocation, ankle joint"
Fracture,209351005,S4G2.00,mar-fracture,"closed fracture-subluxation, ankle joint",,55,,"Closed fracture subluxation, ankle joint"
Fracture,209352003,S4G3.00,mar-fracture,"open fracture-subluxation, ankle joint",,55,,"Open fracture subluxation, ankle joint"
Fracture,209353008,S4H..00,mar-fracture,fracture-dislocation or subluxation foot,,55,,Fracture dislocation or subluxation foot
Fracture,208986008,S4H..00,mar-fracture,fracture-dislocation or subluxation foot,,55,,Dislocation or subluxation of foot
Fracture,209354002,S4H0.00,mar-fracture,closed fracture-dislocation foot,,55,,Closed fracture dislocation foot
Fracture,209355001,S4H0000,mar-fracture,"closed fracture-dislocation, subtalar joint",,55,,"Closed fracture dislocation, subtalar joint"
Fracture,209356000,S4H0100,mar-fracture,"closed fracture-dislocation, midtarsal joint",,55,,"Closed fracture dislocation, midtarsal joint"
Fracture,209357009,S4H0200,mar-fracture,"closed fracture-dislocation, tarsometatarsal joint",,55,,"Closed fracture dislocation, tarsometatarsal joint"
Fracture,209359007,S4H0400,mar-fracture,"closed fracture-dislocation, ipj, single toe",,55,,"Closed fracture dislocation, interphalangeal joint, single toe"
Fracture,209361003,S4H0600,mar-fracture,"closed fracture-dislocation, ipj, multiple toes",,55,,"Closed fracture dislocation, interphalangeal joint, multiple toes"
Fracture,209362005,S4H1.00,mar-fracture,"open fracture-dislocation, foot",,55,,"Open fracture dislocation, foot"
Fracture,209363000,S4H1000,mar-fracture,"open fracture-dislocation, subtalar joint",,55,,"Open fracture dislocation, subtalar joint"
Fracture,209364006,S4H1100,mar-fracture,"open fracture-dislocation, midtarsal joint",,55,,"Open fracture dislocation, midtarsal joint"
Fracture,209365007,S4H1200,mar-fracture,"open fracture-dislocation, tarsometatarsal joint",,55,,"Open fracture dislocation, tarsometatarsal joint"
Fracture,209366008,S4H1300,mar-fracture,"open fracture-dislocation, metatarsophalangeal joint, single",,55,,"Open fracture dislocation, metatarsophalangeal joint, single"
Fracture,209367004,S4H1400,mar-fracture,"open fracture-dislocation, ipj, single toe",,55,,"Open fracture dislocation, interphalangeal joint, single toe"
Fracture,209369001,S4H1600,mar-fracture,"open fracture-dislocation, ipj, multiple toes",,55,,"Open fracture dislocation, interphalangeal joint, multiple toes"
Fracture,209370000,S4H2.00,mar-fracture,"closed fracture-subluxation, foot",,55,,"Closed fracture subluxation, foot"
Fracture,209371001,S4H2000,mar-fracture,"closed fracture-subluxation, subtalar joint",,55,,"Closed fracture subluxation, subtalar joint"
Fracture,209372008,S4H2100,mar-fracture,"closed fracture-subluxation, midtarsal joint",,55,,"Closed fracture subluxation, midtarsal joint"
Fracture,209373003,S4H2200,mar-fracture,"closed fracture-subluxation, tarsometatarsal joint",,55,,"Closed fracture subluxation, tarsometatarsal joint"
Fracture,209375005,S4H2400,mar-fracture,"closed fracture-subluxation, ipj, single toe",,55,,"Closed fracture subluxation, interphalangeal joint, single toe"
Fracture,209378007,S4H2600,mar-fracture,"closed fracture-subluxation, ipj, multiple toes",,55,,"Closed fracture subluxation, interphalangeal joint, multiple toes"
Fracture,209379004,S4H3.00,mar-fracture,"open fracture-subluxation, foot",,55,,"Open fracture subluxation, foot"
Fracture,209383004,S4H3300,mar-fracture,"open fracture-subluxation, metatarsophalangeal joint, single",,55,,"Open fracture subluxation, metatarsophalangeal joint, single"
Fracture,209384005,S4H3400,mar-fracture,"open fracture-subluxation, ipj, single toe",,55,,"Open fracture subluxation, interphalangeal joint, single toe"
Fracture,209389000,S4J0000,mar-fracture,closed fracture-dislocation of sternum,,55,,Closed fracture dislocation of sternum
Fracture,209390009,S4J0100,mar-fracture,closed fracture-dislocation of pelvis,,55,,Closed fracture dislocation of pelvis
Fracture,209394000,S4J1000,mar-fracture,open fracture-dislocation of sternum,,55,,Open fracture dislocation of sternum
Fracture,209395004,S4J1100,mar-fracture,open fracture-dislocation of pelvis,,55,,Open fracture dislocation of pelvis
Fracture,209396003,S4J1200,mar-fracture,"open fracture-dislocation sterno-clavicular joint, anterior",,55,,"Open fracture dislocation sternoclavicular joint, anterior"
Fracture,209399005,S4J2000,mar-fracture,closed fracture-subluxation of sternum,,55,,Closed fracture subluxation of sternum
Fracture,209400003,S4J2100,mar-fracture,closed fracture-subluxation of pelvis,,55,,Closed fracture subluxation of pelvis
Fracture,209404007,S4J3000,mar-fracture,open fracture-subluxation of sternum,,55,,Open fracture subluxation of sternum
Fracture,209405008,S4J3100,mar-fracture,open fracture-subluxation of pelvis,,55,,Open fracture subluxation of pelvis
Fracture,37655003,SC00.00,mar-fracture,late effect of fracture of skull and face bones,,55,,Late effect of fracture of skull AND/OR face bones
Fracture,23123006,SC02.00,mar-fracture,late effect of fracture of arm,,55,,Late effect of fracture of upper extremities
Fracture,210962001,SC04.00,mar-fracture,late effect of other fracture of leg,,55,,Sequelae of injuries of lower limb
Fracture,210916009,SC05.00,mar-fracture,late effect of multiple and unspecified fracture of bones,,55,,Late effect of musculoskeletal and connective tissue injuries
Fracture,285235009,SC0X.00,mar-fracture,sequelae of other fracture of thorax and pelvis,,55,,Sequelae of injuries of neck and trunk
Fracture,4.29411E+14,SC0X.00,mar-fracture,sequelae of other fracture of thorax and pelvis,,55,,[X]Sequelae of other fracture of thorax and pelvis (disorder)
Fracture,28087009,SC0z.11,mar-fracture,delayed union of fracture,,55,,"Fracture, delayed union"
Fracture,210958007,SC3C000,mar-fracture,sequelae of fracture at wrist and hand level,,55,,Sequelae of fracture at wrist and hand level
Fracture,210967007,SC3D400,mar-fracture,sequelae of fracture of femur,,55,,Sequelae of fracture of femur
Fracture,282013001,SD92000,mar-fracture,fracture blister,,55,,Fracture blister
Fracture,213083008,SP04A00,mar-fracture,fracture of bone autograft,,55,,Fracture of bone autograft
Fracture,213085001,SP04C00,mar-fracture,fracture of bone allograft,,55,,Fracture of bone allograft
Fracture,213270002,SP22400,mar-fracture,intra-operative fracture,,55,,Intraoperative fracture
Fracture,213346004,SR1..00,mar-fracture,fractures involving multiple body regions,,55,,Fractures involving multiple body regions
Fracture,213347008,SR10.00,mar-fracture,fractures involving head with neck,,55,,Fractures involving head with neck
Fracture,311847006,SR10000,mar-fracture,closed fractures involving head with neck,,55,,Closed fractures involving head with neck
Fracture,213350006,SR11.00,mar-fracture,fractures involving thorax with lower back and pelvis,,55,,Fractures involving thorax with lower back and pelvis
Fracture,213351005,SR12.00,mar-fracture,fractures involving multiple regions of one upper limb,,55,,Fractures involving multiple regions of one upper limb
Fracture,311849009,SR12000,mar-fracture,closed fractures involving multiple regions of one upp limb,,55,,Closed fractures involving multiple regions of one upper limb
Fracture,213354002,SR13.00,mar-fracture,fractures involving multiple regions of one lower limb,,55,,Fractures involving multiple regions of one lower limb
Fracture,213355001,SR14.00,mar-fracture,fractures involving multiple regions of both lower limbs,,55,,Fractures involving multiple regions of both lower limbs
Fracture,311857007,SR15000,mar-fracture,cl fractures involving multiple regions upper with lower lmb,,55,,Closed fractures involving multiple regions upper with lower limb
Fracture,311862008,SR16000,mar-fracture,closed fracture inv thorax wth low back and pelvis and limbs,,55,,Closed fracture involving thorax wth lower back and pelvis and limbs
Fracture,134291007,SR1z.00,mar-fracture,"multiple fractures, unspecified",,55,,Multiple fractures
Fracture,4.28861E+14,SR1z000,mar-fracture,[x]closed multiple fractures unspecified,,55,,[X]Closed multiple fractures unspecified (morphologic abnormality)
Fracture,4.15791E+14,SR1z100,mar-fracture,[x]open multiple fractures unspecified,,55,,[X]Open multiple fractures unspecified (morphologic abnormality)
Fracture,16250001000004107,Syu4400,mar-fracture,"[x]fracture of shoulder and upper arm, unspecified",,55,,Fracture of shoulder (disorder)
Fracture,36758002,SyuL400,mar-fracture,[x]sequelae of other fractures of lower limb,,55,,Late effect of fracture of lower extremities
Fracture,274488002,Z6G1900,mar-fracture,fracture - traction,,55,,Fracture - traction
Fracture,4.71281E+14,ZV57700,mar-fracture,[v]rehabilitation following fracture,,55,,[V]Rehabilitation following fracture (situation)
Fracture,4.67531E+14,ZV67400,mar-fracture,[v]fracture follow-up,,55,,[V]Fracture follow-up (situation)
Fracture,135895003,Zw01.00,mar-fracture,[q] fractures involving the epiphyseal plate,,55,,[Q] Fractures involving the epiphyseal plate
Fracture,4.13941E+14,Zw02.00,mar-fracture,[q] fracture type qualifying terms,,55,,[Q] Fracture type qualifying terms (qualifier value)
Fracture,240197007,Zw02400,mar-fracture,[q] stress fracture,,55,,Stress fracture
Fracture,4.43611E+14,Zw02500,mar-fracture,[q] refracture,,55,,[Q] Refracture (qualifier value)
Fracture,316891005,Zw02E00,mar-fracture,[q] open fracture grade 2,,55,,Compound grade II
Fragility fracture,391092009,14G6.00,mar-fracture,h/o: fragility fracture,,55,,H/O: fragility fracture (context-dependent category)
Fragility fracture,391093004,14G7.00,mar-fracture,h/o: hip fracture,,55,,H/O: hip fracture (context-dependent category)
Fragility fracture,391094005,14G8.00,mar-fracture,h/o: vertebral fracture,,55,,H/O: vertebral fracture (context-dependent category)
Fragility fracture,178674000,7J41.00,mar-fracture,decompression of fracture of spine,,55,,Decompression of fracture of spine
Fragility fracture,178675004,7J41000,mar-fracture,complex decompression of fracture of spine,,55,,Complex decompression of fracture of spine
Fragility fracture,178676003,7J41100,mar-fracture,anterior decompression of fracture of spine,,55,,Anterior decompression of fracture of spine
Fragility fracture,178677007,7J41200,mar-fracture,posterior decompression of fracture of spine,,55,,Posterior decompression of fracture of spine
Fragility fracture,2.30411E+14,7J41300,mar-fracture,vertebroplasty of fracture of spine,,55,,Vertebroplasty of fracture of spine (procedure)
Fragility fracture,426243004,7J41500,mar-fracture,balloon kyphoplasty of fracture of spine,,55,,Balloon kyphoplasty of fracture of spine (procedure)
Fragility fracture,239548003,7J42.00,mar-fracture,other reduction of fracture of spine,,55,,Operation for spinal trauma
Fragility fracture,178682000,7J42000,mar-fracture,open reduction of fracture of spine & excis facet of spine,,55,,Open reduction of fracture of spine and excision of facet of spine
Fragility fracture,19688005,7J42100,mar-fracture,open reduction of fracture of spine nec,,55,,Open reduction of spinal fracture
Fragility fracture,178684004,7J42200,mar-fracture,manipulative reduction of fracture of spine,,55,,Manipulation of spinal fracture
Fragility fracture,178685003,7J42300,mar-fracture,spinal extension traction for fracture of spine,,55,,Spinal extension traction for fracture of spine
Fragility fracture,178686002,7J42400,mar-fracture,halo skull traction for fracture of spine,,55,,Halo skull traction for fracture of spine
Fragility fracture,239550006,7J42500,mar-fracture,spinal traction for fracture of spine nec,,55,,Application of spinal traction system
Fragility fracture,178688001,7J42600,mar-fracture,primary bedrest stabilisation of spinal fracture,,55,,Primary bedrest stabilization of spinal fracture
Fragility fracture,178689009,7J42700,mar-fracture,primary collar stabilisation of spinal fracture,,55,,Primary collar stabilisation of spinal fracture
Fragility fracture,178691001,7J42900,mar-fracture,primary cast stabilisation of spinal fracture,,55,,Primary cast stabilisation of spinal fracture
Fragility fracture,178694009,7J42C00,mar-fracture,revision to bedrest stabilisation of spinal fracture,,55,,Revision to bedrest stabilisation of spinal fracture
Fragility fracture,178695005,7J42D00,mar-fracture,revision to collar stabilisation of spinal fracture,,55,,Revision to collar stabilization of spinal fracture
Fragility fracture,178698007,7J42G00,mar-fracture,revision to external fixation stabilisation spinal fracture,,55,,Revision to external fixation stabilisation of spinal fracture
Fragility fracture,311488002,7J42J00,mar-fracture,primary closed reduction spinal fracture alone,,55,,Primary closed reduction of spinal fracture
Fragility fracture,178702006,7J42L00,mar-fracture,primary cls reduction spinal fracture+bedrest stabilisation,,55,,Primary closed reduction spinal fracture and bedrest stabilisation
Fragility fracture,178703001,7J42M00,mar-fracture,primary cls reduc spinal fracture+skull traction stabilisatn,,55,,Primary closed reduction spinal fracture and skull traction stabilization
Fragility fracture,275093002,7J43.00,mar-fracture,fixation of fracture of spine,,55,,Internal fixation of fracture of spine
Fragility fracture,265721002,7J43.00,mar-fracture,fixation of fracture of spine,,55,,Fixation of spinal fracture
Fragility fracture,178733008,7J43000,mar-fracture,primary open reduc spinal fracture+internal fix+plate,,55,,Primary open reduction spinal fracture and internal fixation with plate
Fragility fracture,178734002,7J43100,mar-fracture,fixation of fracture of spine using harrington rod,,55,,Fixation of fracture of spine using Harrington rod
Fragility fracture,178736000,7J43300,mar-fracture,primary open reduc spinal fracture+internal fix+wire,,55,,Primary open reduction spinal fracture and internal fixation with wire
Fragility fracture,178737009,7J43400,mar-fracture,primary open reduc spinal fracture+internal fix+rod system,,55,,Primary open reduction spinal fracture and internal fixation with rod system
Fragility fracture,178742001,7J43900,mar-fracture,rvsn open reduc spinal fracture+internal fix+plate,,55,,Revision to open reduction spinal fracture and internal fixation with plate
Fragility fracture,178743006,7J43A00,mar-fracture,rvsn open reduc spinal fracture+internal fix+rod system,,55,,Revision to open reduction spinal fracture and internal fixation with rod system
Fragility fracture,178745004,7J43C00,mar-fracture,rvsn open reduc spinal fracture+internal fix+internl fixator,,55,,Revision to open reduction spinal fracture and internal fixation with internal fixator
Fragility fracture,7.60471E+14,7J43E00,mar-fracture,removal of fracture fixation device from spine,,55,,Removal of fracture fixation device from spine (procedure)
Fragility fracture,265132005,7K1D0,efi-fragility_fracture,Pr op rd & fx #NOF & vars: [scrw]/ [nail]/ [plt]/ [mult pin],,55,,Primary open reduction and internal fixation of proximal femoral fracture with screw/nail and plate device
Fragility fracture,239291009,7K1D0,efi-fragility_fracture,Pr op rd & fx #NOF & vars: [scrw]/ [nail]/ [plt]/ [mult pin],,55,,Primary open reduction of fracture of neck of femur and open fixation using Holt nail
Fragility fracture,239284006,7K1D0,efi-fragility_fracture,Pr op rd & fx #NOF & vars: [scrw]/ [nail]/ [plt]/ [mult pin],,55,,Primary open reduction of fracture of neck of femur and open fixation using Charnley compression screw
Fragility fracture,239281003,7K1D0,efi-fragility_fracture,Pr op rd & fx #NOF & vars: [scrw]/ [nail]/ [plt]/ [mult pin],,55,,Primary open reduction of fracture of neck of femur and open fixation using Deyerle multiple hip pinning
Fragility fracture,239285007,7K1D0,efi-fragility_fracture,Pr op rd & fx #NOF & vars: [scrw]/ [nail]/ [plt]/ [mult pin],,55,,Primary open reduction of fracture of neck of femur and open fixation using dynamic hip screw
Fragility fracture,239286008,7K1D0,efi-fragility_fracture,Pr op rd & fx #NOF & vars: [scrw]/ [nail]/ [plt]/ [mult pin],,55,,Primary open reduction of fracture of neck of femur and open fixation using Richards screw
Fragility fracture,239292002,7K1D0,efi-fragility_fracture,Pr op rd & fx #NOF & vars: [scrw]/ [nail]/ [plt]/ [mult pin],,55,,Primary open reduction of fracture of neck of femur and open fixation using Ross Brown nail
Fragility fracture,179035002,7K1D6,efi-fragility_fracture,Prmy open red+int fxn prox femoral #+screw/nail device alone,,55,,Primary open reduction of fracture and internal fixation with screw(s)
Fragility fracture,57470004,7K1D6,efi-fragility_fracture,Prmy open red+int fxn prox femoral #+screw/nail device alone,,55,,Open reduction of fracture of femur with internal fixation
Fragility fracture,311426001,7K1H6,efi-fragility_fracture,Revsn to opn red+int fxtn prox fem #+screw/nail device alone,,55,,Revision open reduction and fixation of fracture
Fragility fracture,179067004,7K1H8,efi-fragility_fracture,Rvsn to opn red+int fxtn prox fem #+ scrw/nail+plate device,,55,,Revision to open reduction and internal fixation of proximal femoral fracture with screw/nail and plate device
Fragility fracture,47264000,7K1J0,efi-fragility_fracture,Cl red and int fix prox fem # with screw/nail (& named vars),,55,,Closed reduction of fracture with internal fixation
Fragility fracture,708898008,7K1J0,efi-fragility_fracture,Cl red and int fix prox fem # with screw/nail (& named vars),,55,,Closed reduction of fracture of proximal femur and internal fixation using bone screw (procedure)
Fragility fracture,239288009,7K1J0,efi-fragility_fracture,Cl red and int fix prox fem # with screw/nail (& named vars),,55,,Closed reduction and internal fixation of proximal femoral fracture with Richard's cannulated hip screw
Fragility fracture,239290005,7K1J0,efi-fragility_fracture,Cl red and int fix prox fem # with screw/nail (& named vars),,55,,Closed reduction of intracapsular fracture of neck of femur and fixation using Smith-Petersen nail
Fragility fracture,179097007,7K1J6,efi-fragility_fracture,Primary int fxn(no red) prox fem #+scrw/nail+intramed device,,55,,Primary internal fixation(without reduction) of proximal femoral fracture with screw/nail and intramedullary device
Fragility fracture,179102005,7K1J8,efi-fragility_fracture,Revisn to int fxn(no red) prox fem #+screw/nail device alone,,55,,Revision to internal fixation(without reduction) of proximal femoral fracture with screw/nail and plate device
Fragility fracture,239293007,7K1J8,efi-fragility_fracture,Revisn to int fxn(no red) prox fem #+screw/nail device alone,,55,,Internal fixation of fracture
Fragility fracture,272300006,7K1JB,efi-fragility_fracture,Primary cls red+int fxn prox fem #+screw/nail device alone,,55,,Closed reduction of fracture of femur with internal fixation
Fragility fracture,311427005,7K1JB,efi-fragility_fracture,Primary cls red+int fxn prox fem #+screw/nail device alone,,55,,Primary closed reduction and internal fixation of fracture
Fragility fracture,179105007,7K1JD,efi-fragility_fracture,Primary cls red+int fxn prox fem #+screw/nail+plate device,,55,,Primary closed reduction and internal fixation of proximal femoral fracture with screw/nail and plate device
Fragility fracture,179159005,7K1L4,efi-fragility_fracture,Closed reduction of fracture of hip,,55,,Closed reduction of fracture of hip
Fragility fracture,179172006,7K1LL,efi-fragility_fracture,Closed reduction of fracture of radius and or ulna,,55,,Closed reduction of fracture of radius and or ulna
Fragility fracture,179173001,7K1LM00,mar-fracture,closed reduction of fracture of wrist,,55,,Closed reduction of fracture of wrist
Fragility fracture,2.30841E+14,7P20100,mar-fracture,delivery of rehabilitation for hip fracture,,55,,Delivery of rehabilitation for hip fracture (regime/therapy)
Fragility fracture,202831001,N1y1.,efi-fragility_fracture,Fatigue fracture of vertebra,,55,,Fatigue fracture of vertebra
Fragility fracture,240198002,N331.,efi-fragility_fracture,(Fract: [path][spon]) or (collapse: [spine NOS][vertebra &]),,55,,Osteoporotic vertebral collapse
Fragility fracture,268029009,N331.14,mar-fracture,osteoporotic vertebral collapse,,55,,Pathological fracture
Fragility fracture,270507001,N331000,mar-fracture,pathological fracture of thoracic vertebra,,55,,Pathological fracture of thoracic vertebra
Fragility fracture,308756007,N331000,mar-fracture,pathological fracture of thoracic vertebra,,55,,Collapse of thoracic vertebra
Fragility fracture,308758008,N331100,mar-fracture,pathological fracture of lumbar vertebra,,55,,Collapse of lumbar vertebra
Fragility fracture,270508006,N331100,mar-fracture,pathological fracture of lumbar vertebra,,55,,Pathological fracture of lumbar vertebra
Fragility fracture,203444008,N331200,mar-fracture,postoophorectomy osteoporosis with pathological fracture,,55,,Postoophorectomy osteoporosis with pathological fracture
Fragility fracture,203445009,N331300,mar-fracture,osteoporosis of disuse with pathological fracture,,55,,Osteoporosis of disuse with pathological fracture
Fragility fracture,203446005,N331400,mar-fracture,postsurgical malabsorption osteoporosis with path fracture,,55,,Post-surgical malabsorption osteoporosis with pathological fracture
Fragility fracture,203447001,N331500,mar-fracture,drug-induced osteoporosis with pathological fracture,,55,,Drug-induced osteoporosis with pathological fracture
Fragility fracture,203448006,N331600,mar-fracture,idiopathic osteoporosis with pathological fracture,,55,,Idiopathic osteoporosis with pathological fracture
Fragility fracture,203450003,N331800,mar-fracture,osteoporosis + pathological fracture lumbar vertebrae,,55,,Osteoporosis with pathological fracture of lumbar vertebrae
Fragility fracture,203451004,N331900,mar-fracture,osteoporosis + pathological fracture thoracic vertebrae,,55,,Osteoporosis with pathological fracture of thoracic vertebrae
Fragility fracture,203452006,N331A00,mar-fracture,osteoporosis + pathological fracture cervical vertebrae,,55,,Osteoporosis with pathological fracture of cervical vertebrae
Fragility fracture,203453001,N331B00,mar-fracture,postmenopausal osteoporosis with pathological fracture,,55,,Postmenopausal osteoporosis with pathological fracture
Fragility fracture,308757003,N331C00,mar-fracture,pathological fracture of cervical vertebra,,55,,Collapse of cervical vertebra
Fragility fracture,308145001,N331C00,mar-fracture,pathological fracture of cervical vertebra,,55,,Pathological fracture of cervical vertebra
Fragility fracture,311806008,N331H00,mar-fracture,collapse of cervical vertebra due to osteoporosis,,55,,Collapse of cervical vertebra due to osteoporosis
Fragility fracture,311890007,N331J00,mar-fracture,collapse of lumbar vertebra due to osteoporosis,,55,,Collapse of lumbar vertebra due to osteoporosis
Fragility fracture,311891006,N331K00,mar-fracture,collapse of thoracic vertebra due to osteoporosis,,55,,Collapse of thoracic vertebra due to osteoporosis
Fragility fracture,443165006,N331M00,mar-fracture,fragility fracture due to unspecified osteoporosis,,55,,Pathological fracture due to osteoporosis (disorder)
Fragility fracture,3.06171E+14,N331N00,mar-fracture,fragility fracture,,55,,Fragility fracture (disorder)
Fragility fracture,269061001,S10..11,mar-fracture,fracture of transverse process spine - no spinal cord lesion,,55,,Fracture of vertebra without spinal cord lesion
Fragility fracture,263178004,S10..12,mar-fracture,fracture of vertebra without spinal cord lesion,,55,,Fracture of transverse process of spine without spinal cord lesion
Fragility fracture,269062008,S100.00,mar-fracture,closed fracture of cervical spine,,55,,Closed fracture of cervical spine
Fragility fracture,28753006,S100.00,mar-fracture,closed fracture of cervical spine,,55,,Closed fracture of first cervical vertebra without spinal cord injury
Fragility fracture,11782000,S100.00,mar-fracture,closed fracture of cervical spine,,55,,Closed fracture of second cervical vertebra without spinal cord injury
Fragility fracture,269063003,S100111,mar-fracture,c1 vertebra closed fracture - no spinal cord lesion,,55,,Closed fracture atlas
Fragility fracture,269064009,S100211,mar-fracture,c2 vertebra closed fracture without spinal cord lesion,,55,,Closed fracture axis
Fragility fracture,269065005,S100300,mar-fracture,closed fracture of third cervical vertebra,,55,,Closed fracture of third cervical vertebra
Fragility fracture,111622009,S100311,mar-fracture,c3 vertebra closed fracture without spinal cord lesion,,55,,Closed fracture of third cervical vertebra without spinal cord injury
Fragility fracture,52622006,S100400,mar-fracture,closed fracture of fourth cervical vertebra,,55,,Closed fracture of fourth cervical vertebra without spinal cord injury
Fragility fracture,269066006,S100400,mar-fracture,closed fracture of fourth cervical vertebra,,55,,Closed fracture of fourth cervical vertebra
Fragility fracture,269067002,S100500,mar-fracture,closed fracture of fifth cervical vertebra,,55,,Closed fracture of fifth cervical vertebra
Fragility fracture,87804006,S100511,mar-fracture,c5 vertebra closed fracture without spinal cord lesion,,55,,Closed fracture of fifth cervical vertebra without spinal cord injury
Fragility fracture,269068007,S100600,mar-fracture,closed fracture of sixth cervical vertebra,,55,,Closed fracture of sixth cervical vertebra
Fragility fracture,8303001,S100611,mar-fracture,c6 vertebra closed fracture without spinal cord lesion,,55,,Closed fracture of sixth cervical vertebra without spinal cord injury
Fragility fracture,269069004,S100700,mar-fracture,closed fracture of seventh cervical vertebra,,55,,Closed fracture of seventh cervical vertebra
Fragility fracture,21573009,S100711,mar-fracture,c7 vertebra closed fracture without spinal cord lesion,,55,,Closed fracture of seventh cervical vertebra without spinal cord injury
Fragility fracture,207895002,S100800,mar-fracture,"closed fracture atlas, isolated arch or articular process",,55,,"Closed fracture atlas, isolated arch or articular process"
Fragility fracture,207896001,S100900,mar-fracture,"closed fracture atlas, comminuted",,55,,"Closed fracture atlas, comminuted"
Fragility fracture,207897005,S100A00,mar-fracture,"closed fracture axis, odontoid process",,55,,"Closed fracture axis, odontoid process"
Fragility fracture,207898000,S100B00,mar-fracture,"closed fracture axis, spondylolysis",,55,,"Closed fracture axis, spondylolysis"
Fragility fracture,207899008,S100C00,mar-fracture,"closed fracture axis, spinous process",,55,,"Closed fracture axis, spinous process"
Fragility fracture,207900003,S100D00,mar-fracture,"closed fracture axis, transverse process",,55,,"Closed fracture axis, transverse process"
Fragility fracture,207901004,S100E00,mar-fracture,"closed fracture axis, posterior arch",,55,,"Closed fracture axis, posterior arch"
Fragility fracture,207903001,S100G00,mar-fracture,"closed fracture cervical vertebra, burst",,55,,"Closed fracture cervical vertebra, burst"
Fragility fracture,207904007,S100H00,mar-fracture,"closed fracture cervical vertebra, wedge",,55,,"Closed fracture cervical vertebra, wedge"
Fragility fracture,207905008,S100J00,mar-fracture,"closed fracture cervical vertebra, spondylolysis",,55,,"Closed fracture cervical vertebra, spondylolysis"
Fragility fracture,207906009,S100K,efi-fragility_fracture,"Closed fracture cervical vertebra, spinous process",,55,,"Closed fracture cervical vertebra, spinous process"
Fragility fracture,207907000,S100L00,mar-fracture,"closed fracture cervical vertebra, transverse process",,55,,"Closed fracture cervical vertebra, transverse process"
Fragility fracture,207908005,S100M00,mar-fracture,"closed fracture cervical vertebra, posterior arch",,55,,"Closed fracture cervical vertebra, posterior arch"
Fragility fracture,207910007,S100x00,mar-fracture,multiple closed fractures of cervical vertebrae,,55,,Multiple closed fractures of cervical vertebrae
Fragility fracture,269070003,S101.00,mar-fracture,open fracture of cervical spine,,55,,Open fracture of cervical spine
Fragility fracture,263188003,S101.00,mar-fracture,open fracture of cervical spine,,55,,Open fracture of atlas without spinal cord lesion
Fragility fracture,263189006,S101.00,mar-fracture,open fracture of cervical spine,,55,,Open fracture of second cervical vertebra without mention of spinal cord lesion
Fragility fracture,269071004,S101100,mar-fracture,open fracture atlas,,55,,Open fracture atlas
Fragility fracture,269072006,S101211,mar-fracture,c2 vertebra open fracture without spinal cord lesion,,55,,Open fracture axis
Fragility fracture,269073001,S101311,mar-fracture,c3 vertebra open fracture without spinal cord lesion,,55,,Open fracture of third cervical vertebra
Fragility fracture,269075008,S101500,mar-fracture,open fracture of fifth cervical vertebra,,55,,Open fracture of fifth cervical vertebra
Fragility fracture,269076009,S101600,mar-fracture,open fracture of sixth cervical vertebra,,55,,Open fracture of sixth cervical vertebra
Fragility fracture,269077000,S101711,mar-fracture,c7 vertebra open fracture without spinal cord lesion,,55,,Open fracture of seventh cervical vertebra
Fragility fracture,207922005,S101900,mar-fracture,"open fracture atlas, comminuted",,55,,"Open fracture atlas, comminuted"
Fragility fracture,207923000,S101A00,mar-fracture,"open fracture axis, odontoid process",,55,,"Open fracture axis, odontoid process"
Fragility fracture,207936000,S101x00,mar-fracture,multiple open fractures of cervical vertebrae,,55,,Multiple open fractures of cervical vertebrae
Fragility fracture,207938004,S102.,efi-fragility_fracture,Closed fracture thoracic vertebra,,55,,Closed fracture thoracic vertebra
Fragility fracture,207939007,S1020,efi-fragility_fracture,"Closed fracture thoracic vertebra, burst",,55,,"Closed fracture thoracic vertebra, burst"
Fragility fracture,207940009,S102100,mar-fracture,"closed fracture thoracic vertebra, wedge",,55,,"Closed fracture thoracic vertebra, wedge"
Fragility fracture,207941008,S102200,mar-fracture,"closed fracture thoracic vertebra, spondylolysis",,55,,"Closed fracture thoracic vertebra, spondylolysis"
Fragility fracture,207942001,S102300,mar-fracture,"closed fracture thoracic vertebra, spinous process",,55,,"Closed fracture thoracic vertebra, spinous process"
Fragility fracture,207943006,S102400,mar-fracture,"closed fracture thoracic vertebra, transverse process",,55,,"Closed fracture thoracic vertebra, transverse process"
Fragility fracture,207944000,S102500,mar-fracture,"closed fracture thoracic vertebra, posterior arch",,55,,"Closed fracture thoracic vertebra, posterior arch"
Fragility fracture,207949005,S103.00,mar-fracture,open fracture thoracic vertebra,,55,,Open fracture thoracic vertebra
Fragility fracture,207951009,S103100,mar-fracture,"open fracture thoracic vertebra, wedge",,55,,"Open fracture thoracic vertebra, wedge"
Fragility fracture,207955000,S103500,mar-fracture,"open fracture thoracic vertebra, posterior arch",,55,,"Open fracture thoracic vertebra, posterior arch"
Fragility fracture,207957008,S104.00,mar-fracture,closed fracture lumbar vertebra,,55,,Closed fracture lumbar vertebra
Fragility fracture,207958003,S104000,mar-fracture,"closed fracture lumbar vertebra, burst",,55,,"Closed fracture lumbar vertebra, burst"
Fragility fracture,207959006,S104100,mar-fracture,"closed fracture lumbar vertebra, wedge",,55,,"Closed fracture lumbar vertebra, wedge"
Fragility fracture,207960001,S104200,mar-fracture,"closed fracture lumbar vertebra, spondylolysis",,55,,"Closed fracture lumbar vertebra, spondylolysis"
Fragility fracture,207961002,S104300,mar-fracture,"closed fracture lumbar vertebra, spinous process",,55,,"Closed fracture lumbar vertebra, spinous process"
Fragility fracture,207962009,S104400,mar-fracture,"closed fracture lumbar vertebra, transverse process",,55,,"Closed fracture lumbar vertebra, transverse process"
Fragility fracture,207963004,S104500,mar-fracture,"closed fracture lumbar vertebra, posterior arch",,55,,"Closed fracture lumbar vertebra, posterior arch"
Fragility fracture,207964005,S104600,mar-fracture,"closed fracture lumbar vertebra, tricolumnar",,55,,"Closed fracture lumbar vertebra, tricolumnar"
Fragility fracture,207965006,S105.00,mar-fracture,open fracture lumbar vertebra,,55,,Open fracture lumbar vertebra
Fragility fracture,207966007,S105000,mar-fracture,"open fracture lumbar vertebra, burst",,55,,"Open fracture lumbar vertebra, burst"
Fragility fracture,207967003,S105100,mar-fracture,"open fracture lumbar vertebra, wedge",,55,,"Open fracture lumbar vertebra, wedge"
Fragility fracture,207970004,S105400,mar-fracture,"open fracture lumbar vertebra, transverse process",,55,,"Open fracture lumbar vertebra, transverse process"
Fragility fracture,207974008,S106.00,mar-fracture,closed fracture sacrum,,55,,Closed fracture sacrum
Fragility fracture,207975009,S106000,mar-fracture,closed compression fracture sacrum,,55,,Closed compression fracture sacrum
Fragility fracture,207976005,S106100,mar-fracture,closed vertical fracture of sacrum,,55,,Closed vertical fracture of sacrum
Fragility fracture,207977001,S107.00,mar-fracture,open fracture sacrum,,55,,Open fracture sacrum
Fragility fracture,207978006,S107000,mar-fracture,open compression fracture sacrum,,55,,Open compression fracture sacrum
Fragility fracture,207979003,S107100,mar-fracture,open vertical fracture of sacrum,,55,,Open vertical fracture of sacrum
Fragility fracture,207980000,S108.00,mar-fracture,"closed fracture pelvis, coccyx",,55,,"Closed fracture pelvis, coccyx"
Fragility fracture,766775007,S108.00,mar-fracture,"closed fracture pelvis, coccyx",,55,,Closed fracture of coccyx
Fragility fracture,767262002,S109.00,mar-fracture,"open fracture pelvis, coccyx",,55,,Open fracture of coccyx (disorder)
Fragility fracture,207981001,S109.00,mar-fracture,"open fracture pelvis, coccyx",,55,,"Open fracture pelvis, coccyx"
Fragility fracture,125606003,S10A.00,mar-fracture,fracture of neck,,55,,Fracture of cervical spine
Fragility fracture,207983003,S10A000,mar-fracture,fracture of first cervical vertebra,,55,,Fracture of first cervical vertebra
Fragility fracture,207984009,S10A100,mar-fracture,fracture of second cervical vertebra,,55,,Fracture of second cervical vertebra
Fragility fracture,207985005,S10A200,mar-fracture,multiple fractures of cervical spine,,55,,Multiple fractures of cervical spine
Fragility fracture,207986006,S10B.00,mar-fracture,fracture of lumbar spine and pelvis,,55,,Fracture of lumbar spine and pelvis
Fragility fracture,125608002,S10B000,mar-fracture,fracture of lumbar vertebra,,55,,Fracture of lumbar spine
Fragility fracture,125872003,S10B100,mar-fracture,fracture of sacrum,,55,,Fracture of sacrum
Fragility fracture,125871005,S10B200,mar-fracture,fracture of coccyx,,55,,Fracture of coccyx
Fragility fracture,207993005,S10B600,mar-fracture,multiple fractures of lumbar spine and pelvis,,55,,Multiple fractures of lumbar spine and pelvis
Fragility fracture,42157000,S10x.00,mar-fracture,"closed fracture of spine, unspecified,",,55,,Closed fracture of vertebral column
Fragility fracture,50448004,S10y.00,mar-fracture,"open fracture of spine, unspecified,",,55,,Fracture of vertebral column
Fragility fracture,82419009,S10y.00,mar-fracture,"open fracture of spine, unspecified,",,55,,Open fracture of vertebral column
Fragility fracture,263179007,S11..00,mar-fracture,fracture of spine with spinal cord lesion,,55,,Fracture of transverse process of spine with spinal cord lesion
Fragility fracture,1734006,S11..00,mar-fracture,fracture of spine with spinal cord lesion,,55,,Fracture of vertebral column with spinal cord injury
Fragility fracture,269078005,S11..00,mar-fracture,fracture of spine with spinal cord lesion,,55,,Fracture of vertebra with spinal cord lesion
Fragility fracture,207998001,S110.00,mar-fracture,closed fracture of cervical spine with cord lesion,,55,,Closed fracture of cervical spine with cord lesion
Fragility fracture,274156000,S110000,mar-fracture,"cls spinal fracture with unspec cervical cord lesion, c1-4",,55,,Fracture of cervical spine with cord lesion
Fragility fracture,8840000,S110000,mar-fracture,"cls spinal fracture with unspec cervical cord lesion, c1-4",,55,,Closed fracture of C1-C4 level with spinal cord injury
Fragility fracture,208000003,S110100,mar-fracture,"cls spinal fracture with complete cervcl cord lesion, c1-4",,55,,"Closed spinal fracture with complete cervical cord lesion, C1-4"
Fragility fracture,46995009,S110600,mar-fracture,"cls spinal fracture with unspec cervical cord lesion, c5-7",,55,,Closed fracture of C5-C7 level with spinal cord injury
Fragility fracture,208006009,S110700,mar-fracture,"cls spinal fracture with complete cervcl cord lesion, c5-7",,55,,"Closed spinal fracture with complete cervical cord lesion, C5-7"
Fragility fracture,208007000,S110800,mar-fracture,"cls spinal fracture with anterior cervcl cord lesion, c5-7",,55,,"Closed spinal fracture with anterior cervical cord lesion, C5-7"
Fragility fracture,208012004,S111.00,mar-fracture,open fracture of cervical spine with spinal cord lesion,,55,,Open fracture of cervical spine with spinal cord lesion
Fragility fracture,208026008,S112.,efi-fragility_fracture,Closed fracture of thoracic spine with spinal cord lesion,,55,,Closed fracture of thoracic spine with spinal cord lesion
Fragility fracture,274157009,S112000,mar-fracture,"cls spinal fracture with unspec thoracic cord lesion,t1-6",,55,,Fracture of thoracic spine with cord lesion
Fragility fracture,208028009,S112100,mar-fracture,"cls spinal fracture wth complete thoracic cord lesion,t1-6",,55,,"Closed spinal fracture with complete thoracic cord lesion, T1-6"
Fragility fracture,208034002,S112700,mar-fracture,"cls spinal fracture with complete thorac cord lesion, t7-12",,55,,"Closed spinal fracture with complete thoracic cord lesion,T7-12"
Fragility fracture,208037009,S112A00,mar-fracture,"cls spinal fracture with posterior thorac cord lesion, t7-12",,55,,"Closed spinal fracture with posterior thoracic cord lesion, T7-12"
Fragility fracture,208040009,S113.00,mar-fracture,open fracture of thoracic spine with spinal cord lesion,,55,,Open fracture of thoracic spine with spinal cord lesion
Fragility fracture,208051009,S113A00,mar-fracture,"opn spinal fracture with posterior thorac cord lesion, t7-12",,55,,"Open spinal fracture with posterior thoracic cord lesion, T7-12"
Fragility fracture,208054001,S114.,efi-fragility_fracture,Closed fracture of lumbar spine with spinal cord lesion,,55,,Closed fracture of lumbar spine with spinal cord lesion
Fragility fracture,274158004,S114000,mar-fracture,closed spinal fracture with unspecified lumbar cord lesion,,55,,Fracture of lumbar spine with cord lesion
Fragility fracture,208056004,S114100,mar-fracture,closed spinal fracture with complete lumbar cord lesion,,55,,Closed spinal fracture with complete lumbar cord lesion
Fragility fracture,208060001,S1145,efi-fragility_fracture,Closed spinal fracture with cauda equina lesion,,55,,Closed spinal fracture with cauda equina lesion
Fragility fracture,208061002,S115.00,mar-fracture,open fracture of lumbar spine with spinal cord lesion,,55,,Open fracture of lumbar spine with spinal cord lesion
Fragility fracture,208069000,S116.00,mar-fracture,closed fracture of sacrum with spinal cord lesion,,55,,Closed fracture of sacrum with spinal cord lesion
Fragility fracture,208076005,S117.00,mar-fracture,open fracture of sacrum with spinal cord lesion,,55,,Open fracture of sacrum with spinal cord lesion
Fragility fracture,208082008,S118.00,mar-fracture,closed fracture of coccyx with spinal cord lesion,,55,,Closed fracture of coccyx with spinal cord lesion
Fragility fracture,60667009,S120.00,mar-fracture,closed fracture rib,,55,,Closed fracture of rib
Fragility fracture,45356009,S120100,mar-fracture,closed fracture of one rib,,55,,Closed fracture of one rib
Fragility fracture,3291007,S120200,mar-fracture,closed fracture of two ribs,,55,,Closed fracture of two ribs
Fragility fracture,79546008,S120300,mar-fracture,closed fracture of three ribs,,55,,Closed fracture of three ribs
Fragility fracture,39335003,S120400,mar-fracture,closed fracture of four ribs,,55,,Closed fracture of four ribs
Fragility fracture,17633000,S120500,mar-fracture,closed fracture of five ribs,,55,,Closed fracture of five ribs
Fragility fracture,89636007,S120600,mar-fracture,closed fracture of six ribs,,55,,Closed fracture of six ribs
Fragility fracture,20121009,S120700,mar-fracture,closed fracture of seven ribs,,55,,Closed fracture of seven ribs
Fragility fracture,90863004,S120800,mar-fracture,closed fracture of eight or more ribs,,55,,Closed fracture of eight OR more ribs
Fragility fracture,12204004,S120900,mar-fracture,closed fracture multiple ribs,,55,,Closed fracture of multiple ribs
Fragility fracture,208136003,S120A00,mar-fracture,cough fracture,,55,,Cough fracture of ribs
Fragility fracture,45910007,S121.00,mar-fracture,open fracture rib,,55,,Open fracture of rib
Fragility fracture,47402002,S121200,mar-fracture,open fracture of two ribs,,55,,Open fracture of two ribs
Fragility fracture,69029002,S121700,mar-fracture,open fracture of seven ribs,,55,,Open fracture of seven ribs
Fragility fracture,28081005,S121900,mar-fracture,open fracture multiple ribs,,55,,Open fracture of multiple ribs
Fragility fracture,33737001,S127.00,mar-fracture,fracture of rib,,55,,Fracture of rib
Fragility fracture,1261007,S127000,mar-fracture,multiple fractures of ribs,,55,,Fracture of multiple ribs
Fragility fracture,208164008,S132.00,mar-fracture,closed fracture pubis,,55,,Closed fracture pubis
Fragility fracture,208165009,S132000,mar-fracture,"closed fracture pelvis, single pubic ramus",,55,,"Closed fracture pelvis, single pubic ramus"
Fragility fracture,208166005,S132100,mar-fracture,"closed fracture pelvis, multiple pubic rami - stable",,55,,"Closed fracture pelvis, multiple pubic rami - stable"
Fragility fracture,208168006,S132200,mar-fracture,"closed fracture pelvis, multiple pubic rami - unstable",,55,,"Closed fracture pelvis, multiple pubic rami - unstable"
Fragility fracture,71220005,S133.00,mar-fracture,open fracture of pubis,,55,,Open fracture of pubis
Fragility fracture,208172005,S133000,mar-fracture,"open fracture pelvis, single pubic ramus",,55,,"Open fracture pelvis, single pubic ramus"
Fragility fracture,208173000,S133100,mar-fracture,"open fracture pelvis, multiple pubic rami - stable",,55,,"Open fracture pelvis, multiple pubic rami - stable"
Fragility fracture,208174006,S133200,mar-fracture,"open fracture pelvis, multiple pubic rami - unstable",,55,,"Open fracture pelvis, multiple pubic rami - unstable"
Fragility fracture,36127009,S133y00,mar-fracture,other specified open fracture of pubis,,55,,Fracture of pubis
Fragility fracture,65354004,S14z.00,mar-fracture,fracture of ill-defined bone of trunk nos,,55,,Fracture of bones of trunk
Fragility fracture,125607007,S15..00,mar-fracture,fracture of thoracic vertebra,,55,,Fracture of thoracic spine
Fragility fracture,208215006,S150.,efi-fragility_fracture,Multiple fractures of thoracic spine,,55,,Multiple fractures of thoracic spine
Fragility fracture,311814002,S150000,mar-fracture,closed multiple fractures of thoracic spine,,55,,Closed multiple fractures of thoracic spine
Fragility fracture,311815001,S150100,mar-fracture,open multiple fracture of thoracic spine,,55,,Open multiple fracture of thoracic spine
Fragility fracture,42636007,S220.00,mar-fracture,closed fracture of the proximal humerus,,55,,Closed fracture of upper end of humerus
Fragility fracture,208240004,S220100,mar-fracture,"closed fracture proximal humerus, neck",,55,,"Closed fracture proximal humerus, neck"
Fragility fracture,208241000,S220200,mar-fracture,"closed fracture of proximal humerus, anatomical neck",,55,,"Closed fracture of proximal humerus, anatomical neck"
Fragility fracture,208242007,S220300,mar-fracture,"closed fracture proximal humerus, greater tuberosity",,55,,"Closed fracture proximal humerus, greater tuberosity"
Fragility fracture,413875004,S220400,mar-fracture,"closed fracture proximal humerus, head",,55,,Closed fracture of head of humerus (disorder)
Fragility fracture,208244008,S220500,mar-fracture,"closed fracture of humerus, upper epiphysis",,55,,"Closed fracture of humerus, upper epiphysis"
Fragility fracture,208245009,S220600,mar-fracture,"closed fracture proximal humerus, three part",,55,,"Closed fracture proximal humerus, three part"
Fragility fracture,208246005,S220700,mar-fracture,"closed fracture proximal humerus, four part",,55,,"Closed fracture proximal humerus, four part"
Fragility fracture,275337006,S221.00,mar-fracture,open fracture of the proximal humerus,,55,,Shoulder fracture - open
Fragility fracture,86844009,S221000,mar-fracture,"open fracture of proximal humerus, unspecified part",,55,,Open fracture of upper end of humerus
Fragility fracture,208250003,S221100,mar-fracture,"open fracture proximal humerus, neck",,55,,"Open fracture proximal humerus, neck"
Fragility fracture,208251004,S221200,mar-fracture,"open fracture of proximal humerus, anatomical neck",,55,,"Open fracture of proximal humerus, anatomical neck"
Fragility fracture,208253001,S221300,mar-fracture,"open fracture proximal humerus, greater tuberosity",,55,,"Open fracture proximal humerus, greater tuberosity"
Fragility fracture,208254007,S221400,mar-fracture,"open fracture proximal humerus, head",,55,,"Open fracture proximal humerus, head"
Fragility fracture,208255008,S221500,mar-fracture,"open fracture of humerus, upper epiphysis",,55,,"Open fracture of humerus, upper epiphysis"
Fragility fracture,208256009,S221600,mar-fracture,"open fracture proximal humerus, three part",,55,,"Open fracture proximal humerus, three part"
Fragility fracture,208257000,S221700,mar-fracture,"open fracture proximal humerus, four part",,55,,"Open fracture proximal humerus, four part"
Fragility fracture,127286005,S226.00,mar-fracture,fracture of upper end of humerus,,55,,Fracture of upper end of humerus
Fragility fracture,33192001,S234.,efi-fragility_fracture,"Closed fracture of: [radius and ulna, lower end] or [wrist])",,55,,Closed fracture of lower end of radius AND ulna
Fragility fracture,9468002,S234.,efi-fragility_fracture,"Closed fracture of: [radius and ulna, lower end] or [wrist])",,55,,Closed fracture carpal bone
Fragility fracture,208321007,S2341,efi-fragility_fracture,Closed fracture: [Colles'] or [Smith's],,55,,Smith's fracture - closed
Fragility fracture,269083002,S234111,mar-fracture,smith's fracture - closed,,55,,Closed Colles' fracture
Fragility fracture,17222009,S234200,mar-fracture,"closed fracture of the distal radius, unspecified",,55,,Closed fracture of distal end of radius
Fragility fracture,41036008,S234300,mar-fracture,"closed fracture of ulna, styloid process",,55,,Closed fracture of styloid process of ulna
Fragility fracture,208318005,S234400,mar-fracture,"closed fracture of ulna, lower epiphysis",,55,,"Closed fracture of ulna, lower epiphysis"
Fragility fracture,50397009,S234500,mar-fracture,"closed fracture distal ulna, unspecified",,55,,Closed fracture of distal end of ulna
Fragility fracture,208325003,S234B00,mar-fracture,closed fracture radial styloid,,55,,Closed fracture radial styloid
Fragility fracture,208326002,S234C00,mar-fracture,"closed fracture distal radius, intra-articular, die-punch",,55,,"Closed fracture distal radius, intra-articular, die-punch"
Fragility fracture,263199001,S234D00,mar-fracture,"closed fracture distal radius, extra-articular, other type",,55,,Fracture of distal end of radius
Fragility fracture,448838000,S234D00,mar-fracture,"closed fracture distal radius, extra-articular, other type",,55,,Closed extraarticular fracture of distal radius (disorder)
Fragility fracture,35442005,S234z00,mar-fracture,"closed fracture of forearm, lower end, nos",,55,,Closed fracture of lower end of forearm
Fragility fracture,88116004,S235.00,mar-fracture,"open fracture of radius and ulna, lower end",,55,,Open fracture of lower end of radius AND ulna
Fragility fracture,65966004,S235000,mar-fracture,"open fracture of forearm, lower end, unspecified",,55,,Fracture of forearm
Fragility fracture,80411001,S2351,efi-fragility_fracture,Open fracture: [Colles'] or [Smith's],,55,,Open Colles' fracture
Fragility fracture,208340001,S235100,mar-fracture,open colles' fracture,,55,,Smith's fracture - open
Fragility fracture,25529004,S235200,mar-fracture,"open fracture of the distal radius, unspecified",,55,,Open fracture of distal end of radius
Fragility fracture,208336005,S235300,mar-fracture,"open fracture of ulna, styloid process",,55,,"Open fracture of ulna, styloid process"
Fragility fracture,208337001,S235400,mar-fracture,"open fracture of ulna, lower epiphysis",,55,,"Open fracture of ulna, lower epiphysis"
Fragility fracture,263205008,S235500,mar-fracture,open fracture distal ulna - other,,55,,Fracture of distal end of ulna
Fragility fracture,649002,S235500,mar-fracture,open fracture distal ulna - other,,55,,Open fracture of distal end of ulna
Fragility fracture,208344005,S235B00,mar-fracture,open fracture radial styloid,,55,,Open fracture radial styloid
Fragility fracture,208345006,S235C00,mar-fracture,"open fracture distal radius, intra-articular, die-punch",,55,,"Open fracture distal radius, intra-articular, die-punch"
Fragility fracture,8.49671E+14,S235D00,mar-fracture,"open fracture distal radius, extra-articular other type",,55,,Open extra-articular fracture of distal radius
Fragility fracture,8.49681E+14,S235E00,mar-fracture,"open fracture distal radius, intra-articular other type",,55,,Open intra-articular fracture of distal radius
Fragility fracture,263208005,S23C.00,mar-fracture,fracture of lower end of both ulna and radius,,55,,Fracture of distal end of radius and ulna
Fragility fracture,46866001,S30..,efi-fragility_fracture,Fracture: [neck of femur] or [hip],,55,,Fracture of lower limb
Fragility fracture,263225007,S30..,efi-fragility_fracture,Fracture: [neck of femur] or [hip],,55,,Fracture of proximal end of femur
Fragility fracture,5913000,S30..00,mar-fracture,fracture of neck of femur,,55,,Fracture of neck of femur
Fragility fracture,208521006,S300.00,mar-fracture,"closed fracture proximal femur, transcervical",,55,,"Closed fracture proximal femur, transcervical"
Fragility fracture,20100009,S3000,efi-fragility_fracture,"Cls # prox femur, intracapsular section, unspecified",,55,,Closed fracture of intracapsular section of femur
Fragility fracture,359820003,S3000,efi-fragility_fracture,"Cls # prox femur, intracapsular section, unspecified",,55,,Closed fracture of neck of femur
Fragility fracture,208523009,S300100,mar-fracture,"closed fracture proximal femur, transepiphyseal",,55,,"Closed fracture proximal femur, transepiphyseal"
Fragility fracture,208524003,S300200,mar-fracture,"closed fracture proximal femur, midcervical section",,55,,"Closed fracture proximal femur, midcervical section"
Fragility fracture,1705000,S300300,mar-fracture,"closed fracture proximal femur, basicervical",,55,,Closed fracture of base of neck of femur
Fragility fracture,208526001,S300400,mar-fracture,closed fracture head of femur,,55,,Closed fracture head of femur
Fragility fracture,275338001,S3005,efi-fragility_fracture,"Cls # prox femur, subcapital, Garden grade unspec.",,55,,"Closed fracture of femur, subcapital"
Fragility fracture,208528000,S3006,efi-fragility_fracture,"Closed fracture proximal femur, subcapital, Garden grade I",,55,,"Closed fracture proximal femur, subcapital, Garden grade I"
Fragility fracture,208529008,S300700,mar-fracture,"closed fracture proximal femur, subcapital, garden grade ii",,55,,"Closed fracture proximal femur, subcapital, Garden grade II"
Fragility fracture,208530003,S300800,mar-fracture,"closed fracture proximal femur, subcapital, garden grade iii",,55,,"Closed fracture proximal femur, subcapital, Garden grade III"
Fragility fracture,208531004,S300900,mar-fracture,"closed fracture proximal femur, subcapital, garden grade iv",,55,,"Closed fracture proximal femur, subcapital, Garden grade IV"
Fragility fracture,1.98741E+14,S300A00,mar-fracture,"closed fracture of femur, upper epiphysis",,55,,"Closed fracture of femur, upper epiphysis (disorder)"
Fragility fracture,12746007,S301.00,mar-fracture,"open fracture proximal femur, transcervical",,55,,Open transcervical fracture of femur
Fragility fracture,208536009,S301100,mar-fracture,"open fracture proximal femur, transepiphyseal",,55,,"Open fracture proximal femur, transepiphyseal"
Fragility fracture,263231005,S301311,mar-fracture,open fracture base of neck of femur,,55,,Open fracture base of neck of femur
Fragility fracture,41191003,S301400,mar-fracture,"open fracture head, femur",,55,,Open fracture of head of femur
Fragility fracture,208540000,S301500,mar-fracture,"open fracture proximal femur,subcapital, garden grade unspec",,55,,"Open fracture proximal femur,subcapital, Garden grade unspec"
Fragility fracture,208541001,S301600,mar-fracture,"open fracture proximal femur,subcapital, garden grade i",,55,,"Open fracture proximal femur,subcapital, Garden grade I"
Fragility fracture,208542008,S301700,mar-fracture,"open fracture proximal femur,subcapital, garden grade ii",,55,,"Open fracture proximal femur,subcapital, Garden grade II"
Fragility fracture,208543003,S301800,mar-fracture,"open fracture proximal femur,subcapital, garden grade iii",,55,,"Open fracture proximal femur,subcapital, Garden grade III"
Fragility fracture,208544009,S301900,mar-fracture,"open fracture proximal femur,subcapital, garden grade iv",,55,,"Open fracture proximal femur,subcapital, Garden grade IV"
Fragility fracture,1.98751E+14,S301A00,mar-fracture,"open fracture of femur, upper epiphysis",,55,,"Open fracture of femur, upper epiphysis (disorder)"
Fragility fracture,275339009,S301y00,mar-fracture,"open fracture proximal femur, other transcervical",,55,,"Open fracture of femur, subcapital"
Fragility fracture,208548007,S302.,efi-fragility_fracture,"Closed fracture of proximal femur, pertrochanteric",,55,,"Closed fracture of proximal femur, pertrochanteric"
Fragility fracture,208550004,S3021,efi-fragility_fracture,"Closed fracture proximal femur, intertrochanteric, two part",,55,,"Closed fracture proximal femur, intertrochanteric, two part"
Fragility fracture,208551000,S302200,mar-fracture,"closed fracture proximal femur, subtrochanteric",,55,,"Closed fracture proximal femur, subtrochanteric"
Fragility fracture,208552007,S3023,efi-fragility_fracture,"Cls # proximal femur, intertrochanteric, comminuted",,55,,"Closed fracture proximal femur, intertrochanteric, comminuted"
Fragility fracture,89820008,S302400,mar-fracture,"closed fracture of femur, intertrochanteric",,55,,Closed intertrochanteric fracture
Fragility fracture,208555009,S303.,efi-fragility_fracture,"Open fracture of proximal femur, pertrochanteric",,55,,"Open fracture of proximal femur, pertrochanteric"
Fragility fracture,208557001,S303100,mar-fracture,"open fracture proximal femur, intertrochanteric, two part",,55,,"Open fracture proximal femur, intertrochanteric, two part"
Fragility fracture,208558006,S3032,efi-fragility_fracture,"Open fracture proximal femur, subtrochanteric",,55,,"Open fracture proximal femur, subtrochanteric"
Fragility fracture,208559003,S303300,mar-fracture,"open fracture proximal femur, intertrochanteric, comminuted",,55,,"Open fracture proximal femur, intertrochanteric, comminuted"
Fragility fracture,26938002,S303400,mar-fracture,"open fracture of femur, intertrochanteric",,55,,Open intertrochanteric fracture
Fragility fracture,208562000,S304.,efi-fragility_fracture,Pertrochanteric fracture,,55,,Pertrochanteric fracture
Fragility fracture,263229001,S305.00,mar-fracture,subtrochanteric fracture,,55,,Subtrochanteric fracture of femur
Fragility fracture,25415003,S30w.00,mar-fracture,closed fracture of unspecified proximal femur,,55,,Closed fracture of femur
Fragility fracture,28576007,S30x.00,mar-fracture,open fracture of unspecified proximal femur,,55,,Open fracture of femur
Fragility fracture,361119006,S30z.,efi-fragility_fracture,Open fracture of neck of femur NOS,,55,,Open fracture of neck of femur
Fragility fracture,71620000,S31z.,efi-fragility_fracture,"Fracture of femur, NOS",,55,,Fracture of femur
Fragility fracture,208622009,S331600,mar-fracture,"open fracture spine, tibia",,55,,"Open fracture spine, tibia"
Fragility fracture,208892001,S4500,efi-fragility_fracture,"Closed traumatic dislocation of hip, unspecified",,55,,Closed traumatic dislocation of hip
Fragility fracture,209253005,S4B0100,mar-fracture,closed fracture-dislocation superior radio-ulnar joint,,55,,Closed fracture dislocation superior radioulnar joint
Fragility fracture,209263002,S4C..00,mar-fracture,fracture-dislocation or subluxation of wrist,,55,,Fracture dislocation or subluxation of wrist
Fragility fracture,209264008,S4C0.00,mar-fracture,closed fracture dislocation of wrist,,55,,Closed fracture dislocation of wrist
Fragility fracture,209265009,S4C0000,mar-fracture,closed fracture-dislocation distal radio-ulnar joint,,55,,Closed fracture dislocation distal radioulnar joint
Fragility fracture,209266005,S4C0100,mar-fracture,closed fracture-dislocation radiocarpal joint,,55,,Closed fracture dislocation radiocarpal joint
Fragility fracture,209273000,S4C1.00,mar-fracture,open fracture dislocation wrist,,55,,Open fracture dislocation wrist
Fragility fracture,209274006,S4C1000,mar-fracture,"open fracture-dislocation, distal radio-ulnar joint",,55,,"Open fracture dislocation, distal radioulnar joint"
Fragility fracture,209276008,S4C1100,mar-fracture,open fracture-dislocation radiocarpal joint,,55,,Open fracture dislocation radiocarpal joint
Fragility fracture,209283001,S4C2.00,mar-fracture,closed fracture-subluxation of the wrist,,55,,Closed fracture subluxation of the wrist
Fragility fracture,209284007,S4C2000,mar-fracture,"closed fracture-subluxation, distal radio-ulnar jt",,55,,"Closed fracture subluxation, distal radioulnar joint"
Fragility fracture,209285008,S4C2100,mar-fracture,closed fracture-subluxation radiocarpal joint,,55,,Closed fracture subluxation radiocarpal joint
Fragility fracture,209292003,S4C3.00,mar-fracture,open fracture-subluxation of the wrist,,55,,Open fracture subluxation of the wrist
Fragility fracture,209293008,S4C3000,mar-fracture,"open fracture-subluxation, distal radio-ulnar joint",,55,,"Open fracture subluxation, distal radioulnar joint"
Fragility fracture,209294002,S4C3100,mar-fracture,open fracture-subluxation radiocarpal joint,,55,,Open fracture subluxation radiocarpal joint
Fragility fracture,209334003,S4E..,efi-fragility_fracture,Fracture dislocation or subluxation hip,,55,,Fracture dislocation or subluxation hip
Fragility fracture,209335002,S4E0.,efi-fragility_fracture,"Closed fracture dislocation, hip joint",,55,,"Closed fracture dislocation, hip joint"
Fragility fracture,209336001,S4E1.,efi-fragility_fracture,"Open fracture dislocation, hip joint",,55,,"Open fracture dislocation, hip joint"
Fragility fracture,209337005,S4E2.00,mar-fracture,"closed fracture-subluxation, hip joint",,55,,"Closed fracture subluxation, hip joint"
Fragility fracture,9341001,SC01.00,mar-fracture,late effect of fracture of spine/trunk without cord lesion,,55,,Late effect of fracture of spine AND/OR trunk without spinal cord lesion
Fragility fracture,312660000,SC01000,mar-fracture,late effect of fracture of cervical vertebra,,55,,Late effect of fracture of cervical vertebra
Fragility fracture,312661001,SC01100,mar-fracture,late effect of fracture of thoracic vertebra,,55,,Late effect of fracture of thoracic vertebra
Fragility fracture,312662008,SC01200,mar-fracture,late effect of fracture of lumbar vertebra,,55,,Late effect of fracture of lumbar vertebra
Fragility fracture,210967007,SC03.00,mar-fracture,late effect of fracture neck of femur,,55,,Sequelae of fracture of femur
Fragility fracture,263088001,XA0ED,efi-fragility_fracture,Fracture dislocation of hip joint,,55,,Fracture dislocation of hip joint
Fragility fracture,123971006,XA0Gc,efi-fragility_fracture,Colles' fracture,,55,,Colles' fracture
Fragility fracture,263226008,XA0HF,efi-fragility_fracture,Subcapital fracture of neck of femur,,55,,Intracapsular fracture of neck of femur
Fragility fracture,263227004,XA0HG,efi-fragility_fracture,Midcervical fracture of neck of femur,,55,,Midcervical fracture of neck of femur
Fragility fracture,263228009,XA0HH,efi-fragility_fracture,Basicervical fracture of neck of femur,,55,,Basal cervical fracture of neck of femur
Fragility fracture,127287001,XA0HI,efi-fragility_fracture,Intertrochanteric fracture of femur,,55,,Intertrochanteric fracture
Fragility fracture,274155001,XM0vO,efi-fragility_fracture,Fracture of lumbar spine - no cord lesion,,55,,Fracture of lumbar spine - no cord lesion
Fragility fracture,275340006,XM1Ng,efi-fragility_fracture,"Closed fracture of femur, greater trochanter",,55,,"Closed fracture of femur, greater trochanter"
Fragility fracture,275343008,XM1Nj,efi-fragility_fracture,"Open fracture of femur, greater trochanter",,55,,"Open fracture of femur, greater trochanter"
Fragility fracture,281912006,Xa1vR,efi-fragility_fracture,Wedge fracture of cervical vertebra,,55,,Wedge fracture of cervical vertebra
Fragility fracture,281913001,Xa1vS,efi-fragility_fracture,Crush fracture of cervical vertebra,,55,,Crush fracture of cervical vertebra
Fragility fracture,281922000,Xa1vb,efi-fragility_fracture,Wedge fracture of thoracic vertebra,,55,,Wedge fracture of thoracic vertebra
Fragility fracture,281923005,Xa1vc,efi-fragility_fracture,Crush fracture of thoracic vertebra,,55,,Crush fracture of thoracic vertebra
Fragility fracture,281924004,Xa1vd,efi-fragility_fracture,Burst fracture of thoracic vertebra,,55,,Burst fracture of thoracic vertebra
Fragility fracture,281932007,Xa1vl,efi-fragility_fracture,Wedge fracture of lumbar vertebra,,55,,Wedge fracture of lumbar vertebra
Fragility fracture,281933002,Xa1vm,efi-fragility_fracture,Crush fracture of lumbar vertebra,,55,,Crush fracture of lumbar vertebra
Fragility fracture,301034006,Xa7nz,efi-fragility_fracture,Fracture of greater trochanter,,55,,Fracture of greater trochanter
Fragility fracture,302034009,Xa8AO,efi-fragility_fracture,Fracture subluxation of hip joint,,55,,Fracture subluxation of hip joint
Fragility fracture,307137009,XaAzf,efi-fragility_fracture,Anterior wedge fracture of vertebra,,55,,Anterior wedge fracture of vertebra
Fragility fracture,313330006,XaEJD,efi-fragility_fracture,Closed reduction of intracapsular # NOF internal fixat DHS,,55,,Closed reduction of intracapsular fracture of neck of femur and internal fixation using a dynamic hip screw
Fragility fracture,314667001,XaFCy,efi-fragility_fracture,Burst fracture of vertebra,,55,,Burst fracture of vertebra
Fragility fracture,314668006,XaFCz,efi-fragility_fracture,Wedge fracture of vertebra,,55,,Wedge fracture of vertebra
Fragility fracture,179106008,XaPtb,efi-fragility_fracture,Remanip intracap fract neck fem and fix using nail or screw,,55,,Revision to closed reduction and internal fixation of proximal femoral fracture with screw/nail device alone
Fragility fracture,311428000,XaPtb,efi-fragility_fracture,Remanip intracap fract neck fem and fix using nail or screw,,55,,Revision closed reduction and internal fixation of fracture
General mental health,272059005,1614.12,,Polyphagia symptom,5,,,Polyphagia symptom
General mental health,67698009,1Ba0.00,,Obsessional thoughts,5,,,Obsession
General mental health,443732006,1G2..00,,Dissatisfied with body image,5,,,Dissatisfaction with body image (finding)
General mental health,268957000,285..00,,"Neurotic condition, insight present",5,,,"Neurotic condition, insight present"
General mental health,268958005,286..00,,Poor insight into neurotic condition,5,,,Poor insight into neurotic condition
General mental health,7.10071E+14,6A61.00,,Attention deficit hyperactivity disorder annual review,5,,,Attention deficit hyperactivity disorder annual review (procedure)
General mental health,5.15721E+14,8BAf.00,,Social prescribing for mental health,5,,,Social prescribing for mental health (regime/therapy)
General mental health,702538008,8BPT.00,,Drug therapy ADHD (attention deficit hyperactivity disorder),5,,,Drug therapy for attention deficit hyperactivity disorder (procedure)
General mental health,703314001,8BPT100,,Non-stimulant drug therapy for ADHD,5,,,Non-stimulant drug therapy for ADHD (attention deficit hyperactivity disorder)
General mental health,266744007,8G...00,,Psychotherapy/sociotherapy,5,,,Psychotherapy/sociotherapy
General mental health,75516001,8G...00,,Psychotherapy/sociotherapy,5,,,Psychotherapy
General mental health,243224001,8G...11,,Psychotherapy,5,,,Social therapy
General mental health,183382003,8G10.00,,Psychotherapy - behavioural,5,,,Psychotherapy - behavioral
General mental health,183383008,8G11.00,,Psychotherapy - cognitive,5,,,Psychotherapy - cognitive
General mental health,314034001,8G12.00,,Psychotherapy - psychodynamic,5,,,Psychodynamic psychotherapy
General mental health,429048003,8G12000,,Short-term psychodynamic therapy,5,,,Short-term psychodynamic therapy (regime/therapy)
General mental health,7.86721E+14,8G12100,,Dynamic interpersonal therapy,5,,,Dynamic interpersonal therapy (regime/therapy)
General mental health,304891004,8G13.00,,Cognitive-behaviour therapy,5,,,CBT - Cognitive - behavior therapy
General mental health,390773006,8G14.00,,Cognitive analytic therapy,5,,,Cognitive analytic therapy (regime/therapy)
General mental health,429329005,8G15.00,,Computerised cognitive behavioural therapy,5,,,Computerized cognitive behavioral therapy (regime/therapy)
General mental health,443730003,8G16.00,,Interpersonal psychotherapy,5,,,Interpersonal psychotherapy (regime/therapy)
General mental health,444175001,8G17.00,,Guided self help cognitive behavioural therapy,5,,,Guided self-help cognitive behavioral therapy (regime/therapy)
General mental health,76168009,8G51.00,,Group psychotherapy,5,,,Group psychotherapy
General mental health,183403006,8G62.00,,Samaritans advisory service,5,,,Samaritans advisory service
General mental health,19997007,8G8..00,,Therapeutic hypnosis,5,,,Hypnotherapy
General mental health,183408002,8G81.00,,Hypnosis for therapy,5,,,Hypnosis for therapy
General mental health,183411001,8G91.00,,Therapeutic psychology,5,,,Therapeutic psychology
General mental health,401162000,8G96.00,,Problem solving therapy,5,,,Problem solving therapy (regime/therapy)
General mental health,183524004,8H49.00,,Psychiatric referral,5,,,Psychiatric referral
General mental health,308448008,8H78.00,,Refer to counsellor,5,,,Referral to counsellor
General mental health,183583007,8H7A.00,,Refer to mental health worker,5,,,Refer to mental health worker
General mental health,183584001,8H7B.00,,Refer to community psych.nurse,5,,,Referral to community psychiatric nurse
General mental health,308459004,8H7T.00,,Refer to psychologist,5,,,Referral to psychologist
General mental health,7.49201E+14,8HB8.00,,Mental therapy follow-up,5,,,Mental health therapy follow-up
General mental health,2.48691E+14,8HB8.00,,Mental therapy follow-up,5,,,Mental health review follow-up (procedure)
General mental health,1.99151E+14,8HBK.00,,Mental health triage nurse follow up,5,,,Mental health triage nurse follow up (finding)
General mental health,306343005,8HHT.00,,Referral to psychotherapist,5,,,Referral to psychotherapist
General mental health,1.99081E+14,8HHn.00,,Referral to non NHS mental health community service,5,,,Referral to non NHS mental health community service (procedure)
General mental health,1.99121E+14,8HHr.00,,Referral for mental health self-help literature,5,,,Referral for mental health self-help literature (procedure)
General mental health,2.00341E+14,8HHu.00,,Referral to primary care mental health gateway worker,5,,,Referral to primary care mental health gateway worker (procedure)
General mental health,2.00351E+14,8HHv.00,,Referral to primary care mental health graduate worker,5,,,Referral to primary care mental health graduate worker (procedure)
General mental health,183690008,8HJ3.00,,Psychiatric self-referral,5,,,Psychiatric self-referral
General mental health,183904005,8HVO.00,,Private referral to psychiatrist,5,,,Private referral to psychiatrist
General mental health,390866009,8Hc..00,,Referral to mental health team,5,,,Referral to mental health team (procedure)
General mental health,2.4921E+13,8Hc0.00,,Referral to community mental health team,5,,,Referral to community mental health team
General mental health,2.79381E+14,8Hc2.00,,Referral to primary care mental health team,5,,,Referral to primary care mental health team (procedure)
General mental health,1.99161E+14,8Hg7.00,,Discharged from care of mental health triage nurse,5,,,Discharged from care of mental health triage nurse (procedure)
General mental health,3.06901E+14,8Hg9.00,,Discharged from community mental health service,5,,,Discharged from community mental health service (finding)
General mental health,439141002,8HgB.00,,Discharged by mental health primary care worker,5,,,Discharge by mental health primary care worker (procedure)
General mental health,3.80201E+14,8HkK.00,,Referral to IAPTprogramme,5,,,Referral to improving access to psychological therapies programme (procedure)
General mental health,395094003,8O82.00,,Emotional and psychosocial support and advice,5,,,Emotional and psychosocial support and advice (regime/therapy)
General mental health,185225004,9N1M.00,,Seen in psychology clinic,5,,,Seen in psychology clinic
General mental health,185288004,9N2B.00,,Seen by counsellor,5,,,Seen by counsellor
General mental health,8.73901E+14,9N2W300,,Seen by trainee psychologist,5,,,Seen by trainee psychologist (finding)
General mental health,1.99131E+14,9N2q.00,,Seen by primary care graduate mental health worker,5,,,Seen by primary care graduate mental health worker (finding)
General mental health,1.99141E+14,9N2r.00,,Seen by mental health triage nurse,5,,,Seen by mental health triage nurse (finding)
General mental health,2.47981E+14,9N2v.00,,Seen by primary care mental health gateway worker,5,,,Seen by primary care mental health gateway worker (finding)
General mental health,401202005,9N4N.00,,Did not attend mental health appointment,5,,,DNA - Did not attend mental health appointment (finding)
General mental health,7.61351E+14,9N5F.00,,Patient initiated encounter with mental health crisis team,5,,,Patient initiated encounter with mental health crisis team (procedure)
General mental health,3.04521E+14,9N6h.00,,Referral by mental health service,5,,,Referral by mental health service (procedure)
General mental health,2.48951E+14,9NJb.00,,In-house psychiatry first appointment,5,,,In-house psychiatry first appointment (procedure)
General mental health,2.48971E+14,9NJd.00,,In-house psychiatry follow-up appointment,5,,,In-house psychiatry follow-up appointment (procedure)
General mental health,8.63671E+14,9NSC.00,,Accepted by psychological talking therapy service,5,,,Accepted by psychological talking therapy service (finding)
General mental health,8.86371E+14,9Ngp.00,,On drug ther ADHD (attention deficit hyperactivity disorder),5,,,On drug therapy for attention deficit hyperactivity disorder (situation)
General mental health,7.63151E+14,9Nia.00,,Did not attend psychotherapy appointment,5,,,Did not attend psychotherapy appointment (finding)
General mental health,431957001,9Nk6.00,,Seen in mental health clinic,5,,,Seen in mental health clinic (finding)
General mental health,439437006,9Nk9.00,,Seen in eating disorder clinic,5,,,Seen in eating disorder clinic (finding)
General mental health,305761008,9NlK.00,,Seen by psychotherapist,5,,,Seen by psychotherapist
General mental health,305693007,9Nla.00,,Seen by psychiatrist,5,,,Seen by psychiatrist
General mental health,8.60111E+14,9Nla100,,Seen by consultant psychiatrist,5,,,Seen by consultant psychiatrist (finding)
General mental health,191496002,E02y400,,Drug-induced personality disorder,5,,,Drug-induced personality disorder
General mental health,74732009,E2...00,,"Neurotic, personality and other nonpsychotic disorders",5,,,Mental disorder
General mental health,111475002,E20..00,,Neurotic disorders,5,,,Neurosis
General mental health,44376007,E201.00,,Hysteria,5,,,Dissociative disorder
General mental health,88902008,E201100,,Hysterical blindness,5,,,Hysterical blindness
General mental health,70967007,E201200,,Hysterical deafness,5,,,Hysterical deafness
General mental health,191713008,E201300,,Hysterical tremor,5,,,Hysterical tremor
General mental health,88984006,E201400,,Hysterical paralysis,5,,,Hysterical paralysis
General mental health,191714002,E201500,,Hysterical seizures,5,,,Dissociative convulsions
General mental health,71802006,E201600,,Other conversion disorder,5,,,Hysterical ataxia
General mental health,20734000,E201612,,Globus hystericus,5,,,Psychologic conversion disorder
General mental health,44037003,E201612,,Globus hystericus,5,,,Globus hystericus
General mental health,84209002,E201700,,Hysterical amnesia,5,,,Psychogenic amnesia
General mental health,3586005,E201800,,Hysterical fugue,5,,,Psychogenic fugue
General mental health,31611000,E201900,,Multiple personality,5,,,Multiple personality disorder
General mental health,95439001,E201z00,,Hysteria NOS,5,,,Psychogenic aphonia
General mental health,386810004,E202.00,,Phobic disorders,5,,,Phobic disorder (disorder)
General mental health,25501002,E202.00,,Phobic disorders,5,,,Social phobia
General mental health,386808001,E202000,,Phobia unspecified,5,,,Phobia (finding)
General mental health,191722009,E202100,,Agoraphobia with panic attacks,5,,,Agoraphobia with panic attacks
General mental health,61569007,E202200,,Agoraphobia without mention of panic attacks,5,,,Agoraphobia without history of panic disorder
General mental health,191724005,E202300,,"Social phobia, fear of eating in public",5,,,"Social phobia, fear of eating in public"
General mental health,191725006,E202400,,"Social phobia, fear of public speaking",5,,,"Social phobia, fear of public speaking"
General mental health,191726007,E202500,,"Social phobia, fear of public washing",5,,,"Social phobia, fear of public washing"
General mental health,58963008,E202600,,Acrophobia,5,,,Acrophobia
General mental health,54307006,E202700,,Animal phobia,5,,,Zoophobia
General mental health,19887002,E202800,,Claustrophobia,5,,,Claustrophobia
General mental health,191728008,E202900,,Fear of crowds,5,,,Fear of crowds
General mental health,247853008,E202A00,,Fear of flying,5,,,Fear of flying
General mental health,34563004,E202B00,,Cancer phobia,5,,,Cancerophobia
General mental health,38617005,E202C00,,Dental phobia,5,,,Dental phobia
General mental health,231521002,E202z11,,Weight fixation,5,,,Weight fixation
General mental health,191736004,E203.00,,Obsessive-compulsive disorders,5,,,Anancastic neurosis
General mental health,191737008,E203000,,Compulsive neurosis,5,,,Compulsive neurosis
General mental health,191738003,E203100,,Obsessional neurosis,5,,,Obsessional neurosis
General mental health,70764005,E206.00,,Depersonalisation syndrome,5,,,Depersonalization disorder
General mental health,18193002,E207.00,,Hypochondriasis,5,,,Hypochondriasis
General mental health,397923000,E20y000,,Somatization disorder,5,,,Somatization disorder (disorder)
General mental health,397826007,E20y011,,Briquet's disorder,5,,,Briquet's syndrome (disorder)
General mental health,191744004,E20y100,,Writer's cramp neurosis,5,,,Writer's cramp neurosis
General mental health,33449004,E21..00,,Personality disorders,5,,,Personality disorder
General mental health,231526007,E210.00,,Paranoid personality disorder,5,,,Fanatic personality
General mental health,13601005,E210.00,,Paranoid personality disorder,5,,,Paranoid personality disorder
General mental health,76105009,E211.00,,Affective personality disorder,5,,,Cyclothymia
General mental health,191753006,E211100,,Hypomanic personality disorder,5,,,Hypomanic personality disorder
General mental health,78667006,E211200,,Depressive personality disorder,5,,,Dysthymia
General mental health,442057004,E211200,,Depressive personality disorder,5,,,Chronic depressive personality disorder
General mental health,386798001,E211300,,Cyclothymic personality disorder,5,,,Affective personality trait (finding)
General mental health,52954000,E212.00,,Schizoid personality disorder,5,,,Schizoid personality disorder
General mental health,31027006,E212200,,Schizotypal personality,5,,,Schizotypal personality disorder
General mental health,191765005,E213.00,,Explosive personality disorder,5,,,Emotionally unstable personality disorder
General mental health,231527003,E213.00,,Explosive personality disorder,5,,,Explosive personality disorder
General mental health,286798002,E213.00,,Explosive personality disorder,5,,,Aggressive character
General mental health,473456000,E214.00,,Compulsive personality disorders,5,,,Compulsive personality disorder (disorder)
General mental health,1376001,E214.00,,Compulsive personality disorders,5,,,Obsessive compulsive personality disorder
General mental health,55341008,E215.00,,Histrionic personality disorders,5,,,Histrionic personality disorder
General mental health,21586000,E215100,,Munchausen's syndrome,5,,,Münchausen's syndrome
General mental health,84466009,E216.00,,Inadequate personality disorder,5,,,Dependent personality disorder
General mental health,26665006,E217.00,,Antisocial or sociopathic personality disorder,5,,,Antisocial personality disorder
General mental health,80711002,E21y000,,Narcissistic personality disorder,5,,,Narcissistic personality disorder
General mental health,37746008,E21y100,,Avoidant personality disorder,5,,,Avoidant personality disorder
General mental health,20010003,E21y200,,Borderline personality disorder,5,,,Borderline personality disorder
General mental health,44966003,E21y300,,Passive-aggressive personality disorder,5,,,Passive aggressive personality disorder
General mental health,191772006,E21y400,,Eccentric personality disorder,5,,,Eccentric personality disorder
General mental health,191773001,E21y500,,Immature personality disorder,5,,,Immature personality disorder
General mental health,191774007,E21y600,,Masochistic personality disorder,5,,,Masochistic personality disorder
General mental health,268634009,E21y711,,Neurotic personality,5,,,Psychoneurotic personality disorder
General mental health,309711009,E21yz11,,Manipulative personality,5,,,Manipulative personality
General mental health,191970005,E264200,,Cyclical vomiting - psychogenic,5,,,Cyclical vomiting - psychogenic
General mental health,56882008,E271.00,,Anorexia nervosa,5,,,Anorexia nervosa
General mental health,72366004,E275.00,,Other and unspecified non-organic eating disorders,5,,,Eating disorder
General mental health,78004001,E275100,,Bulimia (non-organic overeating),5,,,Bulimia nervosa
General mental health,14077003,E275200,,Pica,5,,,Pica
General mental health,192014006,E275300,,Psychogenic rumination,5,,,Psychogenic rumination
General mental health,37224001,E275400,,Psychogenic vomiting NOS,5,,,Psychogenic vomiting
General mental health,231511005,E275700,,Psychogenic polydipsia,5,,,Compulsive water drinking
General mental health,31297008,E27zz00,,Psychogenic syndromes NOS,5,,,Somatoform disorder
General mental health,61157009,E28..00,,Acute reaction to stress,5,,,Combat fatigue
General mental health,67195008,E28..11,,Combat fatigue,5,,,Acute stress disorder
General mental health,192037000,E280.00,,Acute panic state due to acute stress reaction,5,,,Acute panic state due to acute stress reaction
General mental health,192038005,E281.00,,Acute fugue state due to acute stress reaction,5,,,Acute fugue state due to acute stress reaction
General mental health,192039002,E282.00,,Acute stupor state due to acute stress reaction,5,,,Acute stupor state due to acute stress reaction
General mental health,192041001,E283000,,Acute situational disturbance,5,,,Acute situational disturbance
General mental health,192042008,E283100,,Acute posttrauma stress state,5,,,Acute post-trauma stress state
General mental health,192044009,E284.00,,Stress reaction causing mixed disturbance of emotion/conduct,5,,,Stress reaction causing mixed disturbance of emotion and conduct
General mental health,247854002,E28z.12,,Flying phobia,5,,,Flying phobia
General mental health,231507004,E28z.12,,Flying phobia,5,,,Stage fright
General mental health,231508009,E28z.12,,Flying phobia,5,,,Examination fear
General mental health,17226007,E29..00,,Adjustment reaction,5,,,Adjustment disorder
General mental health,55668003,E292y00,,Adjustment reaction with mixed disturbance of emotion,5,,,Adjustment disorder with mixed emotional features
General mental health,84984002,E293.00,,Adjustment reaction with predominant disturbance of conduct,5,,,Adjustment disorder with disturbance of conduct
General mental health,192056005,E293000,,Adjustment reaction with aggression,5,,,Adjustment reaction with aggression
General mental health,192057001,E293100,,Adjustment reaction with antisocial behaviour,5,,,Adjustment reaction with antisocial behavior
General mental health,192058006,E293200,,Adjustment reaction with destructiveness,5,,,Adjustment reaction with destructiveness
General mental health,66381006,E294.00,,Adjustment reaction with disturbance emotion and conduct,5,,,Adjustment disorder with mixed disturbance of emotions AND conduct
General mental health,47505003,E29y100,,Other post-traumatic stress disorder,5,,,Posttraumatic stress disorder
General mental health,192064004,E29y300,,Elective mutism due to an adjustment reaction,5,,,Elective mutism due to an adjustment reaction
General mental health,192065003,E29y400,,Adjustment reaction due to hospitalisation,5,,,Hospitalism
General mental health,36217008,E2A1z00,,Organic personality syndrome NOS,5,,,Organic personality disorder
General mental health,430909002,E2C..00,,Disturbance of conduct NEC,5,,,Conduct disorder (disorder)
General mental health,231520001,E2C..00,,Disturbance of conduct NEC,5,,,Behavioural syndrome associated with physiological disturbance and physical factors
General mental health,192082001,E2C0.00,,Aggressive unsocial conduct disorder,5,,,Aggressive unsocial conduct disorder
General mental health,268661009,E2C1.00,,Nonaggressive unsocial conduct disorder,5,,,Nonaggressive unsocial conduct disorder
General mental health,85892000,E2C1.00,,Nonaggressive unsocial conduct disorder,5,,,Promiscuity
General mental health,386820009,E2C2.00,,Socialised conduct disorder,5,,,Socialized behavior disorder (disorder)
General mental health,18085000,E2C3100,,Pathological gambling,5,,,Pathological gambling
General mental health,35253001,E2E0000,,Attention deficit without hyperactivity,5,,,"Attention deficit hyperactivity disorder, predominantly inattentive type"
General mental health,406506008,E2E0100,,Attention deficit with hyperactivity,5,,,Attention deficit hyperactivity disorder (disorder)
General mental health,4.42761E+14,Eu...00,,[X]Mental and behavioural disorders,5,,,[X]Mental and behavioural disorders (disorder)
General mental health,231445001,Eu05500,,[X]Organic dissociative disorder,5,,,Organic dissociative disorder
General mental health,231446000,Eu05600,,[X]Organic emotionally labile [asthenic] disorder,5,,,Organic emotionally labile disorder
General mental health,129606007,Eu06000,,[X]Organic personality disorder,5,,,Frontal lobe syndrome
General mental health,111479008,Eu0z.00,,[X]Unspecified organic or symptomatic mental disorder,5,,,Organic mental disorder
General mental health,4.02941E+14,Eu4..00,,"[X]Neurotic, stress - related and somoform disorders",5,,,"[X]Neurotic, stress-related and somatoform disorders (disorder)"
General mental health,70691001,Eu40011,,[X]Agoraphobia without history of panic disorder,5,,,Agoraphobia
General mental health,54587008,Eu40212,,[X]Animal phobias,5,,,Simple phobia
General mental health,231501003,Eu40300,,[X]Needle phobia,5,,,Needle phobia
General mental health,67431008,Eu42100,,[X]Predominantly compulsive acts [obsessional rituals],5,,,Ritual
General mental health,271952001,Eu43.00,,"[X]Reaction to severe stress, and adjustment disorders",5,,,Stress and adjustment reaction
General mental health,192054008,Eu43200,,[X]Adjustment disorders,5,,,Culture shock
General mental health,74506000,Eu43200,,[X]Adjustment disorders,5,,,Grief
General mental health,446175003,Eu43300,,[X]Acute post-traumatic stress disorder follow military comb,5,,,Acute posttraumatic stress disorder following military combat (disorder)
General mental health,699241002,Eu43400,,[X]Chron post-traumatic stress disorder follow military comb,5,,,Chronic post-traumatic stress disorder following military combat
General mental health,276300008,Eu44200,,[X]Dissociative stupor,5,,,Dissociative stupor
General mental health,275472008,Eu44400,,[X]Dissociative motor disorders,5,,,Psychogenic dysphonia
General mental health,268715000,Eu44400,,[X]Dissociative motor disorders,5,,,Dissociative motor disorder
General mental health,276299000,Eu44600,,[X]Dissociative anaesthesia and sensory loss,5,,,Dissociative anaesthesia
General mental health,30169000,Eu44600,,[X]Dissociative anaesthesia and sensory loss,5,,,Psychogenic deafness
General mental health,280943007,Eu44y13,,[X]Psychogenic confusion,5,,,Dissociative confusion
General mental health,18393005,Eu45100,,[X]Undifferentiated somatoform disorder,5,,,Undifferentiated somatoform disorder
General mental health,83482000,Eu45213,,[X]Hypochondriacal neurosis,5,,,Body dysmorphic disorder
General mental health,231517009,Eu45300,,[X]Somatoform autonomic dysfunction,5,,,Somatoform autonomic dysfunction
General mental health,191956005,Eu45312,,[X]Da Costa's syndrome,5,,,Psychogenic hyperventilation
General mental health,30077003,Eu45400,,[X]Persistent somatoform pain disorder,5,,,Somatoform pain disorder
General mental health,192029008,Eu45400,,[X]Persistent somatoform pain disorder,5,,,Psychogenic backache
General mental health,191977008,Eu45y11,,[X]Psychogenic dysmenorrhoea,5,,,Psychogenic dysmenorrhoea
General mental health,191966002,Eu45y13,,[X]Psychogenic pruritis,5,,,Psychogenic pruritus
General mental health,65438001,Eu45y13,,[X]Psychogenic pruritis,5,,,Psychogenic torticollis
General mental health,84229001,Eu46000,,[X]Neurasthenia,5,,,Fatigue
General mental health,231519007,Eu46100,,[X]Depersonalization - derealization syndrome,5,,,Depersonalization-derealization syndrome
General mental health,191746002,Eu46y13,,"[X]Occupational neurosis, including writer's cramp",5,,,Psychasthenic neurosis
General mental health,41196008,Eu46y16,,[X]Psychogenic syncope,5,,,Dhat
General mental health,4.18831E+14,Eu5..00,,[X]Behav synd assoc with physiolgcl disturb + physical fctrs,5,,,[X]Behavioral syndromes associated with physiological disturbances and physical factors (disorder)
General mental health,231522009,Eu50100,,[X]Atypical anorexia nervosa,5,,,Atypical anorexia nervosa
General mental health,231523004,Eu50300,,[X]Atypical bulimia nervosa,5,,,Atypical bulimia nervosa
General mental health,270902002,Eu50400,,[X]Overeating associated with other psychological disturbncs,5,,,Overeating associated with other psychological disturbances
General mental health,192450008,Eu50500,,[X]Vomiting associated with other psychological disturbances,5,,,Vomiting associated with other psychological disturbances
General mental health,192017004,Eu50y00,,[X]Other eating disorders,5,,,Non-organic loss of appetite
General mental health,9.43161E+14,Eu6..00,,[X]Disorders of adult personality and behaviour,5,,,Disorder of adult personality AND/OR behaviour
General mental health,231528008,Eu60600,,[X]Anxious [avoidant] personality disorder,5,,,Anxious personality disorder
General mental health,3.84221E+14,Eu60800,,[X]Addictive personality,5,,,[X]Morbidity and mortality classifications
General mental health,192496000,Eu62.00,,[X]Enduring personality change not attrib to brain damag/dis,5,,,Non-organic enduring personality change
General mental health,268729004,Eu62000,,[X]Enduring personality change after catastrophic experience,5,,,Enduring personality change after catastrophic experience
General mental health,192498004,Eu62100,,[X]Enduring personality change after psychiatric illness,5,,,Enduring personality change after psychiatric illness
General mental health,66347000,Eu63.00,,[X]Habit and impulse disorders,5,,,Impulse control disorder
General mental health,600009,Eu63100,,[X]Pathological fire-setting,5,,,Pyromania
General mental health,69361009,Eu63200,,[X]Pathological stealing,5,,,Kleptomania
General mental health,17155009,Eu63300,,[X]Trichotillomania,5,,,Trichotillomania
General mental health,192527004,Eu6y000,,[X]Elaboration of physical symptoms for psychological reason,5,,,Elaboration of physical symptoms for psychological reasons
General mental health,50705009,Eu6y111,,[X] Munchausens syndrome,5,,,Factitious disorder
General mental health,95637005,Eu6y200,,[X]Munchausen's by proxy,5,,,Münchausen syndrome by proxy
General mental health,4.16631E+14,Eu6yy00,,[X]Other specified disorders of adult personality/behaviour,5,,,[X]Other specified disorders of adult personality and behaviour (disorder)
General mental health,4.64511E+14,Eu90011,,[X]Attention deficit hyperactivity disorder,5,,,[X]Disturbance of activity and attention (disorder)
General mental health,18941000,Eu91300,,[X]Oppositional defiant disorder,5,,,Oppositional defiant disorder
General mental health,5793009,Eu92.00,,[X]Mixed disorders of conduct and emotions,5,,,Mixed behavior and emotional disorder
General mental health,231542000,Eu92000,,[X]Depressive conduct disorder,5,,,Depressive conduct disorder
General mental health,9.43171E+14,Eu92y00,,[X]Other mixed disorders of conduct and emotions,5,,,Mixed disorder of conduct and emotions
General mental health,192099000,Eu92y00,,[X]Other mixed disorders of conduct and emotions,5,,,Childhood disorder of conduct and emotion
General mental health,4.17941E+14,Eu95.00,,[X]Tic disorders,5,,,[X]Tic disorders (finding)
General mental health,568005,Eu95.00,,[X]Tic disorders,5,,,Tic disorder
General mental health,56573006,Eu95000,,[X]Transient tic disorder,5,,,Transient tic disorder
General mental health,5158005,Eu95200,,[X]Comb vocal multiple motor tic disorder - de la Tourette,5,,,Gilles de la Tourette's syndrome
General mental health,249963007,Eu95300,,[X]Involuntary excessive blinking,5,,,Excessive blinking - involuntary
General mental health,386783003,Eu95y00,,[X]Other tic disorders,5,,,Tic (finding)
General mental health,407666007,Fy05.00,,Nocturnal sleep-related eating disorder,5,,,Nocturnal sleep-related eating disorder (disorder)
General mental health,52031007,J013100,,Teeth erosion due to vomiting,5,,,Erosion of teeth due to persistent vomiting
General mental health,18773000,J162000,,Cyclical vomiting NOS,5,,,Cyclical vomiting syndrome
General mental health,49206006,J162100,,Habit vomiting,5,,,Habit vomiting
General mental health,4.96871E+14,R030.00,,[D]Anorexia,5,,,[D]Anorexia (situation)
General mental health,4.51151E+14,R030z00,,[D]Anorexia NOS,5,,,[D]Anorexia NOS (situation)
General mental health,79890006,R030z00,,[D]Anorexia NOS,5,,,Loss of appetite
General mental health,267023007,R036011,,[D]Bulimia NOS,5,,,Excessive eating - polyphagia
General mental health,313075001,Z481.00,,Phobia counselling,5,,,Phobia counselling
General mental health,313076000,Z4B5.00,,Eating disorder counselling,5,,,Eating disorder counselling
General mental health,705001007,ZC15.00,,Self-induced vomiting to lose weight,5,,,Self-induced vomiting to lose weight (disorder)
General mental health,705002000,ZC15100,,Repeated self-induced vomiting,5,,,Repeated self-induced vomiting (situation)
General mental health,248119008,ZC16.00,,Abuse of drugs to lose weight,5,,,Abuse of drugs to lose weight
General mental health,248120002,ZC1A.00,,Excessive exercising to lose weight,5,,,Excessive exercising to lose weight
General mental health,427857000,ZC2CD00,,Dietary advice for eating disorder,5,,,Dietary education for eating disorder (procedure)
General mental health,305443003,ZL31400,,Under care of mental health counsellor,5,,,Under care of mental health counsellor
General mental health,308477009,ZL5B.00,,Referral to psychiatrist,5,,,Referral to psychiatrist
General mental health,306293006,ZL5B300,,Referral to liaison psychiatrist,5,,,Referral to liaison psychiatrist
General mental health,306332002,ZL62E00,,Referral to psychiatric nurse,5,,,Referral to psychiatric nurse
General mental health,306252003,ZL73400,,Referral to mental health counsellor,5,,,Referral to mental health counsellor
General mental health,305696004,ZL9D300,,Seen by liaison psychiatrist,5,,,Seen by liaison psychiatrist
General mental health,305747003,ZLA2E00,,Seen by psychiatric nurse,5,,,Seen by psychiatric nurse
General mental health,305752008,ZLA3100,,Seen by community psychiatric nurse,5,,,Seen by community psychiatric nurse
General mental health,305625009,ZLB5.00,,Seen by mental health counsellor,5,,,Seen by mental health counsellor
General mental health,306388006,ZLD1400,,Discharge by mental health counsellor,5,,,Discharge by mental health counsellor
General mental health,306453005,ZLD2a00,,Discharge by psychiatrist,5,,,Discharge by psychiatrist
General mental health,306506009,ZLD7C00,,Discharge by psychiatric nurse,5,,,Discharge by psychiatric nurse
General mental health,306607005,ZLE9.00,,Discharge from psychiatry service,5,,,Discharge from psychiatry service
General mental health,306610003,ZLE9300,,Discharge from liaison psychiatry service,5,,,Discharge from liaison psychiatry service
Headache,161481007,1474,efi-headache,H/O: migraine,5,,,H/O: migraine
Headache,4969004,1BA5.,efi-headache,(Frontal headache) or (pain in sinuses),5,,,Sinus headache
Headache,267096005,1BA5.,efi-headache,(Frontal headache) or (pain in sinuses),5,,,Frontal headache
Headache,37796009,F26..,efi-headache,Migraine,5,,,Migraine
Headache,4473006,F260.,efi-headache,Migraine with aura,5,,,Migraine with aura
Headache,230462002,F260.,efi-headache,Migraine with aura,5,,,Migraine with typical aura
Headache,56097005,F261.,efi-headache,Migraine without aura,5,,,Migraine without aura
Headache,193030005,F262.,efi-headache,Migraine variants,5,,,Migraine variants
Headache,193031009,F2620,efi-headache,Cluster headache syndrome,5,,,Cluster headache
Headache,83351003,F2623,efi-headache,Basilar migraine,5,,,Basilar migraine
Headache,95655001,F2624,efi-headache,Ophthalmic migraine,5,,,Ophthalmic migraine
Headache,59292006,F26y0,efi-headache,Hemiplegic migraine,5,,,Hemiplegic migraine
Headache,49605003,F26y1,efi-headache,Ophthalmoplegic migraine,5,,,Ophthalmoplegic migraine
Headache,193039006,F26y3,efi-headache,Complicated migraine,5,,,Complicated migraine
Headache,95656000,X007L,efi-headache,Familial hemiplegic migraine,5,,,Familial hemiplegic migraine
Headache,230464001,X007M,efi-headache,Non-familial hemiplegic migraine,5,,,Non-familial hemiplegic migraine
Headache,79267007,X007O,efi-headache,Retinal migraine,5,,,Retinal migraine
Headache,230468003,X007S,efi-headache,Migraine with ischaemic complication,5,,,Migraine with ischemic complication
Headache,25064002,XE0rh,efi-headache,Headache,5,,,Headache
Headache,398057008,XE1Yl,efi-headache,Tension-type headache,5,,,Tension-type headache (disorder)
Headache,408381007,XaJLO,efi-headache,Migraine prophylaxis,5,,,Migraine prophylaxis (procedure)
Hearing impairment,162340000,1C12.,efi-hearing,Hearing difficulty,5,,,Hearing difficulty
Hearing impairment,15188001,1C13.,efi-hearing,Deafness (& symptom),,,,Deafness
Hearing impairment,272033007,1C13.,efi-hearing,Deafness (& symptom),,,,Deafness symptom
Hearing impairment,162342008,1C131,efi-hearing,Unilateral deafness,,,,Unilateral deafness
Hearing impairment,343087000,1C132,efi-hearing,Partial deafness,,,,Partial deafness
Hearing impairment,162344009,1C133,efi-hearing,Bilateral deafness,,,,Bilateral deafness
Hearing impairment,164068006,2BM2.,efi-hearing,O/E -tune fork=conductive deaf,,,,O/E -tune fork=conductive deaf
Hearing impairment,44057004,2BM2.,efi-hearing,O/E -tune fork=conductive deaf,,,,Conductive hearing loss
Hearing impairment,164069003,2BM3.,efi-hearing,O/E tune fork=perceptive deaf,,,,O/E - perceptive deafness
Hearing impairment,164070002,2BM4.,efi-hearing,O/E - High tone deafness,,,,O/E - High tone deafness
Hearing impairment,164750000,31340,efi-hearing,Audiogram bilateral abnormality,,,,Audiogram bilateral abnormality
Hearing impairment,183280009,8E3..,efi-hearing,Deafness remedial therapy,,,,Deafness remedial therapy
Hearing impairment,183839009,8HR2.,efi-hearing,Refer for audiometry,,,,Refer for audiometry
Hearing impairment,183853009,8HT2.,efi-hearing,Refer to hearing aid clinic,,,,Refer to hearing aid clinic
Hearing impairment,183854003,8HT3.,efi-hearing,Referral to audiology clinic,,,,Referral to audiology clinic
Hearing impairment,49526009,F5801,efi-hearing,Presbyacusis,,,,Presbycusis
Hearing impairment,42538001,F591.,efi-hearing,Sensorineural hearing loss (& [deafn: [high freq][low freq]),,,,Low frequency deafness
Hearing impairment,60700002,F591.,efi-hearing,Sensorineural hearing loss (& [deafn: [high freq][low freq]),,,,Sensorineural hearing loss
Hearing impairment,232326009,F591.,efi-hearing,Sensorineural hearing loss (& [deafn: [high freq][low freq]),,,,High frequency deafness
Hearing impairment,73371001,F5912,efi-hearing,Neural hearing loss,,,,Neural hearing loss
Hearing impairment,194424005,F5916,efi-hearing,"Sensorineural hearing loss, bilateral",,,,"Sensorineural hearing loss, bilateral"
Hearing impairment,77507001,F592.,efi-hearing,Mixed conductive and sensorineural hearing loss,,,,Mixed conductive AND sensorineural hearing loss
Hearing impairment,232325008,F59z.,efi-hearing,Deafness: [chronic] or [NOS],,,,Chronic deafness
Hearing impairment,1.97501E+14,Ub0iR,efi-hearing,Hearing disability,,,,Hearing disability (finding)
Hearing impairment,30169000,X00kW,efi-hearing,Non-organic hearing loss,,,,Psychogenic deafness
Hearing impairment,6012004,X79ms,efi-hearing,Hearing aid,,,,Hearing aid
Hearing impairment,275879008,XE0s9,efi-hearing,Hearing loss,5,,,O/E - deaf
Hearing impairment,267677007,XE17O,efi-hearing,Ototoxicity - deafness,,,,Ototoxicity - deafness
Hearing impairment,272182005,XM0F9,efi-hearing,Aid to hearing,,,,Aid to hearing
Hearing impairment,275729001,XM1UX,efi-hearing,Audiogram abnormal,,,,Audiogram abnormal
Hearing impairment,285055002,Xa0LN,efi-hearing,Hearing aid worn,,,,Uses hearing aid
Hearing impairment,277213009,Xa0LN,efi-hearing,Hearing aid worn,,,,Hearing aid worn
Hearing impairment,314914004,XaFo1,efi-hearing,Deteriorating hearing,5,,,Deteriorating hearing
Hearing impairment,4.11511E+14,ZV532,efi-hearing,[V]Fitting or adjustment of hearing aid,,,,[V]Fitting or adjustment of hearing aid (situation)
Hearing impairment,290036002,ZV532,efi-hearing,[V]Fitting or adjustment of hearing aid,,,,Attention to hearing aid
Heart failure,161505003,14A6.00,mar-cardiovascular,H/O: heart failure,,,,H/O: heart failure
Heart failure,309634009,14AM.00,mar-cardiovascular,H/O: Heart failure in last year,,,,H/O: Heart failure in last year
Heart failure,55442000,1736,efi-hf,Paroxysmal nocturnal dyspnoea,,,,Paroxysmal nocturnal dyspnea
Heart failure,395105005,1O1..00,mar-cardiovascular,Heart failure confirmed,,,,Heart failure confirmed (context-dependent category)
Heart failure,390885007,662W.00,mar-cardiovascular,Heart failure annual review,,,,Heart failure annual review (regime/therapy)
Heart failure,2.47361E+14,662p.00,mar-cardiovascular,Heart failure 6 month review,,,,Heart failure 6 month review (regime/therapy)
Heart failure,308118002,8B29.00,mar-cardiovascular,Cardiac failure therapy,,,,Cardiac failure therapy
Heart failure,416683003,8H2S.00,mar-cardiovascular,Admit heart failure emergency,,,,Admit heart failure emergency (procedure)
Heart failure,2.02231E+14,9Or0.00,mar-cardiovascular,Heart failure review completed,,,,Heart failure review completed (context-dependent category)
Heart failure,43736008,G1yz100,mar-cardiovascular,Rheumatic left ventricular failure,,,,Rheumatic left ventricular failure
Heart failure,83105008,G210100,mar-cardiovascular,Malignant hypertensive heart disease with CCF,,,,Malignant hypertensive heart disease with congestive heart failure
Heart failure,194767001,G211100,mar-cardiovascular,Benign hypertensive heart disease with CCF,,,,Benign hypertensive heart disease with congestive cardiac failure
Heart failure,64715009,G21z100,mar-cardiovascular,Hypertensive heart disease NOS with CCF,,,,Hypertensive heart disease
Heart failure,194779001,G232.00,mar-cardiovascular,Hypertensive heart&renal dis wth (congestive) heart failure,,,,Hypertensive heart and renal disease with (congestive) heart failure
Heart failure,194781004,G234.00,mar-cardiovascular,Hyperten heart&renal dis+both(congestv)heart and renal fail,,,,Hypertensive heart and renal disease with both (congestive) heart failure and renal failure
Heart failure,49584005,G400.00,mar-cardiovascular,Acute cor pulmonale,,,,Acute cor pulmonale
Heart failure,79955004,G41z.11,mar-cardiovascular,Chronic cor pulmonale,,,,Chronic cor pulmonale
Heart failure,87837008,G41z.11,mar-cardiovascular,Chronic cor pulmonale,,,,Chronic pulmonary heart disease
Heart failure,399020009,G554000,mar-cardiovascular,Congestive cardiomyopathy,,,,Congestive cardiomyopathy (disorder)
Heart failure,233871002,G554011,mar-cardiovascular,Congestive obstructive cardiomyopathy,,,,Congestive obstructive cardiomyopathy
Heart failure,84114007,G58..,efi-hf,Heart failure,,,,Heart failure
Heart failure,367363000,G580.,efi-hf,Heart failure: [right] or [congestive],,,,Right ventricular failure
Heart failure,42343007,G580.,efi-hf,Heart failure: [right] or [congestive],,,,Congestive heart failure
Heart failure,92506005,G580.,efi-hf,Heart failure: [right] or [congestive],,,,Biventricular congestive heart failure
Heart failure,128404006,G580.12,mar-cardiovascular,Right heart failure,,,,Right heart failure
Heart failure,10633002,G5800,efi-hf,Acute congestive heart failure,,,,Acute congestive heart failure
Heart failure,88805009,G580100,mar-cardiovascular,Chronic congestive heart failure,,,,Chronic congestive heart failure
Heart failure,195111005,G580200,mar-cardiovascular,Decompensated cardiac failure,,,,Decompensated cardiac failure
Heart failure,195112003,G580300,mar-cardiovascular,Compensated cardiac failure,,,,Compensated cardiac failure
Heart failure,426611007,G580400,mar-cardiovascular,Congestive heart failure due to valvular disease,,,,Congestive heart failure due to valvular disease (disorder)
Heart failure,275514001,G581.00,mar-cardiovascular,Left ventricular failure,,,,Impaired left ventricular function
Heart failure,40541001,G581.11,mar-cardiovascular,Asthma - cardiac,,,,Acute pulmonary edema
Heart failure,71892000,G581.13,mar-cardiovascular,Impaired left ventricular function,,,,Cardiac asthma
Heart failure,85232009,G581.13,mar-cardiovascular,Impaired left ventricular function,,,,Left heart failure
Heart failure,360371003,G581.13,mar-cardiovascular,Impaired left ventricular function,,,,Acute cardiac pulmonary oedema
Heart failure,195130005,G5y4z,efi-hf,Post cardiac operation heart failure NOS,,,,Post cardiac operation functional disturbance
Heart failure,134401001,G5yy900,mar-cardiovascular,Left ventricular systolic dysfunction,,,,Left ventricular systolic dysfunction
Heart failure,395704004,G5yyA00,mar-cardiovascular,Left ventricular diastolic dysfunction,,,,Left ventricular diastolic dysfunction (disorder)
Heart failure,233924009,X202k,efi-hf,Heart failure as a complication of care,,,,Heart failure as a complication of care
Heart failure,20741006,XE0Wo,efi-hf,(Conges card fail)(dropsy)(card insuf)(R hrt fail)(LV fail),,,,Hydrops
Heart failure,314206003,XaEgY,efi-hf,Refractory heart failure,,,,Refractory heart failure
Heart failure,134378009,XaIIU,efi-hf,Congestive heart failure monitoring,,,,Congestive heart failure monitoring
Heart failure,420816009,XaIL7,efi-hf,New York Heart Assoc classification heart failure symptoms,,,,New York Heart Association Classification (assessment scale)
Heart failure,390884006,XaIQM,efi-hf,Heart failure follow-up,,,,Heart failure follow-up (finding)
Heart failure,407596008,XaJ98,efi-hf,Echocardiogram shows left ventricular systolic dysfunction,,,,Echocardiogram shows left ventricular systolic dysfunction (finding)
Heart failure,420300004,XaJ9G,,NYHA classification - class I,,,,New York Heart Association Classification - Class I (finding)
Heart failure,421704003,XaJ9H,efi-hf,New York Heart Association classification - class II,,,,New York Heart Association Classification - Class II (finding)
Heart failure,420913000,XaJ9I,efi-hf,New York Heart Association classification - class III,,,,New York Heart Association Classification - Class III (finding)
Heart failure,422293003,XaJ9J,,NYHA classification - class IV,,,,New York Heart Association Classification - Class IV (finding)
Heart failure,416717003,XaKNN,efi-hf,Seen in heart failure clinic,,,,Seen in heart failure clinic (finding)
Heart failure,417146007,XaKNX,efi-hf,Referral to heart failure nurse,,,,Referral to heart failure nurse (procedure)
Heart failure,417359009,XaKNa,efi-hf,Seen by community heart failure nurse,,,,Seen by community heart failure nurse (finding)
Heart failure,2.00171E+14,XaLCj,efi-hf,Referred by heart failure nurse specialist,,,,Referred by heart failure nurse specialist (finding)
Heart failure,2.00361E+14,XaLGJ,efi-hf,Did not attend practice nurse heart failure clinic,,,,Did not attend practice nurse heart failure clinic (finding)
Heart failure,9.61881E+14,XaLMw,efi-hf,Heart failure information given to patient,,,,Provision of information about heart failure
Heart failure,704095000,XaLMx,efi-hf,Referral to heart failure exercise programme,,,,Referral to heart failure exercise programme
Heart failure,8.72361E+14,XaLNA,efi-hf,Heart failure care plan discussed with patient,,,,Discussion about heart failure care plan
Heart failure,7.16621E+14,XaMGu,efi-hf,Heart failure monitoring third letter,,,,Heart failure monitoring third letter
Heart failure,2.48571E+14,XaMHD,efi-hf,Did not attend heart failure clinic,,,,Did not attend heart failure clinic (finding)
Heart failure,7.17481E+14,XaMJA,efi-hf,Excepted heart failure quality indicators: Patient unsuitabl,,,,Excepted from heart failure quality indicators - patient unsuitable
Heart failure,7.17491E+14,XaMJB,efi-hf,Excepted heart failure quality indicators: Informed dissent,,,,Excepted from heart failure quality indicators - informed dissent
Heart failure,423475008,XaNUf,efi-hf,Heart failure education,,,,Heart failure education (procedure)
Heart failure,698361000,XaQdP,efi-hf,Heart failure self management plan,,,,Heart failure self management plan
Heart failure,735984001,XaQdP,efi-hf,Heart failure self management plan,,,,Heart failure self management plan
Heart failure,446221000,XaWyi,efi-hf,Heart failure with normal ejection fraction,,,,Heart failure with normal ejection fraction (disorder)
Heart failure,7.63641E+14,XaXIR,efi-hf,Referral to heart failure education group declined,,,,Referral to heart failure education group declined (situation)
Heart failure,704097008,XaXgq,efi-hf,Referral to heart failure exercise programme declined,,,,Referral to heart failure exercise program declined
Heart failure,195114002,YaYAU,qof-hf,Acute left ventricular failure,,,,Acute left ventricular failure
Heart failure,56675007,YaYAV,qof-hf,Acute heart failure,,,,Acute heart failure
Heart failure,395172009,YalVA,qof-hf,No evid left vent syst dysfunc,,,,No evidence of left ventricular systolic dysfunction (context-dependent category)
Heart failure,703272007,Yaz0A,qof-hf,Heart fail reducd ejectn frctn,,,,Heart failure with reduced ejection fraction (disorder)
Heart valve disease,286950001,.G22.,,Chronic rheumatic aortic valve,,,,Chronic rheumatic aortic valve disease
Heart valve disease,72011007,.G221,,"Aortic stenosis, rheumatic",,,,Rheumatic aortic stenosis
Heart valve disease,78031003,.G222,,Aortic insuffic.-rheum.,,,,Rheumatic aortic regurgitation
Heart valve disease,17759006,.G223,,RH. aortic stenosis + insuffic,,,,Rheumatic aortic stenosis with regurgitation
Heart valve disease,12023003,.G22Z,,Rheumatic aortic disease NOS,,,,Rheumatic disease of aortic valve
Heart valve disease,194984004,.G632,,Non-rheum. aortic stenosis,,,,"Aortic stenosis, non-rheumatic"
Heart valve disease,194983005,.G633,,Non-rheum. aortic incompetence,,,,"Aortic incompetence, non-rheumatic"
Heart valve disease,315615007,.G637,,Non-rheumatic aortic sclerosis,,,,Non-rheumatic aortic sclerosis
Heart valve disease,18546004,.N224,,Congenital aortic stenosis,,,,Congenital stenosis of aortic valve
Heart valve disease,72352009,.N225,,Bicuspid aortic valve - congen,,,,Bicuspid aortic valve
Heart valve disease,194734000,G131.,,Mitral stenosis+aortic regurg.,,,,Mitral stenosis and aortic insufficiency
Heart valve disease,194736003,G133.,,Mitral + aortic regurgitation,,,,Mitral and aortic incompetence
Heart valve disease,409712001,G540.,efi-hvd,Mitral valve: [regurgitation] or [prolapse],,,,Mitral valve prolapse (disorder)
Heart valve disease,48724000,G540.,efi-hvd,Mitral valve: [regurgitation] or [prolapse],,,,Mitral valve regurgitation
Heart valve disease,8722008,G541.,,Aortic valve disorders,,,,Aortic valve disorder
Heart valve disease,60234000,G5412,,Aortic regurgitat.-cause unsp.,,,,Aortic valve regurgitation
Heart valve disease,60573004,G5413,,Aortic stenosis - cause unspec,,,,Aortic valve stenosis
Heart valve disease,194987006,G5414,,Aortic valve sten/insufficency,,,,Aortic valve stenosis with insufficiency
Heart valve disease,67754003,G5416,,Aortic valve sclerosis,,,,Aortic valve sclerosis
Heart valve disease,250978003,G5417,,Calcified aortic valve,,,,Aortic valve calcification
Heart valve disease,76267008,G543.,efi-hvd,Pulmonary valve disease,,,,Pulmonary valve disorder
Heart valve disease,251036003,G71A.,,Aortic root dilatation,,,,Aortic root dilatation
Heart valve disease,28656008,P64..,,Congen.aortic valve insuffic.,,,,Congenital insufficiency of aortic valve
Heart valve disease,204368006,P6y0.,,Sub aortic stenosis,,,,Subaortic stenosis
Heart valve disease,13213009,P6yy.,,Hypoplast.aortic orifice/valve,,,,Congenital heart disease
Heart valve disease,253601007,P6yy.,,Hypoplast.aortic orifice/valve,,,,Aortic valve ring hypoplasia
Heart valve disease,268185002,P7224,,Supra-valvular aortic stenosis,,,,Supravalvar aortic stenosis
Heart valve disease,233862006,X2013,,Calcific congenital AS,,,,Calcific aortic stenosis - bicuspid valve
Heart valve disease,233863001,X2015,,Aortic sten tricus calcif,,,,Aortic stenosis - tricuspid calcific
Heart valve disease,233864007,X2019,,Ao regurg cystic medial nec,,,,Aortic regurgitation due to cystic medial necrosis of aorta
Heart valve disease,13689005,X201B,,AV-Congen aortic valve abnorm,,,,Congenital anomaly of aortic valve
Heart valve disease,250973007,X777W,,Aortic stenosis with doming,,,,Aortic stenosis with doming
Heart valve disease,250974001,X777Y,,Prosthetic aortic valve regurg,,,,Prosthetic aortic valve regurgitation
Heart valve disease,250976004,X777a,,Aortic cusp disease,,,,Aortic cusp regurgitation
Heart valve disease,250977008,X777b,,Aortic valve appearance,,,,Aortic valve appearance
Heart valve disease,250979006,X777d,,Aortic valve fibrosis,,,,Aortic valve fibrosis
Heart valve disease,253606002,X777f,,Abnormal aortic cusp,,,,Aortic valve cusp abnormality
Heart valve disease,250982001,X777g,,Commissural fusion aortic cusp,,,,Commissural fusion of aortic cusp
Heart valve disease,250983006,X777h,,Bicuspid doming of aortic cusp,,,,Bicuspid doming of aortic cusp
Heart valve disease,250984000,X777k,,Torn aortic cusp,,,,Torn aortic cusp
Heart valve disease,250985004,X777l,,Perforated aortic cusp,,,,Perforated aortic cusp
Heart valve disease,253602000,X77zn,,Dome-shaped aortic valve,,,,Commissural fusion of aortic valve
Heart valve disease,253603005,X77zo,,Eccentric opening aortic valve,,,,Eccentric opening of aortic valve
Heart valve disease,253604004,X77zp,,Mucoid thick of aortic valve,,,,Aortic valve dysplasia
Heart valve disease,51442005,X77zr,,Aortic valve atresia,,,,Congenital atresia of aortic valve
Heart valve disease,92960007,X77zu,,Aortic valve absent,,,,Congenital absence of aortic valve
Heart valve disease,253607006,X77zw,,Hypoplasia aortic valve cusp,,,,Hypoplasia of aortic valve cusp
Heart valve disease,253608001,X77zx,,Access tissue aort valve cusp,,,,Accessory tissue on aortic valve cusp
Heart valve disease,253609009,X77zy,,Abnorm number aort valve cusps,,,,Abnormal number of aortic valve cusps
Heart valve disease,253610004,X77zz,,Unicuspid aortic valve,,,,Unicuspid aortic valve
Heart valve disease,253611000,X7800,,Quadricuspid aortic valve,,,,Quadricuspid aortic valve
Heart valve disease,253612007,X7801,,Aortic valve cusp prolapse,,,,Aortic valve cusp prolapse
Heart valve disease,253641003,X780Z,,Hour glass aortic stenosis,,,,Hour glass aortic stenosis
Heart valve disease,253642005,X780a,,Diffus supravalv aort stenosis,,,,Diffuse supravalvar aortic stenosis
Heart valve disease,276790000,Xa0Ct,,Isolated aortic stenosis,,,,Isolated aortic stenosis
Heart valve disease,301105002,Xa7rs,,Pulmonary valve lesion,,,,Pulmonary valve lesion
Heart valve disease,301109008,Xa7rw,,Tricuspid valve lesion,,,,Tricuspid valve lesion
Heart valve disease,301184001,Xa7tG,,Aortic valve vegetations,,,,Aortic valve vegetations
Heart valve disease,61612001,Xa9EK,,Late syphil aortic regurg,,,,Syphilitic aortic incompetence
Housebound,160689007,13CA.,efi-housebound,Housebound,,,,Housebound
Housebound,183737004,8HL..,efi-housebound,Domiciliary visit received,5,55,,Domiciliary visit received
Housebound,439708006,9N1C.,efi-housebound,(Seen in own home) or (home visit),5,55,,Home visit (procedure)
Housebound,270420001,9N1C.,efi-housebound,(Seen in own home) or (home visit),5,55,,Seen in own home
Housebound,7.14251E+14,9NF..,efi-housebound,Home visit admin,5,55,,Home visit administration (record artifact)
Housebound,185460008,9NF1.,efi-housebound,Home visit request by patient,5,55,,Home visit request by patient
Housebound,185461007,9NF2.,efi-housebound,Home visit planned by doctor,5,55,,Home visit planned by doctor
Housebound,185462000,9NF3.,efi-housebound,Home visit request by relative,5,55,,Home visit request by relative
Housebound,185467006,9NF8.,efi-housebound,Acute home visit,5,55,,Acute home visit
Housebound,185468001,9NF9.,efi-housebound,Chronic home visit,,,,Chronic home visit
Housebound,185470005,9NFB.,efi-housebound,Home visit elderly assessment,,,,Home visit elderly assessment
Housebound,225929007,Ua2Cd,efi-housebound,Joint home visit,5,55,,Joint home visit
Housebound,282145008,Xa20j,efi-mobility,Unable to walk,,,,Unable to walk
Housebound,282204009,Xa21f,efi-mobility,Unable to initiate walking,,,,Unable to initiate walking
Housebound,282854008,Xa2Ei,efi-mobility,Unable to maintain a standing position,,,,Unable to maintain a standing position
Housebound,282877008,Xa2F5,efi-mobility,Unable to stand up alone,,,,Unable to stand up alone
Housebound,282883006,Xa2FB,efi-mobility,Unable to stand from sitting,,,,Unable to stand from sitting
Housebound,301657001,Xa822,efi-mobility,Unable to get out of a chair,,,,Unable to get out of a chair
Housebound,301670005,Xa82E,efi-mobility,Unable to get on a bed,,,,Unable to get on a bed
Housebound,301676004,Xa82K,efi-mobility,Unable to get off a bed,,,,Unable to get off a bed
Housebound,303384002,Xa9Tg,efi-housebound,Unable to change position,,,,Unable to change position
Housebound,408382000,XaJLP,efi-housebound,Home visit planned by healthcare professional,5,55,,Home visit planned by healthcare professional (finding)
Housebound,413121008,XaJi6,efi-mobility,Dependent on helper pushing wheelchair,,,,Dependent on helper pushing wheelchair (finding)
Hypertension,161501007,14A2.,efi-hypertension,H/O: hypertension,,,,H/O: hypertension
Hypertension,170577003,6627,efi-hypertension,Good hypertension control,,,,Good hypertension control
Hypertension,170578008,6628,efi-hypertension,Poor hypertension control,,,,Poor hypertension control
Hypertension,170586008,662F.,efi-hypertension,Hypertension treatm. started,,,,Hypertension treatm. started
Hypertension,183856001,8HT5.,efi-hypertension,Referral to hypertension clinic,,,,Referral to hypertension clinic
Hypertension,185264001,9N1y2,efi-hypertension,Seen in hypertension clinic,,,,Seen in hypertension clinic
Hypertension,6962006,F4211,efi-hypertension,Hypertensive retinopathy,,,,Hypertensive retinopathy
Hypertension,95691008,F4211,efi-hypertension,Hypertensive retinopathy,,,,Arteriosclerotic retinopathy
Hypertension,38341003,G2...,efi-hypertension,Hypertensive disease,,,,Hypertensive disease
Hypertension,24184005,G20..11,mar-hypertension,high blood pressure,,,,Increased blood pressure (not hypertension)
Hypertension,78975002,G200.00,mar-hypertension,malignant essential hypertension,,,,Malignant essential hypertension
Hypertension,1201005,G201.,efi-hypertension,Benign essential hypertension,,,,Benign essential hypertension
Hypertension,56218007,G202.00,mar-hypertension,systolic hypertension,,,,Systolic hypertension
Hypertension,48146000,G203.00,mar-hypertension,diastolic hypertension,,,,Diastolic hypertension
Hypertension,59621000,G20z.11,mar-hypertension,hypertension nos,,,,Essential hypertension
Hypertension,64715009,G21..00,mar-hypertension,hypertensive heart disease,,,,Hypertensive heart disease
Hypertension,54225002,G210.00,mar-hypertension,malignant hypertensive heart disease,,,,Malignant hypertensive heart disease
Hypertension,36315003,G210000,mar-hypertension,malignant hypertensive heart disease without ccf,,,,Malignant hypertensive heart disease without congestive heart failure
Hypertension,83105008,G210100,mar-hypertension,malignant hypertensive heart disease with ccf,,,,Malignant hypertensive heart disease with congestive heart failure
Hypertension,36221001,G211.00,mar-hypertension,benign hypertensive heart disease,,,,Benign hypertensive heart disease
Hypertension,77970009,G211000,mar-hypertension,benign hypertensive heart disease without ccf,,,,Benign hypertensive heart disease without congestive heart failure
Hypertension,194767001,G211100,mar-hypertension,benign hypertensive heart disease with ccf,,,,Benign hypertensive heart disease with congestive cardiac failure
Hypertension,275516004,G21z000,mar-hypertension,hypertensive heart disease nos without ccf,,,,Cardiomegaly - hypertensive
Hypertension,38481006,G22..00,mar-hypertension,hypertensive renal disease,,,,Hypertensive renal disease
Hypertension,65443008,G220.00,mar-hypertension,malignant hypertensive renal disease,,,,Malignant hypertensive renal disease
Hypertension,193003,G221.00,mar-hypertension,benign hypertensive renal disease,,,,Benign hypertensive renal disease
Hypertension,49220004,G222.00,mar-hypertension,hypertensive renal disease with renal failure,,,,Hypertensive renal failure
Hypertension,86234004,G23..00,mar-hypertension,hypertensive heart and renal disease,,,,Hypertensive heart AND renal disease
Hypertension,66610008,G230.00,mar-hypertension,malignant hypertensive heart and renal disease,,,,Malignant hypertensive heart AND renal disease
Hypertension,66052004,G231.00,mar-hypertension,benign hypertensive heart and renal disease,,,,Benign hypertensive heart AND renal disease
Hypertension,194779001,G232.00,mar-hypertension,hypertensive heart&renal dis wth (congestive) heart failure,,,,Hypertensive heart and renal disease with (congestive) heart failure
Hypertension,194780003,G233.00,mar-hypertension,hypertensive heart and renal disease with renal failure,,,,Hypertensive heart and renal disease with renal failure
Hypertension,31992008,G24..,efi-hypertension,Secondary hypertension,,,,Secondary hypertension
Hypertension,194783001,G240000,mar-hypertension,secondary malignant renovascular hypertension,,,,Secondary malignant renovascular hypertension
Hypertension,89242004,G240z00,mar-hypertension,secondary malignant hypertension nos,,,,Malignant secondary hypertension
Hypertension,194785008,G241.,efi-hypertension,Secondary benign hypertension,,,,Secondary benign hypertension
Hypertension,73410007,G241000,mar-hypertension,secondary benign renovascular hypertension,,,,Benign secondary renovascular hypertension
Hypertension,194788005,G244.,efi-hypertension,Hypertension secondary to endocrine disorders,,,,Hypertension secondary to endocrine disorders
Hypertension,123799005,G24z0,efi-hypertension,Secondary renovascular hypertension NOS,,,,Renovascular hypertension
Hypertension,194791005,G24z100,mar-hypertension,hypertension secondary to drug,,,,Hypertension secondary to drug
Hypertension,8.43821E+14,G25..11,mar-hypertension,stage 1 hypertension,,,,Stage 1 hypertension (National Institute for Health and Clinical Excellence 2011) (disorder)
Hypertension,8.43841E+14,G26..00,mar-hypertension,severe hypertension (nat inst for health clinical ex 2011),,,,Severe hypertension (National Institute for Health and Clinical Excellence 2011) (disorder)
Hypertension,8.45891E+14,G27..00,mar-hypertension,hypertension resistant to drug therapy,,,,Hypertension resistant to drug therapy (disorder)
Hypertension,50490005,G672.00,mar-hypertension,hypertensive encephalopathy,,,,Hypertensive encephalopathy
Hypertension,4.71521E+14,Gyu2.,,[X]Hypertensive diseases,,,,[X]Hypertensive diseases (disorder)
Hypertension,697930002,Xa0Cs,efi-hypertension,Labile hypertension,,,,Labile hypertension due to being in a clinical environment (disorder)
Hypertension,302192008,Xa8HD,efi-hypertension,On treatment for hypertension,,,,On treatment for hypertension
Hypertension,401117004,XaIy8,efi-hypertension,Moderate hypertension control,,,,Moderate hypertension control (finding)
Hypertension,401047000,XaIyC,efi-hypertension,Hypertension treatment refused,,,,Hypertension treatment refused (context-dependent category)
Hypertension,7.17311E+14,XaJ4P,efi-hypertension,Exception reporting: hypertension quality indicators,,,,Exception reporting - hypertension quality indicators (finding)
Hypertension,7.16821E+14,XaJ4e,efi-hypertension,Excepted from hypertension qual indicators: Patient unsuit,,,,Excepted from hypertension quality indicators - patient unsuitable
Hypertension,7.16771E+14,XaJ4f,efi-hypertension,Excepted from hypertension qual indicators: Informed dissent,,,,Excepted from hypertension quality indicators - informed dissent
Hypertension,736286003,XaJYi,efi-hypertension,Hypertension clinical management plan,,,,Hypertension clinical management plan (record artifact)
Hypertension,412779008,XaJYi,efi-hypertension,Hypertension clinical management plan,,,,Hypertension clinical management plan (qualifier value)
Hypertension,443402002,XaQaV,efi-hypertension,Lifestyle advice regarding hypertension,,,,Lifestyle education regarding hypertension (procedure)
Hypertension,8.46371E+14,XaZbz,,Stge 2 hypertensin (NICE 2011),,,,Stage 2 hypertension (National Institute for Health and Clinical Excellence 2011) (disorder)
Hypertension,697929007,Ya1FK,qof-hypertension,Labile hypertension,,,,Intermittent hypertension (disorder)
Hypertension,70272006,Ya64p,qof-hypertension,Malignant hypertension,,,,Malignant hypertension
Hypertension,48194001,YaQxL,qof-hypertension,GH - Gestational hypertension,,,,Pregnancy-induced hypertension
Hypertension,307632004,YaQxL,qof-hypertension,GH - Gestational hypertension,,,,Hypertension without albuminuria AND without edema in the obstetric context
Hypertension,8.63191E+14,Yavt7,qof-hypertension,Nocturnal hypertension,,,,Nocturnal hypertension (disorder)
Hypertension,9.08631E+14,Yawxk,qof-hypertension,Stage 1 hyp wo ev end org dmge,,,,Stage 1 hypertension (National Institute for Health and Clinical Excellence 2011) without evidence of end organ damage (disorder)
Hypertension,163020007,,CALIBER,O/E - blood pressure reading,,,3 reading equal to or greater than 140 systolic OR 90 diastolic EVER,O/E - blood pressure reading
Hypertension,163031004,,CALIBER,O/E - Diastolic BP reading,,,3 readings equal to or greater than 90 EVER,O/E - Diastolic BP reading
Hypertension,163030003,,,O/E - Systolic BP reading,,,3 readings equal to or greater than 140 EVER,O/E - Systolic BP reading
Hypertension,163033001,,CALIBER,Lying blood pressure reading,,,3 readings equal to or greater than 140 systolic OR 90 diastolic EVER,Lying blood pressure
Hypertension,163034007,,CALIBER,Standing blood pressure reading,,,3 reading equal to or greater than 140 systolic OR 90 diastolic EVER,Standing blood pressure reading
Hypertension,163035008,,CALIBER,Sitting blood pressure reading,,,3 reading equal to or greater than 140 systolic OR 90 diastolic EVER,Sitting blood pressure
Hypertension,400974009,,CALIBER,Standing systolic blood pressure,,,3 readings equal to or greater than 140 EVER,Standing systolic blood pressure (observable entity)
Hypertension,400975005,,CALIBER,Standing diastolic blood pressure,,,3 readings equal to or greater than 90 EVER,Standing diastolic blood pressure (observable entity)
Hypertension,407554009,,CALIBER,Sitting systolic blood pressure,,,3 readings equal to or greater than 140 EVER,Sitting systolic blood pressure (observable entity)
Hypertension,407555005,,CALIBER,Sitting diastolic blood pressure,,,3 readings equal to or greater than 90 EVER,Sitting diastolic blood pressure (observable entity)
Hypertension,407556006,,CALIBER,Lying systolic blood pressure,,,3 readings equal to or greater than 140 EVER,Lying systolic blood pressure (observable entity)
Hypertension,407557002,,CALIBER,Lying diastolic blood pressure,,,3 readings equal to or greater than 90 EVER,Lying diastolic blood pressure (observable entity)
Hypertension,38341003,,CALIBER,BP - hypertensive disease,,,,Hypertensive disease
Hypertension,59621000,,CALIBER,High blood pressure,,,,Essential hypertension
Hypertension,24184005,,CALIBER,High blood pressure,,,,Increased blood pressure (not hypertension)
Hypertension,413605002,,CALIBER,Average home diastolic blood pressure,,,Equal to or greater than 85,Average home diastolic blood pressure (observable entity)
Hypertension,413606001,,CALIBER,Average home systolic blood pressure,,,Equal to or greater than 135,Average home systolic blood pressure (observable entity)
Hypertension,3.35661E+14,,CALIBER,Self measured blood pressure reading,,,Equal to or greater than 135 systolic OR 85 diastolic,Self measured blood pressure reading (observable entity)
Hypertension,314462001,,CALIBER,Average 24 hour diastolic blood pressure,,,Equal to or greater than 85,Average 24 hour diastolic blood pressure
Hypertension,314449000,,CALIBER,Average 24 hour systolic blood pressure,,,Equal to or greater than 135,Average 24 hour systolic blood pressure
Hypertension,1.98081E+14,,CALIBER,Ambulatory systolic blood pressure,,,Equal to or greater than 135,Ambulatory systolic blood pressure (observable entity)
Hypertension,1.98091E+14,,CALIBER,Ambulatory diastolic blood pressure,,,Equal to or greater than 85,Ambulatory diastolic blood pressure (observable entity)
Hypotension / syncope,398665005,1B62.,efi-hypotension,Syncope/vasovagal faint,5,,,Vasovagal syncope (finding)
Hypotension / syncope,162271007,1B68.,efi-hypotension,Felt faint,5,,,Felt faint
Hypotension / syncope,307280005,79370,efi-hypotension,Implantation of cardiac pacemaker system NEC,5,,,Implantation of cardiac pacemaker
Hypotension / syncope,718685006,F1303,efi-hypotension,Parkinsonism with orthostatic hypotension,,,,Orthostatic hypotension co-occurrent and due to Parkinson's disease (disorder)
Hypotension / syncope,45007003,G87..,efi-hypotension,Hypotension,,,,Hypotension
Hypotension / syncope,28651003,G870.,efi-hypotension,Orthostatic hypotension,,,,Orthostatic hypotension
Hypotension / syncope,77545000,G871.,efi-hypotension,Chronic hypotension,,,,Chronic hypotension
Hypotension / syncope,195506001,G872.,efi-hypotension,Idiopathic hypotension,,,,Idiopathic hypotension
Hypotension / syncope,309585006,R002.,efi-hypotension,[D]Syncope and collapse,5,,,Syncope and collapse
Hypotension / syncope,271594007,R002.,efi-hypotension,[D]Syncope and collapse,5,,,Syncope attack
Hypotension / syncope,398652001,R0022,efi-hypotension,[D]Vasovagal attack,5,,,Vasovagal attack (disorder)
Hypotension / syncope,271787007,R0023,efi-hypotension,[D]Collapse,5,,,Collapse
Hypotension / syncope,386705008,R0042,efi-hypotension,[D]Light-headedness,5,,,Lightheadedness (finding)
Hypotension / syncope,230664009,X00CT,efi-hypotension,Sympathotonic orthostatic hypotension,,,,Sympathotonic orthostatic hypotension
Hypotension / syncope,234171009,X208R,efi-hypotension,Drug-induced hypotension,5,,,Hypotension due to drugs
Hypotension / syncope,241727003,X70qY,efi-hypotension,Induced hypotension,5,,,Induced hypotension
Hypotension / syncope,248229009,X769i,efi-hypotension,Vasovagal symptom,5,,,Vasovagal symptom
Hypotension / syncope,270891002,XE2ah,efi-hypotension,Had a collapse,5,,,Had a collapse
Hypotension / syncope,407645004,XaJDf,efi-hypotension,Dizziness on standing up,5,,,Dizziness on standing up (finding)
Hypotension / syncope,472960000,XaQi4,efi-hypotension,History of hypotension,5,,,History of abnormally low blood pressure
Hypotension / syncope,5.01631E+14,,CALIBER,[D]Low blood pressure reading,5,,,[D]Low blood pressure reading (context-dependent category)
Hypotension / syncope,271870002,,CALIBER,[D]Low blood pressure reading,5,,,Low blood pressure reading
Hypotension / syncope,163020007,,CALIBER,O/E - blood pressure reading,5,,3 readings less than 90 systolic or 60 diastolic EVER,O/E - blood pressure reading
Hypotension / syncope,163031004,,CALIBER,O/E - Diastolic BP reading,5,,3 readings less than 60 EVER,O/E - Diastolic BP reading
Hypotension / syncope,163030003,,,O/E - Systolic BP reading,5,,3 readings less than 90 EVER,O/E - Systolic BP reading
Hypotension / syncope,163033001,,CALIBER,Lying blood pressure reading,5,,3 readings less than 90 systolic or 60 diastolic EVER,Lying blood pressure
Hypotension / syncope,163034007,,CALIBER,Standing blood pressure reading,5,,3 readings less than 90 systolic or 60 diastolic EVER,Standing blood pressure reading
Hypotension / syncope,163035008,,CALIBER,Sitting blood pressure reading,5,,3 readings less than 90 systolic or 60 diastolic EVER,Sitting blood pressure
Hypotension / syncope,400974009,,CALIBER,Standing systolic blood pressure,5,,3 readings less than 90 EVER,Standing systolic blood pressure (observable entity)
Hypotension / syncope,400975005,,CALIBER,Standing diastolic blood pressure,5,,3 readings less than 60 EVER,Standing diastolic blood pressure (observable entity)
Hypotension / syncope,407554009,,CALIBER,Sitting systolic blood pressure,5,,3 readings less than 90 EVER,Sitting systolic blood pressure (observable entity)
Hypotension / syncope,407555005,,CALIBER,Sitting diastolic blood pressure,5,,3 readings less than 60 EVER,Sitting diastolic blood pressure (observable entity)
Hypotension / syncope,407556006,,CALIBER,Lying systolic blood pressure,5,,3 readings less than 90 EVER,Lying systolic blood pressure (observable entity)
Hypotension / syncope,407557002,,CALIBER,Lying diastolic blood pressure,5,,3 readings less than 60 EVER,Lying diastolic blood pressure (observable entity)
Hypotension / syncope,413605002,,CALIBER,Average home diastolic blood pressure,5,,3 readings less than 60 EVER,Average home diastolic blood pressure (observable entity)
Hypotension / syncope,413606001,,CALIBER,Average home systolic blood pressure,5,,3 readings less than 90 EVER,Average home systolic blood pressure (observable entity)
Hypotension / syncope,3.35661E+14,,CALIBER,Self measured blood pressure reading,5,,3 readings less than 90 systolic or 60 diastolic EVER,Self measured blood pressure reading (observable entity)
Hypotension / syncope,314462001,,CALIBER,Average 24 hour diastolic blood pressure,5,,3 readings less than 60 EVER,Average 24 hour diastolic blood pressure
Hypotension / syncope,314449000,,CALIBER,Average 24 hour systolic blood pressure,5,,3 readings less than 90 EVER,Average 24 hour systolic blood pressure
Hypotension / syncope,1.98081E+14,,CALIBER,Ambulatory systolic blood pressure,5,,3 readings less than 90 EVER,Ambulatory systolic blood pressure (observable entity)
Hypotension / syncope,1.98091E+14,,CALIBER,Ambulatory diastolic blood pressure,5,,3 readings less than 60 EVER,Ambulatory diastolic blood pressure (observable entity)
Inflammatory arthritis,161567008,14G1.,efi-arthritis,H/O: rheumatoid arthritis,,,,H/O: rheumatoid arthritis
Inflammatory arthritis,164456005,2G27.00,mar-rheumatoid, O/E-hands-rheumatoid spindling                               ,,,,O/E-hands-rheumatoid spindling
Inflammatory arthritis,275920008,66H..13,mar-rheumatoid, Rheumatoid arthrit. monitoring                               ,,,,Arthritis monitoring
Inflammatory arthritis,268524007,66H..13,mar-rheumatoid, Rheumatoid arthrit. monitoring                               ,,,,Rheumatology disorder monitoring
Inflammatory arthritis,275902004,66H..13,mar-rheumatoid, Rheumatoid arthrit. monitoring                               ,,,,Rheumatoid arthritis monitoring
Inflammatory arthritis,27813003,7K6Z3,efi-arthritis,Injection into joint NEC,,,,Intra-articular injection
Inflammatory arthritis,190828008,C340.,efi-arthritis,Gouty arthropathy,,,,Gouty arthropathy
Inflammatory arthritis,90560007,C34z.,efi-arthritis,Gout NOS,,,,Gout
Inflammatory arthritis,193180002,F371200,mar-rheumatoid, Polyneuropathy in rheumatoid arthritis                       ,,,,Polyneuropathy in rheumatoid arthritis
Inflammatory arthritis,193250002,F396400,mar-rheumatoid, Myopathy due to rheumatoid arthritis                         ,,,,Myopathy due to rheumatoid arthritis
Inflammatory arthritis,195136004,G5y8.00,mar-rheumatoid, Rheumatoid myocarditis                                       ,,,,Rheumatoid myocarditis
Inflammatory arthritis,28880005,G5yA.00,mar-rheumatoid, Rheumatoid carditis                                          ,,,,Rheumatoid carditis
Inflammatory arthritis,398726004,H570.00,mar-rheumatoid, Rheumatoid lung                                              ,,,,Rheumatoid lung disease (disorder)
Inflammatory arthritis,239920006,N005.00,mar-rheumatoid, Adult Still's Disease                                        ,,,,Adult onset Still's disease
Inflammatory arthritis,48440001,N023.,efi-arthritis,Gouty arthritis,,,,Articular gout
Inflammatory arthritis,35885006,N023.,efi-arthritis,Gouty arthritis,,,,Hyperuricemia
Inflammatory arthritis,201727001,N0310,efi-arthritis,Arthropathy in ulcerative colitis,,,,Arthropathy in ulcerative colitis
Inflammatory arthritis,416956002,N04..,efi-arthritis,Inflamm polyarthropathy: (& [rheumatoid arthrit] or [other]),,,,Undifferentiated inflammatory polyarthritis (disorder)
Inflammatory arthritis,417373000,N04..,efi-arthritis,Inflamm polyarthropathy: (& [rheumatoid arthrit] or [other]),,,,Inflammatory polyarthropathy (disorder)
Inflammatory arthritis,69896004,N040.,efi-arthritis,Rheumatoid arthritis,,,,Rheumatoid arthritis
Inflammatory arthritis,201764007,N0400,efi-arthritis,Rheumatoid arthritis of cervical spine,,,,Rheumatoid arthritis of cervical spine
Inflammatory arthritis,9631008,N0401,efi-arthritis,Other rheumatoid arthritis of spine,,,,Ankylosing spondylitis
Inflammatory arthritis,201766009,N040200,mar-rheumatoid, Rheumatoid arthritis of shoulder                             ,,,,Rheumatoid arthritis of shoulder
Inflammatory arthritis,201768005,N0404,efi-arthritis,Rheumatoid arthritis of acromioclavicular joint,,,,Rheumatoid arthritis of acromioclavicular joint
Inflammatory arthritis,201769002,N0405,efi-arthritis,Rheumatoid arthritis of elbow,,,,Rheumatoid arthritis of elbow
Inflammatory arthritis,201770001,N040600,mar-rheumatoid, Rheumatoid arthritis of distal radio-ulnar joint             ,,,,Rheumatoid arthritis of distal radioulnar joint
Inflammatory arthritis,201771002,N040700,mar-rheumatoid, Rheumatoid arthritis of wrist                                ,,,,Rheumatoid arthritis of wrist
Inflammatory arthritis,201772009,N0408,efi-arthritis,Rheumatoid arthritis of metacarpophalangeal joint,,,,Rheumatoid arthritis of metacarpophalangeal joint
Inflammatory arthritis,201773004,N040900,mar-rheumatoid, Rheumatoid arthritis of PIP joint of finger                  ,,,,Rheumatoid arthritis of proximal interphalangeal joint of finger
Inflammatory arthritis,201774005,N040A,efi-arthritis,Rheumatoid arthritis of DIP joint of finger,,,,Rheumatoid arthritis of distal interphalangeal joint of finger
Inflammatory arthritis,201775006,N040B00,mar-rheumatoid, Rheumatoid arthritis of hip                                  ,,,,Rheumatoid arthritis of hip
Inflammatory arthritis,201776007,N040C,efi-arthritis,Rheumatoid arthritis of sacroiliac joint,,,,Rheumatoid arthritis of sacroiliac joint
Inflammatory arthritis,201777003,N040D,efi-arthritis,Rheumatoid arthritis of knee,,,,Rheumatoid arthritis of knee
Inflammatory arthritis,201779000,N040F00,mar-rheumatoid, Rheumatoid arthritis of ankle                                ,,,,Rheumatoid arthritis of ankle
Inflammatory arthritis,201780002,N040G,efi-arthritis,Rheumatoid arthritis of subtalar joint,,,,Rheumatoid arthritis of subtalar joint
Inflammatory arthritis,201781003,N040H,efi-arthritis,Rheumatoid arthritis of talonavicular joint,,,,Rheumatoid arthritis of talonavicular joint
Inflammatory arthritis,429192004,N040J,efi-arthritis,Rheumatoid arthritis of other tarsal joint,,,,Rheumatoid arthritis of foot (disorder)
Inflammatory arthritis,201783000,N040K,efi-arthritis,Rheumatoid arthritis of first metatarsophalangeal joint,,,,Rheumatoid arthritis of first metatarsophalangeal joint
Inflammatory arthritis,201784006,N040L,efi-arthritis,Rheumatoid arthritis of lesser metatarsophalangeal joint,,,,Rheumatoid arthritis of lesser metatarsophalangeal joint
Inflammatory arthritis,201785007,N040M,efi-arthritis,Rheumatoid arthritis of interphalangeal joint of toe,,,,Rheumatoid arthritis of interphalangeal joint of toe
Inflammatory arthritis,400054000,N040N00,mar-rheumatoid, Rheumatoid vasculitis                                        ,,,,Rheumatoid vasculitis (disorder)
Inflammatory arthritis,239792003,N040P00,mar-rheumatoid, Seronegative rheumatoid arthritis                            ,,,,Seronegative rheumatoid arthritis
Inflammatory arthritis,84017003,N040Q00,mar-rheumatoid, Rheumatoid bursitis                                          ,,,,Bursitis
Inflammatory arthritis,33719002,N040R00,mar-rheumatoid, Rheumatoid nodule                                            ,,,,Subcutaneous rheumatoid nodule
Inflammatory arthritis,287006005,N040S00,mar-rheumatoid, Rheumatoid arthritis - multiple joint                        ,,,,Rheumatoid arthritis - multiple joint
Inflammatory arthritis,201791009,N040T,efi-arthritis,Flare of rheumatoid arthritis,,,,Flare of rheumatoid arthritis
Inflammatory arthritis,57160007,N041.00,mar-rheumatoid, Felty's syndrome                                             ,,,,Felty's syndrome
Inflammatory arthritis,239793008,N042.00,mar-rheumatoid, Other rheumatoid arthropathy + visceral/systemic involvement ,,,,Rheumatoid arthritis with organ / system involvement
Inflammatory arthritis,308143008,N047.00,mar-rheumatoid, Seropositive errosive rheumatoid arthritis                   ,,,,Seropositive errosive rheumatoid arthritis
Inflammatory arthritis,239791005,N04X.00,mar-rheumatoid," ""Seropositive rheumatoid arthritis, unspecified""              ",,,,Seropositive rheumatoid arthritis
Inflammatory arthritis,398640008,N04y012,mar-rheumatoid, Fibrosing alveolitis associated with rheumatoid arthritis    ,,,,Rheumatoid pneumoconiosis (disorder)
Inflammatory arthritis,8847002,N11..,efi-arthritis,(Spondyl & allied dis) or (arthr spine) or (osteoarth spine),,,,Spondylosis
Inflammatory arthritis,267969005,N11..,efi-arthritis,(Spondyl & allied dis) or (arthr spine) or (osteoarth spine),,,,Spondylosis and allied disorders
Inflammatory arthritis,239795001,X701m,efi-arthritis,Rheumatoid arthritis with multisystem involvement,,,,Rheumatoid arthritis with multisystem involvement
Inflammatory arthritis,3723001,XM0Ai,efi-arthritis,Inflammatory arthritis,,,,Arthritis
Inflammatory arthritis,287007001,Xa3gM,efi-arthritis,Rheumatoid arthritis - hand joint,,,,Rheumatoid arthritis - hand joint
Inflammatory arthritis,287008006,Xa3gN,efi-arthritis,Rheumatoid arthritis - ankle/foot,,,,Rheumatoid arthritis - ankle/foot
Inflammatory arthritis,301877006,Xa87F,efi-arthritis,Injection of steroid into knee joint,,,,Injection of steroid into knee joint
Inflammatory arthritis,443349002,XaN2K,efi-arthritis,Disease activity score in rheumatoid arthritis,,,,Disease activity score in rheumatoid arthritis (assessment scale)
Inflammatory arthritis,10713006,Y70Dm,qof-ra,Fibrosing alveolitis-rheumat.,,,,Diffuse interstitial rheumatoid disease of lung
Inflammatory arthritis,201788009,YMAqJ,qof-ra,Rheumatoid bursitis,,,,Rheumatoid bursitis
Inflammatory bowel disease,275549008,14C4.,efi-ibd,H/O: colitis (& [ulcerative]),,,,H/O: ulcerative colitis
Inflammatory bowel disease,266999006,14C4.11,mar-bone_related_disease,h/o: ulcerative colitis,,,,H/O: colitis
Inflammatory bowel disease,9.09671E+14,8CA4W00,mar-bone_related_disease,dietary education for inflammatory bowel disease,,,,Dietary education for inflammatory bowel disease (procedure)
Inflammatory bowel disease,700104004,8Cc5.00,mar-bone_related_disease,management of inflammatory bowel disease,,,,Management of inflammatory bowel disease (procedure)
Inflammatory bowel disease,196578009,J08z900,mar-bone_related_disease,orofacial crohn's disease,,,,Orofacial Crohn's disease
Inflammatory bowel disease,69980003,J4...12,mar-bone_related_disease,inflammatory bowel disease,,,,Noninfectious diarrhea
Inflammatory bowel disease,14066009,J4...12,mar-bone_related_disease,inflammatory bowel disease,,,,Noninfectious colitis
Inflammatory bowel disease,24526004,J4...12,mar-bone_related_disease,inflammatory bowel disease,,,,Inflammatory bowel disease
Inflammatory bowel disease,307418008,J4...12,mar-bone_related_disease,inflammatory bowel disease,,,,Non-infective enteritis and colitis
Inflammatory bowel disease,34000006,J40..,efi-ibd,Enteritis: [regional-Crohn's disease] or [granulomatous],,,,Crohn's disease
Inflammatory bowel disease,56287005,J4000,efi-ibd,Crohn's disease of duodenum,,,,Crohn's disease of duodenum
Inflammatory bowel disease,196977009,J400200,mar-bone_related_disease,crohn's disease of the terminal ileum,,,,Crohn's disease of terminal ileum
Inflammatory bowel disease,38106008,J400300,mar-bone_related_disease,crohn's disease of the ileum unspecified,,,,Crohn's disease of ileum
Inflammatory bowel disease,414154002,J400500,mar-bone_related_disease,exacerbation of crohn's disease of small intestine,,,,Exacerbation of Crohn's disease of small intestine (disorder)
Inflammatory bowel disease,56689002,J400z00,mar-bone_related_disease,crohn's disease of the small bowel nos,,,,Crohn's disease of small intestine
Inflammatory bowel disease,3815005,J4011,efi-ibd,Crohn's proctitis,,,,Crohn's disease of rectum
Inflammatory bowel disease,414153008,J401200,mar-bone_related_disease,exacerbation of crohn's disease of large intestine,,,,Exacerbation of Crohn's disease of large intestine (disorder)
Inflammatory bowel disease,7620006,J401z00,mar-bone_related_disease,crohn's disease of the large bowel nos,,,,Crohn's disease of large bowel
Inflammatory bowel disease,50440006,J401z00,mar-bone_related_disease,crohn's disease of the large bowel nos,,,,Crohn's disease of colon
Inflammatory bowel disease,64766004,J41..,efi-ibd,(Idiopath proctocol)/(muc colit/proctit)/(ulc colit/proctit),,,,Chronic ulcerative colitis
Inflammatory bowel disease,43752006,J41..12,mar-bone_related_disease,ulcerative colitis and/or proctitis,,,,Enterocolitis
Inflammatory bowel disease,295046003,J41..12,mar-bone_related_disease,ulcerative colitis and/or proctitis,,,,Ulcerative proctocolitis
Inflammatory bowel disease,418130002,J41..12,mar-bone_related_disease,ulcerative colitis and/or proctitis,,,,Proctocolitis (disorder)
Inflammatory bowel disease,52506002,J410.00,mar-bone_related_disease,ulcerative proctocolitis,,,,Chronic ulcerative rectosigmoiditis
Inflammatory bowel disease,196987008,J410000,mar-bone_related_disease,ulcerative ileocolitis,,,,Ulcerative ileocolitis
Inflammatory bowel disease,52231000,J4103,efi-ibd,Ulcerative proctitis,,,,Chronic ulcerative proctitis
Inflammatory bowel disease,414156000,J410400,mar-bone_related_disease,exacerbation of ulcerative colitis,,,,Exacerbation of ulcerative colitis (disorder)
Inflammatory bowel disease,235714007,J411.00,mar-bone_related_disease,ulcerative (chronic) enterocolitis,,,,Ulcerative enterocolitis
Inflammatory bowel disease,444548001,J413.00,mar-bone_related_disease,ulcerative pancolitis,,,,Ulcerative pancolitis (disorder)
Inflammatory bowel disease,201727001,N031000,mar-bone_related_disease,arthropathy in ulcerative colitis,,,,Arthropathy in ulcerative colitis
Inflammatory bowel disease,201728006,N031100,mar-bone_related_disease,arthropathy in crohn's disease,,,,Arthropathy in Crohn's disease
Inflammatory bowel disease,201805000,N045300,mar-bone_related_disease,juvenile arthritis in crohn's disease,,,,Juvenile arthritis in Crohn's disease
Inflammatory bowel disease,201807008,N045400,mar-bone_related_disease,juvenile arthritis in ulcerative colitis,,,,Juvenile arthritis in ulcerative colitis
Inflammatory bowel disease,235607002,X300J,efi-ibd,Crohn's disease of oesophagus,,,,Crohn's disease of oesophagus
Inflammatory bowel disease,273364009,ZR3S.00,mar-bone_related_disease,crohn's disease activity index,,,,Crohn's disease activity index
Ischaemic heart disease,266995000,14A..,efi-ischaemic_hd,H/O: cardiovasc disease (& [heart disord][myocard problem]),,,,H/O: cardiovascular disease
Ischaemic heart disease,275905002,14A..,efi-ischaemic_hd,H/O: cardiovasc disease (& [heart disord][myocard problem]),,,,H/O: myocardial problem
Ischaemic heart disease,161502000,14A3.00,mar-cardiovascular,H/O: myocardial infarct <60,,,,H/O: myocardial infarct at less than 60
Ischaemic heart disease,161503005,14A4.,efi-ischaemic_hd,H/O: myocardial infarct at greater than 60,,,,H/O: myocardial infarct at greater than 60
Ischaemic heart disease,161504004,14A5.,efi-ischaemic_hd,H/O: angina pectoris,,,,H/O: angina pectoris
Ischaemic heart disease,308065005,14AH.00,mar-cardiovascular,H/O: Myocardial infarction in last year,,,,H/O: Myocardial infarction in last year
Ischaemic heart disease,308068007,14AL.00,mar-cardiovascular,H/O: Treatment for ischaemic heart disease,,,,H/O: Treatment for ischaemic heart disease
Ischaemic heart disease,164861001,322..,efi-ischaemic_hd,ECG: myocardial ischaemia,,,,ECG myocardial ischemia
Ischaemic heart disease,164865005,323..00,mar-cardiovascular,ECG: myocardial infarction,,,,ECG: myocardial infarction
Ischaemic heart disease,164868007,3233,mar-cardiovascular,ECG: antero-septal infarct.,,,,ECG: antero-septal infarct.
Ischaemic heart disease,164869004,3234,mar-cardiovascular,ECG:posterior/inferior infarct,,,,ECG:posterior/inferior infarct
Ischaemic heart disease,164870003,3235,mar-cardiovascular,ECG: subendocardial infarct,,,,ECG: subendocardial infarct
Ischaemic heart disease,164871004,3236,mar-cardiovascular,ECG: lateral infarction,,,,ECG: lateral infarction
Ischaemic heart disease,170594001,662K0,efi-ischaemic_hd,Angina control - good,,,,Angina control - good
Ischaemic heart disease,170595000,662K1,efi-ischaemic_hd,Angina control - poor,,,,Angina control - poor
Ischaemic heart disease,170597008,662K3,efi-ischaemic_hd,Angina control - worsening,,,,Angina control - worsening
Ischaemic heart disease,315614006,6A2..00,mar-cardiovascular,Coronary heart disease annual review,,,,Coronary heart disease annual review
Ischaemic heart disease,390799004,6A4..00,mar-cardiovascular,Coronary heart disease review,,,,Coronary heart disease review (procedure)
Ischaemic heart disease,31413008,792..,efi-ischaemic_hd,Coronary artery operations (& bypass),,,,Operative procedure on coronary arteries
Ischaemic heart disease,232717009,792..,efi-ischaemic_hd,Coronary artery operations (& bypass),,,,Coronary artery bypass graft
Ischaemic heart disease,11101003,7928,efi-ischaemic_hd,Percutaneous balloon angioplasty of coronary artery,,,,Percutaneous transluminal coronary angioplasty
Ischaemic heart disease,315287002,889A.00,mar-cardiovascular,Diab mellit insulin-glucose infus acute myocardial infarct,,,,Diabetes mellitus insulin-glucose infusion in acute myocardial infarction
Ischaemic heart disease,394724007,8B3k.00,mar-cardiovascular,Coronary heart disease medication review,,,,Coronary heart disease medication review (procedure)
Ischaemic heart disease,699245006,8H2V.00,mar-cardiovascular,Admit ischaemic heart disease emergency,,,,Admit ischemic heart disease emergency (procedure)
Ischaemic heart disease,414545008,G3...00,mar-cardiovascular,Ischaemic heart disease,,,,Ischemic heart disease (disorder)
Ischaemic heart disease,443502000,G3...12,mar-cardiovascular,Atherosclerotic heart disease,,,,Atherosclerosis of coronary artery (disorder)
Ischaemic heart disease,53741008,G3...13,mar-cardiovascular,IHD - Ischaemic heart disease,,,,Coronary arteriosclerosis
Ischaemic heart disease,57054005,G30..,efi-ischaemic_hd,(Myocard inf (& [ac][silent][card rupt])) or (coron thromb),,,,Acute myocardial infarction
Ischaemic heart disease,22298006,G30..00,mar-cardiovascular,Acute myocardial infarction,,,,Myocardial infarction
Ischaemic heart disease,398274000,G30..11,mar-cardiovascular,Attack - heart,,,,Coronary artery thrombosis (disorder)
Ischaemic heart disease,233843008,G30..16,mar-cardiovascular,Thrombosis - coronary,,,,Silent myocardial infarction
Ischaemic heart disease,233847009,G30..17,mar-cardiovascular,Silent myocardial infarction,,,,Cardiac rupture after acute myocardial infarction
Ischaemic heart disease,52035003,G3010,,Acute anteroapical infarction,,,,Acute anteroapical myocardial infarction
Ischaemic heart disease,62695002,G301100,mar-cardiovascular,Acute anteroseptal infarction,,,,Acute anteroseptal myocardial infarction
Ischaemic heart disease,54329005,G301z,,Anterior myocard.infarct NOS,,,,Acute myocardial infarction of anterior wall
Ischaemic heart disease,65547006,G302.,,Acute inferolateral infarction,,,,Acute myocardial infarction of inferolateral wall
Ischaemic heart disease,76593002,G303.00,mar-cardiovascular,Acute inferoposterior infarction,,,,Acute myocardial infarction of inferoposterior wall
Ischaemic heart disease,58612006,G305.,,Lateral myocardial infarct NOS,,,,Acute myocardial infarction of lateral wall
Ischaemic heart disease,194802003,G306.00,mar-cardiovascular,True posterior myocardial infarction,,,,True posterior myocardial infarction
Ischaemic heart disease,70422006,G307.,,Acute subendocardial infarct,,,,Acute subendocardial infarction
Ischaemic heart disease,307140009,G307000,mar-cardiovascular,Acute non-Q wave infarction,,,,Acute non-Q wave infarction
Ischaemic heart disease,304914007,G309.00,mar-cardiovascular,Acute Q-wave infarct,,,,Acute Q wave myocardial infarction
Ischaemic heart disease,91335003,G30A.00,mar-cardiovascular,Mural thrombosis,,,,Mural thrombus of heart
Ischaemic heart disease,15990001,G30B.00,mar-cardiovascular,Acute posterolateral myocardial infarction,,,,Acute myocardial infarction of posterolateral wall
Ischaemic heart disease,401303003,G30X000,mar-cardiovascular,Acute ST segment elevation myocardial infarction,,,,Acute ST segment elevation myocardial infarction (disorder)
Ischaemic heart disease,194809007,G30y0,,Acute atrial infarction,,,,Acute atrial infarction
Ischaemic heart disease,66189004,G310.00,mar-cardiovascular,Postmyocardial infarction syndrome,,,,Postmyocardial infarction syndrome
Ischaemic heart disease,4557003,G311.,,Preinfarction syndrome,,,,Preinfarction syndrome
Ischaemic heart disease,59021001,G311.,,Preinfarction syndrome,,,,Angina decubitus
Ischaemic heart disease,194821006,G311000,mar-cardiovascular,Myocardial infarction aborted,,,,Coronary thrombosis not resulting in myocardial infarction
Ischaemic heart disease,194823009,G31y0,,Acute coronary insufficiency,,,,Acute coronary insufficiency
Ischaemic heart disease,42531007,G31y100,mar-cardiovascular,Microinfarction of heart,,,,Microinfarct of heart
Ischaemic heart disease,46109009,G31y200,mar-cardiovascular,Subendocardial ischaemia,,,,Subendocardial ischemia
Ischaemic heart disease,315026000,G31y300,mar-cardiovascular,Transient myocardial ischaemia,,,,Transient myocardial ischaemia
Ischaemic heart disease,1755008,G32..12,mar-cardiovascular,Personal history of myocardial infarction,,,,Old myocardial infarction
Ischaemic heart disease,194828000,G33..,efi-ischaemic_hd,Angina,,,,Angina
Ischaemic heart disease,35928006,G3300,,Nocturnal angina,,,,Nocturnal angina
Ischaemic heart disease,21470009,G33z2,,Syncope anginosa,,,,Syncope anginosa
Ischaemic heart disease,314116003,G33z500,mar-cardiovascular,Post infarct angina,,,,Post infarct angina
Ischaemic heart disease,233817007,G340.12,mar-cardiovascular,Coronary artery disease,,,,Triple vessel disease of the heart
Ischaemic heart disease,194843003,G3401,,Two coronary vessel disease,,,,Double coronary vessel disease
Ischaemic heart disease,194849004,G343.,,Ischaemic cardiomyopathy,,,,Generalized ischemic myocardial dysfunction
Ischaemic heart disease,233823002,G344.00,mar-cardiovascular,Silent myocardial ischaemia,,,,Silent myocardial ischemia
Ischaemic heart disease,413844008,G34y1,efi-ischaemic_hd,Chronic myocardial ischaemia,,,,Chronic myocardial ischemia (disorder)
Ischaemic heart disease,413838009,G34yz,efi-ischaemic_hd,Other specified chronic ischaemic heart disease NOS,,,,Chronic ischemic heart disease (disorder)
Ischaemic heart disease,315348000,G34z000,mar-cardiovascular,Asymptomatic coronary heart disease,,,,Asymptomatic coronary heart disease
Ischaemic heart disease,194856005,G35..,,Reinfarction of myocardium,,,,Subsequent myocardial infarction
Ischaemic heart disease,194857001,G350.00,mar-cardiovascular,Subsequent myocardial infarction of anterior wall,,,,Subsequent myocardial infarction of anterior wall
Ischaemic heart disease,194858006,G351.00,mar-cardiovascular,Subsequent myocardial infarction of inferior wall,,,,Subsequent myocardial infarction of inferior wall
Ischaemic heart disease,371068009,G36..00,mar-cardiovascular,Certain current complication follow acute myocardial infarct,,,,Myocardial infarction with complication (disorder)
Ischaemic heart disease,194862000,G360.00,mar-cardiovascular,Haemopericardium/current comp folow acut myocard infarct,,,,Haemopericardium as current complication following acute myocardial infarction
Ischaemic heart disease,194863005,G361.,efi-ischaemic_hd,Atrial septal defect/curr comp folow acut myocardal infarct,,,,Atrial septal defect as current complication following acute myocardial infarction
Ischaemic heart disease,233846000,G362.00,mar-cardiovascular,Ventric septal defect/curr comp fol acut myocardal infarctn,,,,Ventricular septal defect as current complication following acute myocardial infarction
Ischaemic heart disease,194866002,G364.00,mar-cardiovascular,Ruptur chordae tendinae/curr comp fol acute myocard infarct,,,,Rupture of chordae tendinae as current complication following acute myocardial infarction
Ischaemic heart disease,194867006,G365.00,mar-cardiovascular,Rupture papillary muscle/curr comp fol acute myocard infarct,,,,Rupture of papillary muscle as current complication following acute myocardial infarction
Ischaemic heart disease,194868001,G366.00,mar-cardiovascular,"Thrombosis atrium,auric append&vent/curr comp foll acute MI",,,,"Thrombosis of atrium, auricular appendage, and ventricle as current complications following acute myocardial infarction"
Ischaemic heart disease,129574000,G38..00,mar-cardiovascular,Postoperative myocardial infarction,,,,Postoperative myocardial infarction
Ischaemic heart disease,311792005,G380.00,mar-cardiovascular,Postoperative transmural myocardial infarction anterior wall,,,,Postoperative transmural myocardial infarction of anterior wall
Ischaemic heart disease,311796008,G384.00,mar-cardiovascular,Postoperative subendocardial myocardial infarction,,,,Postoperative subendocardial myocardial infarction
Ischaemic heart disease,3546002,X00tE,efi-ischaemic_hd,Coronary artery bypass grafting,,,,Aortocoronary artery bypass graft with saphenous vein graft
Ischaemic heart disease,36969009,X00tU,efi-ischaemic_hd,Insertion of coronary artery stent,,,,Placement of stents in coronary artery
Ischaemic heart disease,233819005,X2008,efi-ischaemic_hd,Stable angina,,,,Stable angina
Ischaemic heart disease,233821000,X200A,,New onset angina,,,,New onset angina
Ischaemic heart disease,23687008,X200B,efi-ischaemic_hd,Coronary spasm,,,,Coronary artery spasm
Ischaemic heart disease,414795007,X200C,efi-ischaemic_hd,Myocardial ischaemia,,,,Myocardial ischemia (disorder)
Ischaemic heart disease,233825009,X200G,,Acute Q wave infarct-antseptal,,,,Acute Q wave infarction - anteroseptal
Ischaemic heart disease,233827001,X200I,,Acute Q infarct-anterolateral,,,,Acute Q wave infarction - anterolateral
Ischaemic heart disease,73795002,X200K,,Acute myo infarct-inferior,,,,Acute myocardial infarction of inferior wall
Ischaemic heart disease,233833005,X200Q,,Acute Q infarct-lateral,,,,Acute Q wave infarction - lateral
Ischaemic heart disease,233835003,X200S,,Acute myo infarct-widespread,,,,Acute widespread myocardial infarction
Ischaemic heart disease,233837006,X200U,,Acute non-Q infarct-widespread,,,,Acute non-Q wave infarction - widespread
Ischaemic heart disease,233839009,X200W,,Old MI-anterior,,,,Old anterior myocardial infarction
Ischaemic heart disease,233841005,X200Y,,Old MI-lateral,,,,Old lateral myocardial infarction
Ischaemic heart disease,233842003,X200Z,,Old MI-posterior,,,,Old posterior myocardial infarction
Ischaemic heart disease,233845001,X200c,efi-ischaemic_hd,Cardiac syndrome X,,,,Cardiac syndrome X
Ischaemic heart disease,25106000,XE0Ui,,Acute coronary insufficiency,,,,Impending infarction
Ischaemic heart disease,414024009,XE2uV,efi-ischaemic_hd,Ischaemic heart disease,,,,Disorder of coronary artery (disorder)
Ischaemic heart disease,67682002,XM0rN,efi-ischaemic_hd,Coronary atherosclerosis,,,,Coronary artery atheroma
Ischaemic heart disease,300995000,Xa7nH,efi-ischaemic_hd,Exercise-induced angina,,,,Exercise-induced angina
Ischaemic heart disease,311793000,XaD2e,,Postop transm MI inferior wall,,,,Postoperative transmural myocardial infarction of inferior wall
Ischaemic heart disease,315025001,XaFsG,,Refractory angina,,,,Refractory angina
Ischaemic heart disease,394659003,XaINF,,Acute coronary syndrome,,,,Acute coronary syndrome (disorder)
Ischaemic heart disease,394710008,XaIf1,,First myocardial infarction,,,,First myocardial infarction (disorder)
Ischaemic heart disease,401314000,XaIwY,efi-ischaemic_hd,Acute non-ST segment elevation myocardial infarction,,,,Acute non-ST segment elevation myocardial infarction (disorder)
Ischaemic heart disease,3.02881E+14,XaNMH,efi-ischaemic_hd,Cardiovascular disease annual review declined,,,,Cardiovascular disease annual review declined (situation)
Ischaemic heart disease,8.10681E+14,XaYYq,,Coronary microvascular disease,,,,Coronary microvascular disease (disorder)
Ischaemic heart disease,72092001,Y201a,qof-chd,Cardiovasc. arterioscl. unspec,,,,Arteriosclerotic vascular disease
Ischaemic heart disease,19057007,Y201q,qof-chd,Status anginosus,,,,Status anginosus
Ischaemic heart disease,87343002,Y202A,qof-chd,Prinzmetal's angina,,,,Prinzmetal angina
Ischaemic heart disease,10273003,Y202Y,qof-chd,Acute papillary muscle infarct,,,,Acute infarction of papillary muscle
Ischaemic heart disease,79009004,Y202Z,qof-chd,Acute septal infarction,,,,Acute myocardial infarction of septum
Ischaemic heart disease,233826005,Y202c,qof-chd,Acute non-Q infarct-anterosept,,,,Acute non-Q wave infarction - anteroseptal
Ischaemic heart disease,70211005,Y202d,qof-chd,Acute myo infarct-anterolat,,,,Acute myocardial infarction of anterolateral wall
Ischaemic heart disease,233828006,Y202f,qof-chd,Acute non-Q infarct-anterolat,,,,Acute non-Q wave infarction - anterolateral
Ischaemic heart disease,233829003,Y202j,qof-chd,Acute Q infarct-inferior,,,,Acute Q wave infarction - inferior
Ischaemic heart disease,233830008,Y202k,qof-chd,Acute non-Q infarct-inferior,,,,Acute non-Q wave infarction - inferior
Ischaemic heart disease,233831007,Y202m,qof-chd,Acute Q infarct-inferolateral,,,,Acute Q wave infarction - inferolateral
Ischaemic heart disease,233832000,Y202n,qof-chd,Acute non-Q infarct-inferolat,,,,Acute non-Q wave infarction - inferolateral
Ischaemic heart disease,233834004,Y202r,qof-chd,Acute non-Q infarct-lateral,,,,Acute non-Q wave infarction - lateral
Ischaemic heart disease,233836002,Y202t,qof-chd,Acute Q infarct-widespread,,,,Acute Q wave infarction - widespread
Ischaemic heart disease,233838001,Y202v,qof-chd,Acute myo infarct-posterior,,,,Acute posterior myocardial infarction
Ischaemic heart disease,233840006,Y2031,qof-chd,Old MI-inferior,,,,Old inferior myocardial infarction
Ischaemic heart disease,233844002,Y2038,qof-chd,Accel cor dis transplant ht,,,,Accelerated coronary artery disease in transplanted heart
Ischaemic heart disease,38716007,Y20EI,qof-chd,Atherosclerosis,,,,Atherosclerosis
Ischaemic heart disease,441574008,Y20EI,qof-chd,Atherosclerosis,,,,Atherosclerosis of artery
Ischaemic heart disease,50808002,Y20EL,qof-chd,Other specif. artery atheroma,,,,Atheroma of artery
Ischaemic heart disease,233970002,Y20FK,qof-chd,Coronary artery stenosis,,,,Coronary artery stenosis
Ischaemic heart disease,29899005,Y20G3,qof-chd,Coronary embolus,,,,Coronary artery embolism
Ischaemic heart disease,63739005,Y7Fpt,qof-chd,Coronary artery occluded,,,,Coronary occlusion
Ischaemic heart disease,251024009,Y7Fpz,qof-chd,Coronary graft stenosis,,,,Coronary graft stenosis
Ischaemic heart disease,408546009,Y7Fq0,qof-chd,Coronary graft occluded,,,,Coronary artery bypass graft occlusion (disorder)
Ischaemic heart disease,28574005,Y7HtC,qof-chd,Coronary artery abnormality,,,,Congenital anomaly of coronary artery
Ischaemic heart disease,204379001,Y7HtF,qof-chd,Cong.stricture coronary artery,,,,Congenital stricture of coronary artery
Ischaemic heart disease,26900001,Y7HtZ,qof-chd,Coronary orifice stenosis,,,,Coronary ostium stenosis
Ischaemic heart disease,4.69031E+14,YM9lP,qof-chd,[V]Pres/aortcoronry bypss grft,,,,[V]Presence of aortocoronary bypass graft (situation)
Ischaemic heart disease,399261000,YM9lP,qof-chd,[V]Pres/aortcoronry bypss grft,,,,History of - coronary artery bypass grafting (context-dependent category)
Ischaemic heart disease,194861007,YMAkA,qof-chd,Certain curnt comp fol acut MI,,,,Certain current complications following acute myocardial infarction
Ischaemic heart disease,194865003,YMAkF,qof-chd,Rup cd w w't h'mpc/cmp f ac MI,,,,Rupture of cardiac wall without hemopericardium as current complication following acute myocardial infarction
Ischaemic heart disease,225566008,YMFz7,qof-chd,Ischaemic chest pain,,,,Ischemic chest pain
Ischaemic heart disease,4.69611E+14,YMKPg,qof-chd,[V]Presence of CABG,,,,[V]Presence of coronary artery bypass graft (situation)
Ischaemic heart disease,276516009,Ya16s,qof-chd,Myocard ischaemia of newborn,,,,Myocardial ischemia of newborn
Ischaemic heart disease,276517000,Ya16t,qof-chd,Transien myocard isch newborn,,,,Transient myocardial ischaemia of newborn
Ischaemic heart disease,281091000,Ya3H3,qof-chd,Ischaemic myocard dysfunction,,,,Ischemic myocardial dysfunction
Ischaemic heart disease,281092007,Ya3H4,qof-chd,Stunned myocardium,,,,Stunned myocardium
Ischaemic heart disease,281093002,Ya3H5,qof-chd,Hibernating myocardium,,,,Hibernating myocardium
Ischaemic heart disease,194842008,YaYAN,qof-chd,Single coronary vessel disease,,,,Single coronary vessel disease
Ischaemic heart disease,399211009,Yaad8,qof-chd,Pers history myocard infarct,,,,History of - myocardial infarction (context-dependent category)
Ischaemic heart disease,314207007,YafEa,qof-chd,Non-Q wave myocardial infarctn,,,,Non-Q wave myocardial infarction
Ischaemic heart disease,424045003,Yao4P,qof-chd,Myocardial bridge coronary art,,,,Myocardial bridge of coronary artery (disorder)
Ischaemic heart disease,698378009,YatlF,qof-chd,CABG operation planned,,,,Coronary artery bypass graft operation planned (situation)
Ischaemic heart disease,698377004,Yatv1,qof-chd,Coronary angioplasty planned,,,,Coronary angioplasty planned (situation)
Ischaemic heart disease,719678003,YayjS,qof-chd,Nonobstr coronry athrosclrosis,,,,Non-obstructive atherosclerosis of coronary artery (disorder)
Liver problems,186639003,A7071,efi-liver,Chronic viral hepatitis B without delta-agent,,,,Chronic viral hepatitis B without delta-agent
Liver problems,3738000,AyuB1,efi-liver,[X]Other chronic viral hepatitis,,,,Viral hepatitis
Liver problems,10295004,AyuB1,efi-liver,[X]Other chronic viral hepatitis,,,,Chronic viral hepatitis
Liver problems,35400008,C3500,efi-liver,Hereditary haemochromatosis,,,,Hereditary hemochromatosis
Liver problems,399144008,C3500,efi-liver,Hereditary haemochromatosis,,,,Bronze diabetes (disorder)
Liver problems,399187006,C3500,efi-liver,Hereditary haemochromatosis,,,,Hemochromatosis (disorder)
Liver problems,399170009,C3500,efi-liver,Hereditary haemochromatosis,,,,Primary hemochromatosis (disorder)
Liver problems,399053004,C3500,efi-liver,Hereditary haemochromatosis,,,,Idiopathic hemochromatosis (disorder)
Liver problems,399126000,C3500,efi-liver,Hereditary haemochromatosis,,,,Bronze cirrhosis (disorder)
Liver problems,197279005,J61..,efi-liver,Cirrhosis and chronic liver disease,,,,Cirrhosis and chronic liver disease
Liver problems,76301009,J612.,efi-liver,Cirrhosis: [florid] or [alcoholic],,,,Florid cirrhosis
Liver problems,419728003,J612.,efi-liver,Cirrhosis: [florid] or [alcoholic],,,,Portal cirrhosis (disorder)
Liver problems,420054005,J612.,efi-liver,Cirrhosis: [florid] or [alcoholic],,,,Alcoholic cirrhosis (disorder)
Liver problems,266468003,J615.,efi-liver,(Cirrhosis - non alcoholic) or (portal cirrhosis),,,,Cirrhosis - non-alcoholic
Liver problems,197293003,J6153,efi-liver,Diffuse nodular cirrhosis,,,,Diffuse nodular cirrhosis
Liver problems,43904005,J6155,efi-liver,Macronodular cirrhosis,,,,Macronodular cirrhosis
Liver problems,235896001,J615H,efi-liver,Infectious cirrhosis NOS,,,,Infectious cirrhosis
Liver problems,62484002,J615z,efi-liver,(Liver cirrhos: [named vars] or [NOS]) or (hepat fibrosis),,,,Hepatic fibrosis
Liver problems,235895002,J615z,efi-liver,(Liver cirrhos: [named vars] or [NOS]) or (hepat fibrosis),,,,"Laennec's cirrhosis, non-alcoholic"
Liver problems,89580002,J615z,efi-liver,(Liver cirrhos: [named vars] or [NOS]) or (hepat fibrosis),,,,Cryptogenic cirrhosis
Liver problems,19943007,J615z,efi-liver,(Liver cirrhos: [named vars] or [NOS]) or (hepat fibrosis),,,,Cirrhosis of liver
Liver problems,1761006,J616.,efi-liver,Biliary cirrhosis,,,,Biliary cirrhosis
Liver problems,31712002,J6160,efi-liver,Primary biliary cirrhosis,,,,Primary biliary cirrhosis
Liver problems,12368000,J6161,efi-liver,Secondary biliary cirrhosis,,,,Secondary biliary cirrhosis
Liver problems,197316009,J61y3,efi-liver,Portal fibrosis without cirrhosis,,,,Portal fibrosis without cirrhosis
Liver problems,34742003,J623.,efi-liver,Portal hypertension,,,,Portal hypertension
Liver problems,197362001,J6356,efi-liver,Toxic liver disease with fibrosis and cirrhosis of liver,,,,Toxic liver disease with fibrosis and cirrhosis of liver
Liver problems,61977001,X306i,efi-liver,Chronic viral hepatitis B,,,,Chronic type B viral hepatitis
Liver problems,235869004,X306j,efi-liver,Chronic viral hepatitis B with hepatitis D,,,,Chronic viral hepatitis B with hepatitis D
Liver problems,128302006,X306k,efi-liver,Chronic viral hepatitis C,,,,Chronic type C viral hepatitis
Liver problems,21861000,X307Q,efi-liver,Micronodular cirrhosis,,,,Micronodular cirrhosis
Liver problems,41309000,XE0dD,efi-liver,(Cirrhos &/or chron liver dis) or (alcoholic liver disease),,,,Alcoholic liver damage
Liver problems,271440004,XE2up,efi-liver,Cirrhosis secondary to cholestasis,,,,Cirrhosis secondary to cholestasis
Liver problems,308129003,XaBM6,efi-liver,Oesophageal varices in cirrhosis of the liver,,,,Oesophageal varices in cirrhosis of the liver
Liver problems,309783001,XaC1d,efi-liver,Oesophageal varices in alcoholic cirrhosis of the liver,,,,Oesophageal varices in alcoholic cirrhosis of the liver
Meal preparation problems,400986007,.39G0,,Needs help with cooking,,,,Needs help with cooking (finding)
Meal preparation problems,286421000,Xa3Sk,,Diff perform cater activities,,,,Difficulty performing catering activities
Meal preparation problems,286424008,Xa3Sn,,Unable to cater for self,,,,Unable to cater for self
Meal preparation problems,286427001,Xa3Sq,,Difficulty catering for self,,,,Difficulty catering for self
Meal preparation problems,286454003,Xa3TH,,Unable prepare food for eating,,,,Unable to prepare food for eating
Meal preparation problems,286457005,Xa3TK,,Diff preparing food for eating,,,,Difficulty preparing food for eating
Meal preparation problems,286463001,Xa3TQ,,Difficulty washing food,,,,Difficulty washing food
Meal preparation problems,286466009,Xa3TT,,Unable to chop food,,,,Unable to chop food
Meal preparation problems,286469002,Xa3TW,,Difficulty chopping food,,,,Difficulty chopping food
Meal preparation problems,286472009,Xa3TZ,,Unable to slice food,,,,Unable to slice food
Meal preparation problems,286475006,Xa3Tc,,Difficulty slicing food,,,,Difficulty slicing food
Meal preparation problems,286478008,Xa3Tf,,Unable to spread food,,,,Unable to spread food
Meal preparation problems,286481003,Xa3Ti,,Difficulty spreading food,,,,Difficulty spreading food
Meal preparation problems,286487004,Xa3To,,Diff mixing food ingredients,,,,Difficulty mixing food ingredients
Meal preparation problems,286490005,Xa3Tr,,Unable to prepare meal,,,,Unable to prepare meal
Meal preparation problems,286493007,Xa3Tu,,Difficulty preparing meal,,,,Difficulty preparing meal
Meal preparation problems,286515001,Xa3UF,,Unable to cook food,,,,Unable to cook food
Meal preparation problems,286518004,Xa3UI,,Difficulty cooking food,,,,Difficulty cooking food
Medication management problems,285035003,Xa2yD,efi-unable_meds,Unable to manage medication,,,,Unable to manage medication
Memory concerns,48167000,1B1A.00,,Memory loss - amnesia,5,,Removed if cognitive impairment or dementia code added,Amnesia
Memory concerns,386807006,1B1A.00,,Memory loss - amnesia,5,,Removed if cognitive impairment or dementia code added,Memory impairment (finding)
Memory concerns,247592009,1B1A100,,Short-term memory loss,5,,Removed if cognitive impairment or dementia code added,Poor short-term memory
Memory concerns,413088002,1B1Y.00,,Poor visual sequential memory,5,,Removed if cognitive impairment or dementia code added,Poor visual sequential memory (finding)
Memory concerns,413089005,1B1a.00,,Poor auditory sequential memory,5,,Removed if cognitive impairment or dementia code added,Poor auditory sequential memory (finding)
Memory concerns,50239007,1BN..00,,Wandering,5,,Removed if cognitive impairment or dementia code added,Wandering
Memory concerns,310531007,1BN0.00,,Wanders during the day,5,,Removed if cognitive impairment or dementia code added,Wanders during the day
Memory concerns,310532000,1BN1.00,,Wanders at night,5,,Removed if cognitive impairment or dementia code added,Wanders at night
Memory concerns,710560006,1BN2.00,,Wanders during the day and at night,5,,Removed if cognitive impairment or dementia code added,Wanders during day and at night
Memory concerns,40917007,2841.11,,Confusion,5,,Removed if cognitive impairment or dementia code added,Clouding of consciousness
Memory concerns,17842005,28D..00,,Confabulation,5,,Removed if cognitive impairment or dementia code added,Confabulation
Memory concerns,55533009,28G..00,,Forgetful,5,,Removed if cognitive impairment or dementia code added,Forgetfulness
Memory concerns,408367005,8BIk.00,,Patient forgets to take medication,5,,Removed if cognitive impairment or dementia code added,Patient forgets to take medication (finding)
Memory concerns,415276009,8HTY.00,,Referral to memory clinic,5,,Removed if cognitive impairment or dementia code added,Referral to memory clinic (procedure)
Memory concerns,192071009,E2A1000,,Mild memory disturbance,5,,Removed if cognitive impairment or dementia code added,Mild memory disturbance
Memory concerns,51921000,R00z011,,[D]Memory deficit,5,,Removed if cognitive impairment or dementia code added,Retrograde amnesia
Memory concerns,225038006,Z7CEJ00,,Memory lapses,5,,Removed if cognitive impairment or dementia code added,Memory lapses
Memory concerns,225037001,Z7CEK00,,Minor memory lapses,5,,Removed if cognitive impairment or dementia code added,Minor memory lapses
Memory concerns,283880001,Z7CEO00,,Momentary confabulation,5,,Removed if cognitive impairment or dementia code added,Momentary confabulation
Memory concerns,285208000,Z7CFA00,,Unable to recall random address at five minutes,5,,Removed if cognitive impairment or dementia code added,Unable to recall random address at five minutes
Memory concerns,285212006,Z7CFC00,,Unable to recall five digit number at five minutes,5,,Removed if cognitive impairment or dementia code added,Unable to recall five digit number at five minutes
Memory concerns,247593004,Z7CFF00,,Forgets what was going to do,5,,Removed if cognitive impairment or dementia code added,Forgets what was going to do
Memory concerns,247594005,Z7CFG00,,Forgets what was going to say,5,,Removed if cognitive impairment or dementia code added,Forgets what was going to say
Memory concerns,247595006,Z7CFH00,,Forgets recent activities,5,,Removed if cognitive impairment or dementia code added,Forgets recent activities
Memory concerns,247596007,Z7CFI00,,Forgets what has just done,5,,Removed if cognitive impairment or dementia code added,Forgets what has just done
Memory concerns,247597003,Z7CFJ00,,Forgets what has just said,5,,Removed if cognitive impairment or dementia code added,Forgets what has just said
Memory concerns,247588002,Z7CFO11,,Long-term memory loss,5,,Removed if cognitive impairment or dementia code added,Long-term memory loss
Memory concerns,285188007,Z7CFQ00,,Unable to remember own date of birth,5,,Removed if cognitive impairment or dementia code added,Unable to remember own date of birth
Memory concerns,247613008,Z7CFS11,,Cannot remember own age,5,,Removed if cognitive impairment or dementia code added,Unable to remember own age
Memory concerns,285191007,Z7CFU00,,Unable to remember day of the week,5,,Removed if cognitive impairment or dementia code added,Unable to remember day of the week
Memory concerns,247608009,Z7CFW00,,Unable to remember today's date,5,,Removed if cognitive impairment or dementia code added,Unable to remember today's date
Memory concerns,285197006,Z7CFa00,,Unable to remember current year,5,,Removed if cognitive impairment or dementia code added,Unable to remember current year
Memory concerns,247612003,Z7CFg00,,Cannot remember names of intimates,5,,Removed if cognitive impairment or dementia code added,Cannot remember names of intimates
Memory concerns,247614002,Z7CFi00,,Cannot remember wedding anniversary,5,,Removed if cognitive impairment or dementia code added,Cannot remember wedding anniversary
Mobility problems,715089000,0.396,,Dependent: chair/bed transfer,,,,Dependent transfer from bed to chair (finding)
Mobility problems,160629005,1381,efi-mobility,Exercise physically impossible,,,,Exercise physically impossible
Mobility problems,160681005,13C2.,efi-mobility,Mobile outside with aid,,,,Mobile outside with aid
Mobility problems,160683008,13C4.,efi-mobility,Needs walking aid in home,,,,Needs walking aid in home
Mobility problems,160692006,13CD.,efi-mobility,Mobility very poor,,,,Mobility very poor
Mobility problems,160693001,13CE.,efi-mobility,Mobility poor,,,,Mobility poor
Mobility problems,165251008,39B..,efi-mobility,Walking aid use,,,,Walking aid use
Mobility problems,183135000,8D4..,efi-mobility,Mobility aids,,,,Mobility aids
Mobility problems,228158008,N097.,efi-mobility,Difficulty in walking,,,,Walking disability
Mobility problems,8510008,Ua1nH,efi-mobility,Reduced mobility,,,,Partial musculoskeletal mobility
Mobility problems,228617000,Ub0sN,efi-mobility,Provision of pressure relief equipment,,,,Provision of pressure relief equipment
Mobility problems,243751002,X74UI,efi-mobility,Provision of mobility device,,,,Provision of mobility device
Mobility problems,282145008,Xa20j,efi-mobility,Unable to walk,,,,Unable to walk
Mobility problems,282204009,Xa21f,efi-mobility,Unable to initiate walking,,,,Unable to initiate walking
Mobility problems,282854008,Xa2Ei,efi-mobility,Unable to maintain a standing position,,,,Unable to maintain a standing position
Mobility problems,282877008,Xa2F5,efi-mobility,Unable to stand up alone,,,,Unable to stand up alone
Mobility problems,282883006,Xa2FB,efi-mobility,Unable to stand from sitting,,,,Unable to stand from sitting
Mobility problems,286521002,Xa3UL,efi-mobility,Unable to carry prepared food,,,,Unable to carry prepared food
Mobility problems,300614002,Xa7fM,,Unable to travel on foot,,,,Unable to travel on foot
Mobility problems,300618004,Xa7fP,,Difficulty travelling on foot,,,,Difficulty travelling on foot
Mobility problems,300671004,Xa7gF,,Unable to cross the road,,,,Unable to cross the road
Mobility problems,300674007,Xa7gI,,Difficulty crossing the road,,,,Difficulty crossing the road
Mobility problems,301577000,Xa80l,efi-mobility,Unable to mobilise using wheelchair,,,,Unable to mobilize using wheelchair
Mobility problems,301589003,Xa80x,efi-mobility,Unable to manage stairs,,,,Unable to manage stairs
Mobility problems,301613000,Xa81L,efi-mobility,Unable to manage steps,,,,Unable to manage steps
Mobility problems,301657001,Xa822,efi-mobility,Unable to get out of a chair,,,,Unable to get out of a chair
Mobility problems,301670005,Xa82E,efi-mobility,Unable to get on a bed,,,,Unable to get on a bed
Mobility problems,301676004,Xa82K,efi-mobility,Unable to get off a bed,,,,Unable to get off a bed
Mobility problems,301688002,Xa82W,efi-mobility,Unable to roll over in bed,,,,Unable to roll over in bed
Mobility problems,301694005,Xa82c,efi-mobility,Unable to move up and down bed,,,,Unable to move up and down bed
Mobility problems,302046008,Xa8Aa,efi-mobility,Difficulty mobilising,,,,Difficulty mobilizing
Mobility problems,714887007,Xa8Jx,efi-mobility,Unable to transfer,,,,Unable to transfer location (finding)
Mobility problems,413121008,XaJi6,efi-mobility,Dependent on helper pushing wheelchair,,,,Dependent on helper pushing wheelchair (finding)
Mobility problems,3.34681E+14,YA136,efi-mobility,Unable to get in car,,,,Unable to get into and out of a car
Mono/hemiparesis,267082004,1B3..,efi-mono_hemiparesis,Motor symptoms (& [paralysis] or [weakness]),,,,Motor symptoms
Mono/hemiparesis,26544005,1B3..,efi-mono_hemiparesis,Motor symptoms (& [paralysis] or [weakness]),,,,Paresis
Mono/hemiparesis,44695005,1B3..,efi-mono_hemiparesis,Motor symptoms (& [paralysis] or [weakness]),,,,Paralysis
Mono/hemiparesis,163600007,2832,efi-mono_hemiparesis,O/E - paresis (weakness),,,,O/E - paresis (weakness)
Mono/hemiparesis,278285008,F222.,efi-mono_hemiparesis,Left: [hemiplegia] or [sided weakness],,,,Left hemiplegia
Mono/hemiparesis,278287000,F222.,efi-mono_hemiparesis,Left: [hemiplegia] or [sided weakness],,,,Left hemiparesis
Mono/hemiparesis,278286009,F223.,efi-mono_hemiparesis,Right: [hemiplegia] or [sided weakness],,,,Right sided weakness
Mono/hemiparesis,278284007,F223.,efi-mono_hemiparesis,Right: [hemiplegia] or [sided weakness],,,,Right hemiplegia
Mono/hemiparesis,20022000,X76n9,efi-mono_hemiparesis,Hemiparesis,,,,Hemiparesis
Mono/hemiparesis,249944006,X76nR,efi-mono_hemiparesis,Monoparesis - arm,,,,Monoparesis - arm
Mono/hemiparesis,249945007,X76nS,efi-mono_hemiparesis,Monoparesis - leg,,,,Weakness of leg
Mono/hemiparesis,249946008,X76nT,efi-mono_hemiparesis,Pyramidal type muscle weakness,,,,Pyramidal type muscle weakness
Motor neuron disease,37340000,F152000,mar-mnd,Amyotrophic lateral sclerosis,,,,Motor neuron disease
Motor neuron disease,88923002,F152100,mar-mnd,Progressive muscular atrophy,,,,Progressive muscular atrophy
Motor neuron disease,54304004,F152200,mar-mnd,Progressive bulbar palsy,,,,Progressive bulbar palsy
Motor neuron disease,7379000,F152300,mar-mnd,Pseudobulbar palsy,,,,Pseudobulbar palsy
Motor neuron disease,81211007,F152400,mar-mnd,Primary lateral sclerosis,,,,Primary lateral sclerosis
Musculoskeletal problems,82991003,1DC8.,efi-msk,Generalised aches and pains,5,,,Generalized body pains
Musculoskeletal problems,275875002,2H23.,efi-msk,O/E: [shoulder joint abnormal] or [painful arc],5,,,O/E - painful arc
Musculoskeletal problems,268991001,2H23.,efi-msk,O/E: [shoulder joint abnormal] or [painful arc],5,,,O/E - shoulder joint abnormal
Musculoskeletal problems,164539000,2H45.,efi-msk,O/E - joint movement painful,5,,,O/E - joint movement painful
Musculoskeletal problems,57676002,N094.,efi-msk,Joint: [pain - arthralgia] or [ache],5,,,Joint pain
Musculoskeletal problems,267949000,N0941,efi-msk,Arthralgia of the shoulder region (& [shoulder joint]),5,,,Shoulder joint pain
Musculoskeletal problems,202480001,N0942,efi-msk,Arthralgia of the upper arm (& [elbow]),5,,,Elbow joint pain
Musculoskeletal problems,267950000,N0942,efi-msk,Arthralgia of the upper arm (& [elbow]),5,,,Arthralgia of the upper arm
Musculoskeletal problems,202482009,N0943,efi-msk,Arthralgia of the forearm (& [wrist]),5,,,Wrist joint pain
Musculoskeletal problems,202472008,N0944,efi-msk,Hand joint pain,5,,,Arthralgia of the hand
Musculoskeletal problems,49218002,N0945,efi-msk,(Arthralgia pelv/thigh)(coxalgia)(hip joint pain)(irrit hip),5,,,Coxalgia
Musculoskeletal problems,267952008,N0945,efi-msk,(Arthralgia pelv/thigh)(coxalgia)(hip joint pain)(irrit hip),5,,,Arthralgia of the pelvic region and thigh
Musculoskeletal problems,301813003,N0945,efi-msk,(Arthralgia pelv/thigh)(coxalgia)(hip joint pain)(irrit hip),5,,,Irritable hip
Musculoskeletal problems,267953003,N0946,efi-msk,Arthralgia of the lower leg (& [knee]),5,,,Arthralgia of the lower leg
Musculoskeletal problems,30989003,N0946,efi-msk,Arthralgia of the lower leg (& [knee]),5,,,Gonalgia
Musculoskeletal problems,202490009,N0947,efi-msk,Arthralgia of the ankle &/or foot,5,,,Arthralgia of ankle
Musculoskeletal problems,267954009,N0947,efi-msk,Arthralgia of the ankle &/or foot,5,,,Arthralgia of the ankle and foot
Musculoskeletal problems,35678005,N0949,efi-msk,Multiple joint pain,5,,,Polyarthralgia
Musculoskeletal problems,56608008,N094F,efi-msk,Wrist joint pain,5,,,Pain in wrist
Musculoskeletal problems,202483004,N094G,efi-msk,Metacarpophalangeal joint pain,5,,,Arthralgia of metacarpophalangeal joint
Musculoskeletal problems,202484005,N094H,efi-msk,Proximal interphalangeal joint of finger pain,5,,,Proximal interphalangeal joint of finger pain
Musculoskeletal problems,202485006,N094J,efi-msk,Distal interphalangeal joint of finger pain,5,,,Arthralgia of distal interphalangeal joint of finger
Musculoskeletal problems,202487003,N094L,efi-msk,Sacroiliac joint pain,5,,,Sacroiliac joint pain
Musculoskeletal problems,202495004,N094T,efi-msk,First metatarsophalangeal joint pain,5,,,First metatarsophalangeal joint pain
Musculoskeletal problems,202497007,N094V,efi-msk,Interphalangeal joint of toe pain,5,,,Interphalangeal joint of toe pain
Musculoskeletal problems,298266002,N096.,efi-msk,(Oth joint symp) or (joint crepit) or (joint musculosk pain),5,,,Joint problem
Musculoskeletal problems,2764000,N096.,efi-msk,(Oth joint symp) or (joint crepit) or (joint musculosk pain),5,,,Articular crepitus
Musculoskeletal problems,202838007,N211.,efi-msk,Rotator cuff shoulder syndrome and allied disorders,5,,,Rotator cuff shoulder syndrome and allied disorders
Musculoskeletal problems,4106009,N211.,efi-msk,Rotator cuff shoulder syndrome and allied disorders,5,,,Rotator cuff syndrome
Musculoskeletal problems,40799003,N211z,efi-msk,(Rotat cuff synd NOS) or (painf arc synd) or (subacrom burs),5,,,Subacromial bursitis
Musculoskeletal problems,202841003,N211z,efi-msk,(Rotat cuff synd NOS) or (painf arc synd) or (subacrom burs),5,,,Supraspinatus tendinitis
Musculoskeletal problems,279069000,N2403,efi-msk,Rheumatic pain,5,,,Musculoskeletal pain
Musculoskeletal problems,68962001,N2410,efi-msk,(Myalgia: [unspecif] or [intercost myalgia]) or (musc pain),5,,,Myalgia
Musculoskeletal problems,95421005,N2410,efi-msk,(Myalgia: [unspecif] or [intercost myalgia]) or (musc pain),5,,,Intercostal myalgia
Musculoskeletal problems,279043006,N245.,efi-msk,Pain in limb (& [named site variants]),5,,,Pain in buttock
Musculoskeletal problems,90834002,N245.,efi-msk,Pain in limb (& [named site variants]),5,,,Pain in limb
Musculoskeletal problems,247373008,N245.,efi-msk,Pain in limb (& [named site variants]),5,,,Ankle pain
Musculoskeletal problems,53057004,N245.,efi-msk,Pain in limb (& [named site variants]),5,,,Pain in hand
Musculoskeletal problems,78514002,N245.,efi-msk,Pain in limb (& [named site variants]),5,,,Meralgia
Musculoskeletal problems,47933007,N245.,efi-msk,Pain in limb (& [named site variants]),5,,,Podalgia
Musculoskeletal problems,2733002,N245.,efi-msk,Pain in limb (& [named site variants]),5,,,Heel pain
Musculoskeletal problems,45326000,N245.,efi-msk,Pain in limb (& [named site variants]),5,,,Pain in shoulder
Musculoskeletal problems,102556003,N245.,efi-msk,Pain in limb (& [named site variants]),5,,,Arm pain
Musculoskeletal problems,10601006,N245.,efi-msk,Pain in limb (& [named site variants]),5,,,Leg pain
Musculoskeletal problems,300955002,N2450,efi-msk,Hand pain (& [thumb] or [finger]),5,,,Pain in thumb
Musculoskeletal problems,18876004,N2450,efi-msk,Hand pain (& [thumb] or [finger]),5,,,Pain in finger
Musculoskeletal problems,285365001,N2451,efi-msk,Foot pain (& [toe]),5,,,Toe pain
Musculoskeletal problems,230654000,X00CE,efi-msk,Painful legs and moving toes,5,,,Painful legs and moving toes
Musculoskeletal problems,239733006,X700S,efi-msk,Anterior knee pain,5,,,Anterior knee pain
Musculoskeletal problems,396332003,X75rp,efi-msk,Musculoskeletal pain disorder,5,,,Rheumatism (disorder)
Musculoskeletal problems,247374002,X75sH,efi-msk,Range of painful joint movement,5,,,Range of painful joint movement
Musculoskeletal problems,247375001,X75sI,efi-msk,Arc of pain in joint,5,,,Arc of pain in joint
Musculoskeletal problems,928000,XE1DD,efi-msk,Musculoskeletal disorder,5,,,"Disease of the musculoskeletal system, NOS"
Musculoskeletal problems,312225001,XE1DD,efi-msk,Musculoskeletal disorder,5,,,Musculoskeletal and connective tissue diseases
Musculoskeletal problems,202479004,XE1H8,efi-msk,Joint pain: [shoulder] or [acromioclavicular],5,,,Arthralgia of acromioclavicular joint
Musculoskeletal problems,26544005,XM03n,efi-msk,Muscle weakness,5,,,Paresis
Musculoskeletal problems,279066007,Xa0yG,efi-msk,Foot joint pain,5,,,Foot joint pain
Musculoskeletal problems,279067003,Xa0yH,efi-msk,Metatarsophalangeal joint pain,5,,,Metatarsophalangeal joint pain
Musculoskeletal problems,74323005,Xa35V,efi-msk,Pain in elbow,5,,,Pain in elbow
Musculoskeletal problems,298248007,Xa6sK,efi-msk,Weakness of joint movement,5,,,Weakness of joint movement
Musculoskeletal problems,298255009,Xa6sR,efi-msk,Pain on joint movement,5,,,Pain on joint movement
Musculoskeletal problems,298857005,Xa73D,efi-msk,Shoulder joint painful on movement,5,,,Shoulder joint painful on movement
Musculoskeletal problems,298858000,Xa73E,efi-msk,Shoulder joint - painful arc,5,,,Shoulder joint - painful arc
Musculoskeletal problems,298929004,Xa74O,efi-msk,Elbow joint - painful on movement,5,,,Elbow joint - painful on movement
Musculoskeletal problems,299018007,Xa75r,efi-msk,Wrist joint painful on movement,5,,,Wrist joint painful on movement
Musculoskeletal problems,299112005,Xa77U,efi-msk,Finger joint painful on movement,5,,,Finger joint painful on movement
Musculoskeletal problems,299199000,Xa78u,efi-msk,Thumb joint painful on movement,5,,,Thumb joint painful on movement
Musculoskeletal problems,299308007,Xa7Af,efi-msk,Hip joint painful on movement,5,,,Hip joint painful on movement
Musculoskeletal problems,299377003,Xa7Bq,efi-msk,Knee joint - painful on movement,5,,,Knee joint - painful on movement
Musculoskeletal problems,299447008,Xa7DC,efi-msk,Ankle joint - painful on movement,5,,,Ankle joint - painful on movement
Musculoskeletal problems,299513007,Xa7EJ,efi-msk,Foot joint - painful on movement,5,,,Foot joint - painful on movement
Musculoskeletal problems,299633000,Xa7GF,efi-msk,Toe joint painful on movement,5,,,Toe joint painful on movement
Musculoskeletal problems,301365009,Xa7ws,efi-msk,Pain of head and neck region,5,,,Pain of head and neck region
Musculoskeletal problems,309765009,XaC1M,efi-msk,Pain due to hip joint prosthesis,5,,,Pain due to hip joint prosthesis
Musculoskeletal problems,309767001,XaC1N,efi-msk,Pain due to knee joint prosthesis,5,,,Pain due to knee joint prosthesis
Musculoskeletal problems,309768006,XaC1O,efi-msk,Pain due to shoulder joint prosthesis,5,,,Pain due to shoulder joint prosthesis
Musculoskeletal problems,310483003,XaCIV,efi-msk,C/O - pain in toes,5,,,C/O - pain in toes
Osteoarthritis,161568003,14G2.,efi-arthritis,H/O: osteoarthritis,,,,H/O: osteoarthritis
Osteoarthritis,179342005,7K3..,efi-arthritis,Knee joint operations,,,,Knee joint operations
Osteoarthritis,265170009,7K30.,efi-arthritis,Cemented knee arthroplasty (& total (& named variants)),,,,Total prosthetic replacement of knee joint using cement
Osteoarthritis,307817008,7K30.,efi-arthritis,Cemented knee arthroplasty (& total (& named variants)),,,,Arthroplasty of knee using cement
Osteoarthritis,396275006,N05..,efi-arthritis,Osteoarthritis (& [allied disorders]),,,,Osteoarthritis (disorder)
Osteoarthritis,201819000,N050.,efi-arthritis,Generalised osteoarthritis,,,,Polyarticular osteoarthritis
Osteoarthritis,201826000,N0506,efi-arthritis,Erosive osteoarthrosis,,,,Erosive osteoarthrosis
Osteoarthritis,67315001,N05z1,efi-arthritis,"Osteoarthritis NOS, of shoulder region",,,,Degenerative joint disease of shoulder region
Osteoarthritis,239873007,N05z6,efi-arthritis,Osteoarthritis NOS: [lower leg] or [knee],,,,Osteoarthritis of knee
Osteoarthritis,239872002,N05zJ,efi-arthritis,"Osteoarthritis NOS, of hip",,,,OA - Osteoarthritis of hip
Osteoarthritis,399269003,N06z.,efi-arthritis,(Arthropathy NOS) or (arthritis),,,,Arthropathy (disorder)
Osteoarthritis,3723001,N06z.,efi-arthritis,(Arthropathy NOS) or (arthritis),,,,Arthritis
Osteoarthritis,371081002,X7006,efi-arthritis,Knee arthritis NOS,,,,Arthritis of knee (disorder)
Osteoarthritis,68449006,X7007,efi-arthritis,Hip arthritis NOS,,,,Coxitis
Osteoarthritis,239862000,X7038,efi-arthritis,Idiopathic osteoarthritis,,,,Idiopathic osteoarthritis
Osteoarthritis,430698003,XE090,efi-arthritis,Other total prosthetic replacement of knee joint,,,,Replacement of total knee joint (procedure)
Osteoarthritis,19063003,XE090,efi-arthritis,Other total prosthetic replacement of knee joint,,,,Arthroplasty of knee
Osteoarthritis,22193007,XE1Dd,efi-arthritis,"Osteoarthritis NOS, of the hand",,,,Degenerative joint disease of hand
Osteoarthritis,274135002,XM0u9,efi-arthritis,Arthritis/arthrosis,,,,Arthritis/arthrosis
Osteoarthritis,275554004,XM1RU,efi-arthritis,H/O: arthritis,,,,H/O: arthritis
Osteoporosis,391027005,66a9.00,mar-osteoporosis,osteoporosis - falls prevention,,,,Osteoporosis - falls prevention (procedure)
Osteoporosis,391028000,66aA.00,mar-osteoporosis,osteoporosis - treatment response,,,,Osteoporosis - treatment response (regime/therapy)
Osteoporosis,391030003,66aB.00,mar-osteoporosis,osteoporosis - no treatment response,,,,Osteoporosis - no treatment response (regime/therapy)
Osteoporosis,7.53711E+14,9hP..00,mar-osteoporosis,exception reporting: osteoporosis quality indicators,,,,Exception reporting - osteoporosis quality indicators (finding)
Osteoporosis,64859006,N330.,efi-osteoporosis,Osteoporosis,,,,Osteoporosis
Osteoporosis,18040001,N3301,efi-osteoporosis,Senile osteoporosis,,,,Senile osteoporosis
Osteoporosis,102447009,N3302,efi-osteoporosis,Postmenopausal osteoporosis,,,,Postmenopausal osteoporosis
Osteoporosis,32369003,N330200,mar-osteoporosis,postmenopausal osteoporosis,,,,Menopausal osteoporosis
Osteoporosis,203429007,N3303,efi-osteoporosis,Idiopathic generalised osteoporosis,,,,Idiopathic generalized osteoporosis
Osteoporosis,53174001,N330400,mar-osteoporosis,disuse osteoporosis,,,,Disuse osteoporosis
Osteoporosis,203433000,N330600,mar-osteoporosis,postoophorectomy osteoporosis,,,,Postoophorectomy osteoporosis
Osteoporosis,203434006,N3307,efi-osteoporosis,Post-surgical malabsorption osteoporosis,,,,Post-surgical malabsorption osteoporosis
Osteoporosis,203435007,N3308,efi-osteoporosis,Localised osteoporosis - Lequesne,,,,Localised osteoporosis - Lequesne
Osteoporosis,203436008,N330900,mar-osteoporosis,osteoporosis in multiple myelomatosis,,,,Osteoporosis in multiple myelomatosis
Osteoporosis,203437004,N330A00,mar-osteoporosis,osteoporosis in endocrine disorders,,,,Osteoporosis in endocrine disorders
Osteoporosis,309745002,N330C00,mar-osteoporosis,osteoporosis localized to spine,,,,Osteoporosis localised to spine
Osteoporosis,390833005,N330D00,mar-osteoporosis,osteoporosis due to corticosteroids,,,,Osteoporosis due to corticosteroids (disorder)
Osteoporosis,268029009,N331.14,mar-osteoporosis,osteoporotic vertebral collapse,,,,Pathological fracture
Osteoporosis,203444008,N3312,efi-osteoporosis,Postoophorectomy osteoporosis with pathological fracture,,,,Postoophorectomy osteoporosis with pathological fracture
Osteoporosis,203445009,N331300,mar-osteoporosis,osteoporosis of disuse with pathological fracture,,,,Osteoporosis of disuse with pathological fracture
Osteoporosis,203446005,N331400,mar-osteoporosis,postsurgical malabsorption osteoporosis with path fracture,,,,Post-surgical malabsorption osteoporosis with pathological fracture
Osteoporosis,203447001,N331500,mar-osteoporosis,drug-induced osteoporosis with pathological fracture,,,,Drug-induced osteoporosis with pathological fracture
Osteoporosis,203448006,N3316,efi-osteoporosis,Idiopathic osteoporosis with pathological fracture,,,,Idiopathic osteoporosis with pathological fracture
Osteoporosis,203450003,N3318,efi-osteoporosis,Osteoporosis with pathological fracture of lumbar vertebrae,,,,Osteoporosis with pathological fracture of lumbar vertebrae
Osteoporosis,203451004,N3319,efi-osteoporosis,Osteoporosis with pathological fracture thoracic vertebrae,,,,Osteoporosis with pathological fracture of thoracic vertebrae
Osteoporosis,203452006,N331A00,mar-osteoporosis,osteoporosis + pathological fracture cervical vertebrae,,,,Osteoporosis with pathological fracture of cervical vertebrae
Osteoporosis,203453001,N331B,efi-osteoporosis,Postmenopausal osteoporosis with pathological fracture,,,,Postmenopausal osteoporosis with pathological fracture
Osteoporosis,311806008,N331H00,mar-osteoporosis,collapse of cervical vertebra due to osteoporosis,,,,Collapse of cervical vertebra due to osteoporosis
Osteoporosis,311890007,N331J00,mar-osteoporosis,collapse of lumbar vertebra due to osteoporosis,,,,Collapse of lumbar vertebra due to osteoporosis
Osteoporosis,311891006,N331K00,mar-osteoporosis,collapse of thoracic vertebra due to osteoporosis,,,,Collapse of thoracic vertebra due to osteoporosis
Osteoporosis,240198002,N331L00,mar-osteoporosis,collapse of vertebra due to osteoporosis nos,,,,Osteoporotic vertebral collapse
Osteoporosis,443165006,N331M00,mar-osteoporosis,fragility fracture due to unspecified osteoporosis,,,,Pathological fracture due to osteoporosis (disorder)
Osteoporosis,4.25371E+14,NyuB8,efi-osteoporosis,[X]Unspecified osteoporosis with pathological fracture,,,,[X]Unspecified osteoporosis with pathological fracture (disorder)
Osteoporosis,240155001,X70At,efi-osteoporosis,Adult idiopathic generalised osteoporosis,,,,Adult idiopathic generalised osteoporosis
Osteoporosis,240162005,X70B0,efi-osteoporosis,Secondary localised osteoporosis,,,,Secondary localised osteoporosis
Osteoporosis,276661002,Xa0AZ,efi-osteoporosis,Primary osteoporosis,,,,Primary osteoporosis
Osteoporosis,281387004,Xa1k0,efi-osteoporosis,Regional osteoporosis,,,,Regional osteoporosis
Osteoporosis,310254004,XaCDT,efi-osteoporosis,Bone densimetry abnormal,,,,Bone densimetry abnormal
Osteoporosis,391004002,XaISQ,efi-osteoporosis,Attends osteoporosis monitoring,,,,Attends osteoporosis monitoring (regime/therapy)
Osteoporosis,391006000,XaISS,efi-osteoporosis,Osteoporosis monitoring default,,,,Osteoporosis monitoring default (regime/therapy)
Osteoporosis,391017004,XaISd,efi-osteoporosis,Osteoporosis monitoring,,,,Osteoporosis monitoring (regime/therapy)
Osteoporosis,391020007,XaISg,efi-osteoporosis,Osteoporosis treatment started,,,,Osteoporosis treatment started (regime/therapy)
Osteoporosis,391021006,XaISh,efi-osteoporosis,Osteoporosis treatment stopped,,,,Osteoporosis treatment stopped (regime/therapy)
Osteoporosis,391022004,XaISi,efi-osteoporosis,Osteoporosis treatment changed,,,,Osteoporosis treatment changed (regime/therapy)
Osteoporosis,391023009,XaISj,efi-osteoporosis,Osteoporosis - no treatment,,,,Osteoporosis - no treatment (regime/therapy)
Osteoporosis,391024003,XaISk,efi-osteoporosis,Osteoporosis - dietary advice,,,,Osteoporosis - dietary advice (regime/therapy)
Osteoporosis,391025002,XaISl,efi-osteoporosis,Osteoporosis - dietary assessment,,,,Osteoporosis - dietary assessment (procedure)
Osteoporosis,391026001,XaISm,efi-osteoporosis,Osteoporosis - exercise advice,,,,Osteoporosis - exercise advice (regime/therapy)
Osteoporosis,391033001,XaISt,efi-osteoporosis,Refer to osteoporosis specialist,,,,Refer to osteoporosis specialist (procedure)
Osteoporosis,391037000,XaISx,efi-osteoporosis,Seen in osteoporosis clinic,,,,Seen in osteoporosis clinic (finding)
Osteoporosis,391040000,XaIT0,efi-osteoporosis,At risk of osteoporotic fracture,,,,At risk of osteoporotic fracture (finding)
Osteoporosis,412717001,XaJdn,efi-osteoporosis,Referral to osteoporosis clinic,,,,Referral to osteoporosis clinic (procedure)
Osteoporosis,5.05171E+14,XaQRT,efi-osteoporosis,Bone sparing drug treatment offered for osteoporosis,,,,Bone sparing drug treatment offered for osteoporosis - enhanced services administration (situation)
Osteoporosis,473120007,XaQgT,efi-osteoporosis,History of osteoporosis,,,,History of osteoporosis
Osteoporosis,7.53791E+14,XaX3U,efi-osteoporosis,Excepted osteoporosis quality indicators: patient unsuitable,,,,Excepted from osteoporosis quality indicators - patient unsuitable (finding)
Osteoporosis,7.53831E+14,XaX3W,efi-osteoporosis,Excepted osteoporosis quality indicators: informed dissent,,,,Excepted from osteoporosis quality indicators - informed dissent (finding)
Osteoporosis,240157009,Y70hR,qof-osteoporosis,Second general osteoporosis,,,,Secondary generalised osteoporosis
Osteoporosis,14651005,Y70hS,qof-osteoporosis,Drug - induced osteoporosis,,,,Drug-induced osteoporosis
Osteoporosis,268028001,Y70hY,qof-osteoporosis,Localised disuse osteoporosis,,,,Localised disuse osteoporosis
Osteoporosis,203657009,Y70rR,qof-osteoporosis,Osteoporotic kyphosis,,,,Osteoporotic kyphosis
Osteoporosis,203438009,YaY8i,qof-osteoporosis,Vertebral osteoporosis,,,,Vertebral osteoporosis
Osteoporosis,391070005,YakvR,qof-osteoporosis,Hip DXA result osteoporotic,,,,Hip DXA scan result osteoporotic (finding)
Osteoporosis,391075000,YakvW,qof-osteoporosis,Lumbar DXA result osteoporotic,,,,Lumbar DXA scan result osteoporotic (finding)
Osteoporosis,3.06171E+14,YaqWZ,qof-osteoporosis,Min trau frac due uns osteopor,,,,Fragility fracture (disorder)
Osteoporosis,440100002,YarqN,qof-osteoporosis,Femor nec DEXA scan osteoporot,,,,Femoral neck dual energy X-ray photon absorptiometry scan result osteoporotic (finding)
Osteoporosis,391068001,,,Hip dual energy X-ray photon absorptiometry scan T score (observable entity),,,"If less than -2.5 (i.e. a higher negative score, for example -3.5)",Hip DXA scan T score (finding)
Palliative care,162608008,1Z01.,,Terminal illness - late stage,,,,Terminal illness - late stage
Palliative care,183569005,8H6A.,,Refer to terminal care consult,,,,Refer to terminal care consult
Palliative care,183595007,8H7L.,,Refer for terminal care,,,,Refer for terminal care
Palliative care,305496007,XaAPW,,Under care palliat care phys,,,,Under care of palliative care physician
Palliative care,305686008,XaAT5,,Seen by palliative care phys,,,,Seen by palliative care physician
Palliative care,305824005,XaAWN,,Seen by pall care med - serv,,,,Seen by palliative care medicine - service
Palliative care,306288008,XaAg6,,Ref to palliative care phys,,,,Referral to palliative care physician
Palliative care,103735009,XaEJE,,Palliative care,,,,Palliative care
Palliative care,2.5411E+13,XaIlk,,Ref com spec palliativ care tm,,,,Referred to community specialist palliative care team
Palliative care,363676003,XaIpI,,Palliative treatment,,,,Palliative intent
Palliative care,395103003,XaIpl,,Final days pathway,,,,Final days pathway (regime/therapy)
Palliative care,395669003,XaIse,,Spec palliative care treatment,,,,Specialist palliative care treatment (regime/therapy)
Palliative care,395694002,XaIt6,,Sp palltiv care treat - daycre,,,,Specialist palliative care treatment - daycare (regime/therapy)
Palliative care,395695001,XaIt7,,Sp palltiv care treat - outpt,,,,Specialist palliative care treatment - outpatient (regime/therapy)
Palliative care,414937009,XaJv2,,On gold stand pall care frame,,,,On gold standards palliative care framework (finding)
Palliative care,443761007,XaQ8S,,Anticipatory palliative care,,,,Anticipatory palliative care (regime/therapy)
Palliative care,5.11401E+14,XaQg1,,Last days of life,,,,Last days of life (finding)
Palliative care,5.18901E+14,XaR50,,GSF sup care st 1 - adv diseas,,,,Gold standards framework supportive care stage 1 - advancing disease (finding)
Palliative care,5.18941E+14,XaR53,,GSF sup care st 2 - incre decl,,,,Gold standards framework supportive care stage 2 - increasing decline (finding)
Palliative care,5.19041E+14,XaR5A,,GSF su ca st 3: cat C - wks pr,,,,Gold standards framework supportive care stage 3 - last days: category C - weeks prognosis (finding)
Palliative care,5.19061E+14,XaR5B,,GSF su ca st 3:cat D - days pr,,,,Gold standards framework supportive care stage 3 - last days: category D - days prognosis (finding)
Palliative care,5.26631E+14,XaRFG,,On end of life care register,,,,On end of life care register (finding)
Palliative care,7.54401E+14,XaX46,,GSF su ca st 3: cat B - mth pr,,,,Gold standards framework supportive care stage 3 - last days: category B - months prognosis (finding)
Palliative care,707988003,XaXUG,,Last days of life discussed,,,,Last days of life discussed (situation)
Palliative care,7.83841E+14,XaXoP,,Ref to comm pall care tm dclnd,,,,Referral to community palliative care team declined (situation)
Palliative care,7.83941E+14,XaXoW,,LCP for the dying pt declined,,,,Liverpool care pathway for the dying patient declined (situation)
Palliative care,713581007,XaYRB,,Offer of EOL ACP review,,,,Review of advance care plan offered (situation)
Palliative care,1095131000000100,XaYRB,,Offer of EOL ACP review,,,,Offer of end of life advance care plan review
Palliative care,9.36871E+14,XaYRD,,EOL ACP review declined,,,,Advance care planning review declined
Palliative care,713615000,XaYRy,,EOL advance care plan declined,,,,Advanced care planning declined (situation)
Palliative care,444933003,XaZLA,,Hospice at home service,,,,Home hospice service (qualifier value)
Palliative care,8.40071E+14,XaZPX,,Plannd palliatv oncolgy treatm,,,,Planned palliative oncology treatment (record artifact)
Palliative care,8.40331E+14,XaZPn,,Pland supportv care terml illn,,,,Planned supportive care for terminal illness (record artifact)
Palliative care,8.40351E+14,XaZPo,,Currnt suportv care terml illn,,,,Current supportive care for terminal illness (record artifact)
Palliative care,8.45021E+14,XaZZe,,Pt held palliative care record,,,,Patient held palliative care record (record artifact)
Palliative care,8.45721E+14,XaZbA,,GSF prg in st B grn - mnth prg,,,,Gold standards framework prognostic indicator stage B (green) - months prognosis (finding)
Palliative care,8.45751E+14,XaZbD,,GSF prg in stg C ylw - wks prg,,,,Gold standards framework prognostic indicator stage C (yellow) - weeks prognosis (finding)
Palliative care,8.45771E+14,XaZbE,,GSF prg ind stg D rd - day prg,,,,Gold standards framework prognostic indicator stage D (red) - days prognosis (finding)
Palliative care,8.46161E+14,XaZbi,,Palliative cre hndvr frm cmplt,,,,Palliative care handover form completed (finding)
Palliative care,8.46841E+14,XaZcg,,Currnt palliativ oncolgy treat,,,,Current palliative oncology treatment (record artifact)
Palliative care,8.47771E+14,XaZe1,,End of life care pathway,,,,End of life care pathway (regime/therapy)
Palliative care,8.50951E+14,XaZhw,,Undr care palativ speclst nurs,,,,Under care of palliative care specialist nurse (finding)
Palliative care,8.71021E+14,XaaD3,,Prscrpt paltiv care anticp med,,,,Prescription of palliative care anticipatory medication (procedure)
Palliative care,8.74311E+14,XaaIR,,ICP for end of life,,,,Integrated care priorities for end of life (regime/therapy)
Palliative care,182964004,Y75YH,qof-palliative,Terminal care,,,,Terminal care
Palliative care,5.14591E+14,YMJ54,qof-palliative,Form DS1500 completed,,,,Completion of DS1500 terminal illness medical report
Palliative care,306237005,YaZcq,qof-palliative,Ref to palliative care service,,,,Referral for palliative care
Palliative care,2.01511E+14,YaoPZ,qof-palliative,Under palliative care serv,,,,Under care of palliative care service (finding)
Palliative care,8.73411E+14,YapjG,qof-palliative,Liverpool care pathway dying,,,,Liverpool care pathway for the dying
Palliative care,719240009,YatIZ,qof-palliative,Has end lif car pathw key wrkr,,,,Has end of life care key worker (finding)
Palliative care,719238004,YatIh,qof-palliative,Has end lif car pthwy key nurs,,,,Has end of life care key nurse (finding)
Palliative care,8.18221E+14,Yav7Q,qof-palliative,On LCP for the dying,,,,On Liverpool care pathway for the dying (finding)
Palliative care,8.54021E+14,YavkZ,qof-palliative,Amb serv not pt on EoL registr,,,,Ambulance service notified of patient on end of life care register (finding)
Palliative care,9.01741E+14,YawqI,qof-palliative,PCOC Assessment Toolkit,,,,Palliative Care Outcomes Collaboration Assessment Toolkit (assessment scale)
Palliative care,9.55231E+14,YaxwR,qof-palliative,Last weeks of life,,,,Last weeks of life (finding)
Palliative care,9.68211E+14,YayAc,qof-palliative,Last months of life,,,,Last months of life (finding)
Palliative care,4.70191E+14,ZV57C,,[V]Palliative care,,,,[V]Palliative care (situation)
Parkinsonism & tremor,163672003,297A.,efi-parkinsons,O/E - Parkinsonian tremor,,,,O/E - Parkinsonian tremor
Parkinsonism & tremor,163681009,2987,efi-parkinsons,O/E -Parkinson flexion posture,,,,O/E -Parkinson flexion posture
Parkinsonism & tremor,268964003,2994,efi-parkinsons,O/E - festination (& [Parkinson gait]),,,,O/E-festination-Parkinson gait
Parkinsonism & tremor,38523005,A94y1,efi-parkinsons,Syphilitic parkinsonism,,,,Syphilitic parkinsonism
Parkinsonism & tremor,80098002,F116.00,mar-parkinsons,Lewy body disease,,,,Diffuse Lewy body disease
Parkinsonism & tremor,49049000,F12..,efi-parkinsons,Parkinson's disease,,,,Parkinson's disease
Parkinsonism & tremor,4223005,F121.,efi-parkinsons,Drug-induced parkinsonism,,,,Parkinsonism due to drug
Parkinsonism & tremor,230226000,F13..,efi-parkinsons,Extrapyramid dis: [excl Parkinson][oth and abn movem disord],,,,System disorders of the nervous system
Parkinsonism & tremor,76349003,F13..,efi-parkinsons,Extrapyramid dis: [excl Parkinson][oth and abn movem disord],,,,Extrapyramidal disease
Parkinsonism & tremor,4.08581E+14,F13..,efi-parkinsons,Extrapyramid dis: [excl Parkinson][oth and abn movem disord],,,,[X]Extrapyramidal and movement disorders (disorder)
Parkinsonism & tremor,230292008,Fyu21,efi-parkinsons,[X]Other secondary parkinsonism,,,,Secondary parkinsonism
Parkinsonism & tremor,26079004,R0103,efi-parkinsons,[D]Tremor NOS,,,,Tremor
Parkinsonism & tremor,430136001,TJ64.,efi-parkinsons,Adverse reaction to antiparkinsonism drug,,,,Adverse reaction to antiparkinsonism drug (disorder)
Parkinsonism & tremor,292409004,U6067,efi-parkinsons,[X]Antiparkinsonism drugs caus advers effects in therap use,,,,Selegiline adverse reaction
Parkinsonism & tremor,292542000,U6067,efi-parkinsons,[X]Antiparkinsonism drugs caus advers effects in therap use,,,,Orphenadrine adverse reaction
Parkinsonism & tremor,292266007,U6067,efi-parkinsons,[X]Antiparkinsonism drugs caus advers effects in therap use,,,,Levodopa adverse reaction
Parkinsonism & tremor,4.47741E+14,U6067,efi-parkinsons,[X]Antiparkinsonism drugs caus advers effects in therap use,,,,"[X]Drugs, medicaments and biological substances causing adverse effects in therapeutic use (disorder)"
Parkinsonism & tremor,292527003,U6067,efi-parkinsons,[X]Antiparkinsonism drugs caus advers effects in therap use,,,,Biperiden adverse reaction
Parkinsonism & tremor,292269000,U6067,efi-parkinsons,[X]Antiparkinsonism drugs caus advers effects in therap use,,,,Amantadine adverse reaction
Parkinsonism & tremor,292535000,U6067,efi-parkinsons,[X]Antiparkinsonism drugs caus advers effects in therap use,,,,Benzhexol adverse reaction
Parkinsonism & tremor,292258003,U6067,efi-parkinsons,[X]Antiparkinsonism drugs caus advers effects in therap use,,,,Drug groups primarily affect central nervous system adv reac
Parkinsonism & tremor,312991009,X003A,efi-parkinsons,Lewy body disease,,,,Senile dementia of the Lewy body type
Parkinsonism & tremor,32798002,X003Z,efi-parkinsons,Disorders presenting primarily with parkinsonism,,,,Parkinsonism
Parkinsonism & tremor,230296006,X003j,efi-parkinsons,Vascular parkinsonism,,,,Vascular parkinsonism
Parkinsonism & tremor,248149005,X7684,efi-parkinsons,Expressionless face,,,,Expressionless face
Parkinsonism & tremor,248208000,X769G,efi-parkinsons,Parkinsonian facies,,,,Parkinsonian facies
Parkinsonism & tremor,250053004,X76px,efi-parkinsons,Parkinsonian ataxia,,,,Parkinsonian ataxia
Parkinsonism & tremor,271704002,XM04E,efi-parkinsons,Parkinsonian flexion posture,,,,Parkinsonian flexion posture
Parkinsonism & tremor,283875005,Xa2VZ,efi-parkinsons,Parkinson's disease nurse,,,,Parkinson's disease nurse
Parkinsonism & tremor,304535004,Xa9zw,efi-parkinsons,Parkinsonian features,,,,Parkinsonian features
Parkinsonism & tremor,308909003,XaBfN,efi-parkinsons,Parkinsonian tremor,,,,Parkinsonian tremor
Parkinsonism & tremor,3.41551E+14,XaOfZ,efi-parkinsons,Cerebral degeneration in Parkinson's disease,,,,Cerebral degeneration in Parkinson's disease (disorder)
Parkinsonism & tremor,5.15841E+14,XaQwf,efi-parkinsons,History of Parkinson's disease,,,,History of Parkinson's disease (situation)
Parkinsonism & tremor,5.15851E+14,XaQwg,efi-parkinsons,History of parkinsonism,,,,History of parkinsonism (situation)
Peptic ulcer disease,275547005,14C1.,efi-peptic_ulcer,H/O: peptic ulcer (& [duodenal] or [gastric]),5,,,H/O: duodenal ulcer
Peptic ulcer disease,266998003,14C1.,efi-peptic_ulcer,H/O: peptic ulcer (& [duodenal] or [gastric]),5,,,H/O: peptic ulcer
Peptic ulcer disease,275548000,14C1.,efi-peptic_ulcer,H/O: peptic ulcer (& [duodenal] or [gastric]),5,,,H/O: gastric ulcer
Peptic ulcer disease,162033007,1956,efi-peptic_ulcer,Peptic ulcer symptoms,5,,,Peptic ulcer symptoms
Peptic ulcer disease,173841001,761J.,efi-peptic_ulcer,Gastric ulcer operation,5,,,Gastric ulcer operation
Peptic ulcer disease,173842008,761J0,efi-peptic_ulcer,Closure of perforated gastric ulcer,5,,,Closure of perforated gastric ulcer
Peptic ulcer disease,173887007,7627,efi-peptic_ulcer,Duodenal ulcer operation,5,,,Duodenal ulcer operation
Peptic ulcer disease,173889005,76270,efi-peptic_ulcer,Closure of perforated duodenal ulcer,5,,,Closure of perforated duodenal ulcer
Peptic ulcer disease,307260009,76271,efi-peptic_ulcer,Suture of duodenal ulcer not elsewhere classified,5,,,Suture of duodenal ulcer
Peptic ulcer disease,245754007,J1020,efi-peptic_ulcer,Gastro-oesophageal reflux disease with ulceration,5,,,Gastro-oesophageal reflux disease with ulceration
Peptic ulcer disease,6129004,J1020,efi-peptic_ulcer,Gastro-oesophageal reflux disease with ulceration,5,,,Peptic ulcer of esophagus
Peptic ulcer disease,439955006,J1020,efi-peptic_ulcer,Gastro-oesophageal reflux disease with ulceration,5,,,Ulcerative esophagitis (disorder)
Peptic ulcer disease,39204006,J11..,efi-peptic_ulcer,Gastric ulcer (& [prepyloric] or [pyloric]),5,,,Pyloric ulcer
Peptic ulcer disease,397825006,J11..,efi-peptic_ulcer,Gastric ulcer (& [prepyloric] or [pyloric]),5,,,Gastric ulcer (disorder)
Peptic ulcer disease,22620000,J11..,efi-peptic_ulcer,Gastric ulcer (& [prepyloric] or [pyloric]),5,,,Prepyloric ulcer
Peptic ulcer disease,95529005,J110.,efi-peptic_ulcer,Acute gastric ulcer,5,,,Acute gastric ulcer
Peptic ulcer disease,89748001,J1101,efi-peptic_ulcer,Acute gastric ulcer with haemorrhage,5,,,Acute gastric ulcer with hemorrhage
Peptic ulcer disease,19850005,J1102,efi-peptic_ulcer,Acute gastric ulcer with perforation,5,,,Acute gastric ulcer with perforation
Peptic ulcer disease,48974009,J1103,efi-peptic_ulcer,Acute gastric ulcer with haemorrhage and perforation,5,,,Acute gastric ulcer with hemorrhage AND perforation
Peptic ulcer disease,196632005,J1104,efi-peptic_ulcer,Acute gastric ulcer with obstruction,5,,,Acute gastric ulcer with obstruction
Peptic ulcer disease,95530000,J111.,efi-peptic_ulcer,Chronic gastric ulcer,5,,,Chronic gastric ulcer
Peptic ulcer disease,57246001,J1111,efi-peptic_ulcer,Chronic gastric ulcer with haemorrhage,5,,,Chronic gastric ulcer with hemorrhage
Peptic ulcer disease,31301004,J1112,efi-peptic_ulcer,Chronic gastric ulcer with perforation,5,,,Chronic gastric ulcer with perforation
Peptic ulcer disease,196639001,J1114,efi-peptic_ulcer,Chronic gastric ulcer with obstruction,5,,,Chronic gastric ulcer with obstruction
Peptic ulcer disease,15902003,J11y1,efi-peptic_ulcer,Unspecified gastric ulcer with haemorrhage,5,,,Gastric ulcer with hemorrhage
Peptic ulcer disease,9829001,J11y2,efi-peptic_ulcer,Unspecified gastric ulcer with perforation,5,,,Gastric ulcer with perforation
Peptic ulcer disease,235652004,J11z.,efi-peptic_ulcer,Gastric: [erosions] or [multiple ulcers] or [ulcer NOS],5,,,Multiple gastric erosions
Peptic ulcer disease,313425006,J11z.,efi-peptic_ulcer,Gastric: [erosions] or [multiple ulcers] or [ulcer NOS],5,,,Multiple gastric ulcers
Peptic ulcer disease,51868009,J12..,efi-peptic_ulcer,Duodenal ulcer,5,,,Duodenal ulcer disease
Peptic ulcer disease,196652006,J120.,efi-peptic_ulcer,Acute duodenal ulcer,5,,,Acute duodenal ulcer
Peptic ulcer disease,12847006,J1201,efi-peptic_ulcer,Acute duodenal ulcer with haemorrhage,5,,,Acute duodenal ulcer with hemorrhage
Peptic ulcer disease,61347001,J1202,efi-peptic_ulcer,Acute duodenal ulcer with perforation,5,,,Acute duodenal ulcer with perforation
Peptic ulcer disease,86895006,J1203,efi-peptic_ulcer,Acute duodenal ulcer with haemorrhage and perforation,5,,,Acute duodenal ulcer with hemorrhage AND perforation
Peptic ulcer disease,128286008,J121.,efi-peptic_ulcer,Chronic duodenal ulcer,5,,,Chronic duodenal ulcer
Peptic ulcer disease,89469000,J1211,efi-peptic_ulcer,Chronic duodenal ulcer with haemorrhage,5,,,Chronic duodenal ulcer with hemorrhage
Peptic ulcer disease,49916007,J1212,efi-peptic_ulcer,Chronic duodenal ulcer with perforation,5,,,Chronic duodenal ulcer with perforation
Peptic ulcer disease,36975000,J1213,efi-peptic_ulcer,Chronic duodenal ulcer with haemorrhage and perforation,5,,,Chronic duodenal ulcer with hemorrhage AND perforation
Peptic ulcer disease,196666001,J1214,efi-peptic_ulcer,Chronic duodenal ulcer with obstruction,5,,,Chronic duodenal ulcer with obstruction
Peptic ulcer disease,196671008,J124.,efi-peptic_ulcer,Recurrent duodenal ulcer,5,,,Recurrent duodenal ulcer
Peptic ulcer disease,27281001,J12y1,efi-peptic_ulcer,Unspecified duodenal ulcer with haemorrhage,5,,,Duodenal ulcer with hemorrhage
Peptic ulcer disease,88968005,J12y2,efi-peptic_ulcer,Unspecified duodenal ulcer with perforation,5,,,Duodenal ulcer with perforation
Peptic ulcer disease,8.49601E+14,J12y4,efi-peptic_ulcer,Unspecified duodenal ulcer with obstruction,5,,,Duodenal ulcer with obstruction
Peptic ulcer disease,13200003,J13..,efi-peptic_ulcer,Ulcer: [peptic (PU) site unspecified] or [stress NOS],5,,,Peptic ulcer
Peptic ulcer disease,196682000,J130.,efi-peptic_ulcer,Acute peptic ulcer,5,,,Acute peptic ulcer
Peptic ulcer disease,12274003,J1301,efi-peptic_ulcer,Acute peptic ulcer with haemorrhage,5,,,Acute peptic ulcer with hemorrhage
Peptic ulcer disease,79118000,J1302,efi-peptic_ulcer,Acute peptic ulcer with perforation,5,,,Acute peptic ulcer with perforation
Peptic ulcer disease,111353003,J1303,efi-peptic_ulcer,Acute peptic ulcer with haemorrhage and perforation,5,,,Acute peptic ulcer with hemorrhage and perforation
Peptic ulcer disease,128287004,J131.,efi-peptic_ulcer,Chronic peptic ulcer,5,,,Chronic peptic ulcer
Peptic ulcer disease,49232000,J1311,efi-peptic_ulcer,Chronic peptic ulcer with haemorrhage,5,,,Chronic peptic ulcer with hemorrhage
Peptic ulcer disease,3483000,J1312,efi-peptic_ulcer,Chronic peptic ulcer with perforation,5,,,Chronic peptic ulcer with perforation
Peptic ulcer disease,16121001,J14..,efi-peptic_ulcer,Ulcer: [gastrojej]/[anast]/[gastrocol]/[jej]/[margin]/[stom],5,,,Gastrojejunal ulcer
Peptic ulcer disease,24060004,J14..,efi-peptic_ulcer,Ulcer: [gastrojej]/[anast]/[gastrocol]/[jej]/[margin]/[stom],5,,,Gastrocolic ulcer
Peptic ulcer disease,54822007,J14..,efi-peptic_ulcer,Ulcer: [gastrojej]/[anast]/[gastrocol]/[jej]/[margin]/[stom],5,,,Jejunal ulcer
Peptic ulcer disease,63954007,J1401,efi-peptic_ulcer,Acute gastrojejunal ulcer with haemorrhage,5,,,Acute gastrojejunal ulcer with hemorrhage
Peptic ulcer disease,62838000,J1411,efi-peptic_ulcer,Chronic gastrojejunal ulcer with haemorrhage,5,,,Chronic gastrojejunal ulcer with hemorrhage
Peptic ulcer disease,196775009,J17y8,efi-peptic_ulcer,Healed gastric ulcer leaving a scar,5,,,Healed gastric ulcer leaving a scar
Peptic ulcer disease,197252006,J57y8,efi-peptic_ulcer,Primary ulcer of intestine,5,,,Primary ulcer of intestine
Peptic ulcer disease,235232008,X20VN,efi-peptic_ulcer,Oversewing perforated gastric ulcer,5,,,Oversewing perforated gastric ulcer
Peptic ulcer disease,35892001,X20Vu,efi-peptic_ulcer,Oversewing perforated duodenal ulcer,5,,,Oversewing of perforated duodenal ulcer
Peptic ulcer disease,235647009,X301E,efi-peptic_ulcer,Acute peptic ulcer of stomach,5,,,Acute peptic ulcer of stomach
Peptic ulcer disease,235648004,X301F,efi-peptic_ulcer,Acute drug-induced ulcer of stomach,5,,,Acute drug-induced ulcer of stomach
Peptic ulcer disease,415624002,X301G,efi-peptic_ulcer,Stress ulcer of stomach,5,,,Stress ulcer of stomach (disorder)
Peptic ulcer disease,235649007,X301J,efi-peptic_ulcer,Chronic peptic ulcer of stomach,5,,,Chronic peptic ulcer of stomach
Peptic ulcer disease,235687004,X302A,efi-peptic_ulcer,Acute peptic ulcer of duodenum,5,,,Acute peptic ulcer of duodenum
Peptic ulcer disease,235691009,X302F,efi-peptic_ulcer,Chronic peptic ulcer of duodenum,5,,,Chronic peptic ulcer of duodenum
Peptic ulcer disease,398177004,X302X,efi-peptic_ulcer,Peptic ulcer of stomach,5,,,Peptic ulcer of stomach (disorder)
Peptic ulcer disease,88169003,XM0sI,efi-peptic_ulcer,Perforated peptic ulcer,5,,,Peptic ulcer with perforation
Peptic ulcer disease,287811008,Xa3ti,efi-peptic_ulcer,Perforated peptic ulcer closure,5,,,Perforated peptic ulcer closure
Peptic ulcer disease,287832000,Xa3u7,efi-peptic_ulcer,Stomach ulcer excision,5,,,Stomach ulcer excision
Peptic ulcer disease,307190008,XaB15,efi-peptic_ulcer,Laparoscopic closure of perforated gastric ulcer,5,,,Laparoscopic closure of perforated gastric ulcer
Peptic ulcer disease,307510004,XaB8q,efi-peptic_ulcer,Oversewing of bleeding duodenal ulcer,5,,,Oversewing of bleeding duodenal ulcer
Peptic ulcer disease,307556007,XaB9d,efi-peptic_ulcer,Repair of perforated pyloric ulcer,5,,,Repair of perforated pyloric ulcer
Peptic ulcer disease,307557003,XaB9e,efi-peptic_ulcer,Omental patch repair of perforated pyloric ulcer,5,,,Omental patch repair of perforated pyloric ulcer
Peptic ulcer disease,308882008,XaBel,efi-peptic_ulcer,Bleeding stress ulcer of stomach,5,,,Bleeding stress ulcer of stomach
Peptic ulcer disease,309215004,XaBlw,efi-peptic_ulcer,Gastric ulcer sample,5,,,Gastric ulcer sample
Peptic ulcer disease,64121000,XaBmb,efi-peptic_ulcer,Bleeding peptic ulcer,5,,,Peptic ulcer with hemorrhage
Peptic ulcer disease,4.12191E+14,XaCLu,efi-peptic_ulcer,[V] Personal history of gastric ulcer,5,,,[V] Personal history of gastric ulcer (situation)
Peptic ulcer disease,314627002,XaFBq,efi-peptic_ulcer,Endoscopic injection haemostasis of duodenal ulcer,5,,,Endoscopic injection haemostasis of duodenal ulcer
Peptic ulcer disease,314629004,XaFBs,efi-peptic_ulcer,Endoscopic injection haemostasis of gastric ulcer,5,,,Endoscopic injection haemostasis of gastric ulcer
Peptic ulcer disease,424301005,XaLWq,efi-peptic_ulcer,Anti-platelet induced gastric ulcer,5,,,Gastric ulcer induced by anti-platelet agent (disorder)
Peptic ulcer disease,423643000,XaLWs,efi-peptic_ulcer,Anti-platelet induced duodenal ulcer,5,,,Duodenal ulcer induced by anti-platelet agent (disorder)
Peptic ulcer disease,2.26891E+14,XaLdV,efi-peptic_ulcer,Oversew of blood vessel of duodenal ulcer,5,,,Oversew of blood vessel of duodenal ulcer (procedure)
Peptic ulcer disease,2.48891E+14,XaMO5,efi-peptic_ulcer,Non steroidal anti inflammatory drug induced gastric ulcer,5,,,Non-steroidal anti-inflammatory drug induced gastric ulcer (disorder)
Peptic ulcer disease,722200003,XaMO7,efi-peptic_ulcer,Non steroidal anti inflammatory drug induced duodenal ulcer,5,,,Duodenal ulcer caused by non-steroidal anti-inflammatory drug (disorder)
Peptic ulcer disease,2.48901E+14,XaMO7,efi-peptic_ulcer,Non steroidal anti inflammatory drug induced duodenal ulcer,5,,,Non-steroidal anti-inflammatory drug induced duodenal ulcer (disorder)
Peptic ulcer disease,266997008,ZV127,efi-peptic_ulcer,[V]Pers hist digest syst disease (& [pept ulcer (& [duod])]),5,,,H/O: gastrointestinal disease
Peripheral neuropathy,9.44141E+14,1M8..00,mar-diabetes,diabetic peripheral neuropathic pain,,,,Diabetic peripheral neuropathic pain (finding)
Peripheral neuropathy,163745001,29H2.,efi-peri_neuro,O/E - vibration sense reduced,,,,O/E - vibration sense reduced
Peripheral neuropathy,163746000,29H3.,efi-peri_neuro,O/E - vibration sense absent,,,,O/E - vibration sense absent
Peripheral neuropathy,473208009,66Av.00,mar-diabetes,diabetic assessment of erectile dysfunction,,,,Assessment of diabetic erectile dysfunction (procedure)
Peripheral neuropathy,76462000,A5313,efi-peri_neuro,Post-herpetic polyneuropathy,,,,Post-herpetic polyneuropathy
Peripheral neuropathy,49455004,C106.,efi-diabetes,Diab mell + neuro manif: (& [amyotroph][neurop][polyneurop]),,,,Diabetic polyneuropathy
Peripheral neuropathy,39058009,C106.11,mar-diabetes,diabetic amyotrophy,,,,Diabetic amyotrophy
Peripheral neuropathy,230572002,C106.13,mar-diabetes,diabetes mellitus with polyneuropathy,,,,Diabetic neuropathy
Peripheral neuropathy,420918009,C108B00,mar-diabetes,insulin dependent diabetes mellitus with mononeuropathy,,,,Mononeuropathy associated with type I diabetes mellitus (disorder)
Peripheral neuropathy,7.1771E+13,C108J11,mar-diabetes,type i diabetes mellitus with neuropathic arthropathy,,,,Type 1 diabetes mellitus with neuropathic arthropathy
Peripheral neuropathy,420436000,C109A11,mar-diabetes,type ii diabetes mellitus with mononeuropathy,,,,Mononeuropathy associated with type II diabetes mellitus (disorder)
Peripheral neuropathy,713706002,C109B00,mar-diabetes,non-insulin dependent diabetes mellitus with polyneuropathy,,,,Polyneuropathy due to type 2 diabetes mellitus
Peripheral neuropathy,230577008,C10EB00,mar-diabetes,type 1 diabetes mellitus with mononeuropathy,,,,Diabetic mononeuropathy
Peripheral neuropathy,713705003,C10EC00,mar-diabetes,type 1 diabetes mellitus with polyneuropathy,,,,Polyneuropathy due to type 1 diabetes mellitus
Peripheral neuropathy,314904008,C10FH00,mar-diabetes,type 2 diabetes mellitus with neuropathic arthropathy,,,,Type II diabetes mellitus with neuropathic arthropathy
Peripheral neuropathy,86489003,F170.,efi-peri_neuro,Idiopathic peripheral autonomic neuropathy,,,,Idiopathic peripheral autonomic neuropathy
Peripheral neuropathy,128123007,F171.,efi-peri_neuro,Peripheral autonomic neuropathy disease EC,,,,Disorder of peripheral autonomic nervous system
Peripheral neuropathy,50620007,F171100,mar-diabetes,autonomic neuropathy due to diabetes,,,,Diabetic autonomic neuropathy
Peripheral neuropathy,11060002,F171z,efi-peri_neuro,Peripheral autonomic neuropathy due to disease NOS,,,,Disease related peripheral neuropathy
Peripheral neuropathy,193141005,F345000,mar-diabetes,diabetic mononeuritis multiplex,,,,Diabetic mononeuritis multiplex
Peripheral neuropathy,128189008,F35z.,efi-peri_neuro,(Mononeurit unsp site NOS) or (hered/idiop periph neuropath),,,,Mononeuropathy
Peripheral neuropathy,32595002,F35z.,efi-peri_neuro,(Mononeurit unsp site NOS) or (hered/idiop periph neuropath),,,,Mononeuritis
Peripheral neuropathy,302226006,F35z.,efi-peri_neuro,(Mononeurit unsp site NOS) or (hered/idiop periph neuropath),,,,Peripheral nerve disease
Peripheral neuropathy,33209009,F364.,efi-peri_neuro,Idiopathic progressive polyneuropathy,,,,Idiopathic progressive polyneuropathy
Peripheral neuropathy,42345000,F366.,efi-peri_neuro,Polyneuropathy,,,,Polyneuropathy
Peripheral neuropathy,22722001,F36y.,efi-peri_neuro,Other idiopathic peripheral neuropathy,,,,Idiopathic peripheral neuropathy
Peripheral neuropathy,230655004,F36y.,efi-peri_neuro,Other idiopathic peripheral neuropathy,,,,Idiopathic chronic neuropathy
Peripheral neuropathy,193177003,F371.,efi-peri_neuro,Polyneuropathy in collagen vascular disease,,,,Polyneuropathy in collagen vascular disease
Peripheral neuropathy,193180002,F3712,efi-peri_neuro,Polyneuropathy in rheumatoid arthritis,,,,Polyneuropathy in rheumatoid arthritis
Peripheral neuropathy,193183000,F3720,efi-peri_neuro,Acute painful diabetic neuropathy,,,,Acute painful diabetic neuropathy
Peripheral neuropathy,193184006,F372100,mar-diabetes,chronic painful diabetic neuropathy,,,,Chronic painful diabetic neuropathy
Peripheral neuropathy,193185007,F372200,mar-diabetes,asymptomatic diabetic neuropathy,,,,Asymptomatic diabetic neuropathy
Peripheral neuropathy,77659000,F373.,efi-peri_neuro,Carcinomatous neuropathy,,,,Paraneoplastic neuropathy
Peripheral neuropathy,193186008,F374.,efi-peri_neuro,Polyneuropathy in disease EC,,,,Polyneuropathy in disease EC
Peripheral neuropathy,79389008,F3741,efi-peri_neuro,Neuropathy due to vitamin B1 deficiency,,,,Beriberi neuropathy
Peripheral neuropathy,193188009,F3742,efi-peri_neuro,Polyneuropathy in vitamin B deficiency,,,,Polyneuropathy in vitamin B deficiency
Peripheral neuropathy,193190005,F3744,efi-peri_neuro,Polyneuropathy in herpes zoster,,,,Polyneuropathy in herpes zoster
Peripheral neuropathy,193195000,F3749,efi-peri_neuro,Sarcoid neuropathy,,,,Sarcoid neuropathy
Peripheral neuropathy,193196004,F374A,efi-peri_neuro,Uraemic polyneuropathy,,,,Uremic polyneuropathy
Peripheral neuropathy,7916009,F375.,efi-peri_neuro,Alcohol-related polyneuropathy,,,,Alcoholic polyneuropathy
Peripheral neuropathy,7339009,F376.,efi-peri_neuro,Drug-related polyneuropathy,,,,Polyneuropathy due to drug
Peripheral neuropathy,45600000,F377.,efi-peri_neuro,Other toxic agent polyneuropathy,,,,"Toxic neuropathy, NOS"
Peripheral neuropathy,267601009,F37y.,efi-peri_neuro,Other toxic or inflammatory neuropathy,,,,Inflammatory and toxic neuropathy
Peripheral neuropathy,267604001,F381300,mar-diabetes,myasthenic syndrome due to diabetic amyotrophy,,,,Myasthenic syndrome due to diabetic amyotrophy
Peripheral neuropathy,230571009,Fyu75,efi-peri_neuro,[X]Polyneuropathy/other endocrine+metabolic diseases CE,,,,Neuropathy associated with endocrine disorder
Peripheral neuropathy,21018002,Fyu7B,efi-peri_neuro,"[X]Inflammatory polyneuropathy, unspecified",,,,Inflammatory neuropathy
Peripheral neuropathy,76886005,Fyu7B,efi-peri_neuro,"[X]Inflammatory polyneuropathy, unspecified",,,,Polyneuritis
Peripheral neuropathy,15241006,FyuAC,efi-peri_neuro,[X]Autonomic neuropathy/endocrine+metabolic diseases CE,,,,Disorder of autonomic nervous system
Peripheral neuropathy,8.67891E+14,K27y700,mar-diabetes,erectile dysfunction due to diabetes mellitus,,,,Erectile dysfunction due to diabetes mellitus (disorder)
Peripheral neuropathy,201251005,M271100,mar-diabetes,neuropathic diabetic ulcer - foot,,,,Neuropathic diabetic ulcer - foot
Peripheral neuropathy,128207002,X00AO,efi-peri_neuro,Giant axonal neuropathy,,,,Giant axonal neuropathy
Peripheral neuropathy,128209004,X00AW,efi-peri_neuro,Chronic inflammatory demyelinating polyradiculoneuropathy,,,,CIDP
Peripheral neuropathy,230564004,X00AX,efi-peri_neuro,Chr inflamm demyelinat polyradiculoneuropathy with cns demye,,,,Chronic inflammatory demyelinating polyradiculoneuropathy with central nervous system demyelination
Peripheral neuropathy,54509008,X00Aa,efi-peri_neuro,Neuropathy due to deficiency syndrome,,,,Vitamin deficiency related neuropathy
Peripheral neuropathy,230567006,X00Ab,efi-peri_neuro,Neuropathy due to folic acid deficiency,,,,Neuropathy due to folic acid deficiency
Peripheral neuropathy,126534007,X00Ah,efi-peri_neuro,Diabetic distal sensorimotor polyneuropathy,,,,Diabetic mixed sensory-motor polyneuropathy
Peripheral neuropathy,230574001,X00Ai,efi-peri_neuro,Diabetic acute painful polyneuropathy,,,,Diabetic acute painful polyneuropathy
Peripheral neuropathy,230575000,X00Aj,efi-peri_neuro,Diabetic chronic painful polyneuropathy,,,,Diabetic chronic painful polyneuropathy
Peripheral neuropathy,230580009,X00Ao,efi-peri_neuro,Myxoedema neuropathy,,,,Myxedema neuropathy
Peripheral neuropathy,230590001,X00Ax,efi-peri_neuro,Neuropathy in benign monoclonal gammopathy,,,,Neuropathy in benign monoclonal gammopathy
Peripheral neuropathy,230591002,X00Ay,efi-peri_neuro,Motor neuropathy with multiple conduction block,,,,MMN - Motor neuropathy with multiple conduction block
Peripheral neuropathy,230592009,X00Az,efi-peri_neuro,Neuropathy with anti-GM1 antibodies,,,,Neuropathy with anti-GM1 antibodies
Peripheral neuropathy,79268002,X00B0,efi-peri_neuro,Polyneuropathy organomegaly endocrinop monoc gam+skin chang,,,,POEMS syndrome
Peripheral neuropathy,230594005,X00B2,efi-peri_neuro,Critical illness polyneuropathy,,,,Critical illness polyneuropathy
Peripheral neuropathy,230595006,X00B3,efi-peri_neuro,Neuropathy due to infection,,,,Neuropathy due to infection
Peripheral neuropathy,230599000,X00B8,efi-peri_neuro,Ischaemic neuropathy,,,,Ischaemic neuropathy
Peripheral neuropathy,230607004,X00BH,efi-peri_neuro,Neuropathy caused by chemical substance,,,,Neuropathy caused by chemical substance
Peripheral neuropathy,230656003,X00CG,efi-peri_neuro,Demyelinating sensorimotor neuropathy,,,,Demyelinating sensorimotor neuropathy
Peripheral neuropathy,230657007,X00CH,efi-peri_neuro,Axonal sensorimotor neuropathy,,,,Axonal sensorimotor neuropathy
Peripheral neuropathy,230658002,X00CI,efi-peri_neuro,Chronic idiopathic ataxic neuropathy,,,,Chronic idiopathic ataxic neuropathy
Peripheral neuropathy,247398009,X75sy,efi-peri_neuro,Neuropathic pain,,,,Neuropathic pain
Peripheral neuropathy,386033004,XC0eJ,efi-peri_neuro,Neuropathy,,,,Neuropathy (disorder)
Peripheral neuropathy,42658009,XE18L,efi-peri_neuro,Neuropathy: [peripheral] or [polyneuropathy],,,,Disorder of the peripheral nervous system
Peripheral neuropathy,277879009,Xa0YH,efi-peri_neuro,Autonomic neuropathy,,,,Autonomic neuropathy
Peripheral neuropathy,361216007,Xa0lK,efi-diabetes,Diabetic (femoral mononeuropathy) & (Diabetic amyotrophy),,,,Diabetic femoral mononeuropathy
Peripheral neuropathy,279981003,Xa1G9,efi-peri_neuro,Peripheral neuropathic pain,,,,Peripheral neuropathic pain
Peripheral neuropathy,302225005,Xa8Hz,efi-peri_neuro,Polyneuropathy and mononeuropathy,,,,Polyneuropathy and mononeuropathy
Peripheral neuropathy,309520003,XaBtQ,efi-peri_neuro,Symmetrical sensory neuropathy,,,,Symmetrical sensory neuropathy
Peripheral neuropathy,359837005,XaIrg,efi-peri_neuro,Ulnar neuropathy,,,,Ulnar neuropathy
Peripheral neuropathy,713702000,XaKyW,efi-diabetes,Type 1 diabetes mellitus with gastroparesis,,,,Gastroparesis due to type 1 diabetes mellitus
Peripheral neuropathy,713703005,XaKyX,efi-diabetes,Type II diabetes mellitus with gastroparesis,,,,Gastroparesis due to type 2 diabetes mellitus (disorder)
Peripheral neuropathy,7.73001E+14,XaXbW,efi-peri_neuro,Symptomatic diabetic peripheral neuropathy,,,,Symptomatic diabetic peripheral neuropathy (disorder)
Peripheral neuropathy,421468001,Y41P4,qof-diabetes,Diab.mell.+neuropathy-juvenile,,,,Neurological disorder associated with type I diabetes mellitus (disorder)
Peripheral neuropathy,201724008,Yagvs,qof-diabetes,IDDM with neuropath arthropath,,,,Diabetic Charcot's arthropathy
Peripheral vascular disease,163109009,24E9.,efi-pvd,O/E - R.dorsalis pedis absent,,,,O/E - R.dorsalis pedis absent
Peripheral vascular disease,163121008,24F9.,efi-pvd,O/E - L.dorsalis pedis absent,,,,O/E - L.dorsalis pedis absent
Peripheral vascular disease,307408003,2G63.00,mar-cardiovascular,Ischaemic toe,,,,Ischaemic toe
Peripheral vascular disease,186423003,A3A0F00,mar-cardiovascular,Gas gangrene-foot,,,,Gas gangrene-foot
Peripheral vascular disease,421895002,C107.00,mar-cardiovascular,Diabetes mellitus with peripheral circulatory disorder,,,,Peripheral circulatory disorder associated with diabetes mellitus (disorder)
Peripheral vascular disease,422275004,C107.11,mar-diabetes,diabetes mellitus with gangrene,,,,Gangrene associated with diabetes mellitus (disorder)
Peripheral vascular disease,422166005,C107100,mar-cardiovascular,"Diabetes mellitus, adult, + peripheral circulatory disorder",,,,Peripheral circulatory disorder associated with type II diabetes mellitus (disorder)
Peripheral vascular disease,421631007,C107200,mar-diabetes,"diabetes mellitus, adult with gangrene",,,,Gangrene associated with type II diabetes mellitus (disorder)
Peripheral vascular disease,421365002,C107300,mar-cardiovascular,IDDM with peripheral circulatory disorder,,,,Peripheral circulatory disorder associated with type I diabetes mellitus (disorder)
Peripheral vascular disease,190369008,C1086,efi-pvd,Type I diabetes mellitus with gangrene,,,,Type 1 diabetes mellitus with gangrene
Peripheral vascular disease,190390000,C109511,mar-diabetes,type ii diabetes mellitus with gangrene,,,,Type II diabetes mellitus with gangrene
Peripheral vascular disease,314902007,C109F00,mar-cardiovascular,Non-insulin-dependent d m with peripheral angiopath,,,,Type II diabetes mellitus with peripheral angiopathy
Peripheral vascular disease,190410002,C10A500,mar-diabetes,malnutritn-relat diabetes melitus wth periph circul complctn,,,,Malnutrition-related diabetes mellitus with peripheral circulatory complications
Peripheral vascular disease,420825003,C10E600,mar-diabetes,type 1 diabetes mellitus with gangrene,,,,Gangrene associated with type I diabetes mellitus (disorder)
Peripheral vascular disease,3.1211E+13,C10EG00,mar-cardiovascular,Type 1 diabetes mellitus with peripheral angiopathy,,,,Peripheral vascular disease due to type I diabetes
Peripheral vascular disease,64586002,G634.,efi-cvd,Carotid artery stenosis,,,,Carotid artery stenosis
Peripheral vascular disease,55382008,G670.,efi-pvd,Atherosclerosis: [precerebral] or [cerebral],,,,Cerebral atherosclerosis
Peripheral vascular disease,81817003,G700.11,mar-cardiovascular,Aorto-iliac disease,,,,Atherosclerosis of aorta
Peripheral vascular disease,233956002,G700.11,mar-cardiovascular,Aorto-iliac disease,,,,Aortoiliac disease
Peripheral vascular disease,195254008,G702.00,mar-cardiovascular,Extremity artery atheroma,,,,Extremity artery atheroma
Peripheral vascular disease,400047006,G702.00,mar-cardiovascular,Extremity artery atheroma,,,,Peripheral vascular disease (disorder)
Peripheral vascular disease,67362008,G71..00,mar-cardiovascular,Aortic aneurysm,,,,Aortic aneurysm
Peripheral vascular disease,14336007,G713.00,mar-cardiovascular,Abdominal aortic aneurysm which has ruptured,,,,Ruptured abdominal aortic aneurysm
Peripheral vascular disease,314184006,G713000,mar-cardiovascular,Ruptured suprarenal aortic aneurysm,,,,Ruptured suprarenal aortic aneurysm
Peripheral vascular disease,233985008,G714.00,mar-cardiovascular,Abdominal aortic aneurysm without mention of rupture,,,,Abdominal aortic aneurysm
Peripheral vascular disease,314185007,G714000,mar-cardiovascular,Juxtarenal aortic aneurysm,,,,Juxtarenal aortic aneurysm
Peripheral vascular disease,73067008,G715.00,mar-cardiovascular,Ruptured aortic aneurysm NOS,,,,Ruptured aortic aneurysm
Peripheral vascular disease,195265003,G715000,mar-cardiovascular,"Thoracoabdominal aortic aneurysm, ruptured",,,,"Thoracoabdominal aortic aneurysm, ruptured"
Peripheral vascular disease,233984007,G716000,mar-cardiovascular,"Thoracoabdominal aortic aneurysm, without mention of rupture",,,,Thoracoabdominal aortic aneurysm
Peripheral vascular disease,195268001,G718.00,mar-cardiovascular,Leaking abdominal aortic aneurysm,,,,Leaking abdominal aortic aneurysm
Peripheral vascular disease,233958001,G73..11,mar-cardiovascular,Peripheral ischaemic vascular disease,,,,Peripheral ischaemia
Peripheral vascular disease,52403007,G731.00,mar-cardiovascular,Thromboangiitis obliterans,,,,Thromboangiitis obliterans
Peripheral vascular disease,195301007,G732.00,mar-cardiovascular,Peripheral gangrene,,,,Peripheral gangrene
Peripheral vascular disease,195302000,G732000,mar-cardiovascular,Gangrene of toe,,,,Gangrene of toe
Peripheral vascular disease,195303005,G732100,mar-cardiovascular,Gangrene of foot,,,,Gangrene of foot
Peripheral vascular disease,301755001,G733.00,mar-cardiovascular,Ischaemic foot,,,,Ischemic foot
Peripheral vascular disease,127014009,G73y000,mar-cardiovascular,Diabetic peripheral angiopathy,,,,Diabetic peripheral angiopathy
Peripheral vascular disease,63491006,G73z000,mar-cardiovascular,Intermittent claudication,,,,Intermittent claudication
Peripheral vascular disease,275520000,G73z000,mar-cardiovascular,Intermittent claudication,,,,Claudication
Peripheral vascular disease,307816004,G740.12,mar-cardiovascular,Aortoiliac obstruction,,,,Leriche's syndrome
Peripheral vascular disease,233972005,G740.12,mar-cardiovascular,Aortoiliac obstruction,,,,Aortic bifurcation syndrome
Peripheral vascular disease,266263009,G740.12,mar-cardiovascular,Aortoiliac obstruction,,,,Embolism and thrombosis of the abdominal aorta
Peripheral vascular disease,195323006,G742400,mar-cardiovascular,Embolism and thrombosis of the femoral artery,,,,Embolism and thrombosis of the femoral artery
Peripheral vascular disease,195324000,G742500,mar-cardiovascular,Embolism and thrombosis of the popliteal artery,,,,Embolism and thrombosis of the popliteal artery
Peripheral vascular disease,195325004,G742600,mar-cardiovascular,Embolism and thrombosis of the anterior tibial artery,,,,Embolism and thrombosis of the anterior tibial artery
Peripheral vascular disease,195326003,G742700,mar-cardiovascular,Embolism and thrombosis of the dorsalis pedis artery,,,,Embolism and thrombosis of the dorsalis pedis artery
Peripheral vascular disease,195318006,G742900,mar-cardiovascular,Embolism and thrombosis of a leg artery NOS,,,,Embolism and thrombosis of an arm or leg artery
Peripheral vascular disease,195335005,G74y000,mar-cardiovascular,Embolism and/or thrombosis of the common iliac artery,,,,Embolism and/or thrombosis of the common iliac artery
Peripheral vascular disease,195336006,G74y100,mar-cardiovascular,Embolism and/or thrombosis of the internal iliac artery,,,,Embolism and/or thrombosis of the internal iliac artery
Peripheral vascular disease,734298005,G74y100,mar-cardiovascular,Embolism and/or thrombosis of the internal iliac artery,,,,Thromboembolus of internal iliac artery (disorder)
Peripheral vascular disease,195337002,G74y200,mar-cardiovascular,Embolism and/or thrombosis of the external iliac artery,,,,Embolism and/or thrombosis of the external iliac artery
Peripheral vascular disease,734299002,G74y200,mar-cardiovascular,Embolism and/or thrombosis of the external iliac artery,,,,Thromboembolus of external iliac artery (disorder)
Peripheral vascular disease,266262004,G74y300,mar-cardiovascular,Embolism and thrombosis of the iliac artery unspecified,,,,Arterial embolic and thrombotic occlusion
Peripheral vascular disease,266253001,Gyu6500,mar-cardiovascular,[X]Occlusion and stenosis of other precerebral arteries,,,,Precerebral arterial occlusion
Peripheral vascular disease,62914000,Gyu6500,mar-cardiovascular,[X]Occlusion and stenosis of other precerebral arteries,,,,Cerebrovascular disease
Peripheral vascular disease,20059004,Gyu6600,mar-cardiovascular,[X]Occlusion and stenosis of other cerebral arteries,,,,Cerebral artery occlusion
Peripheral vascular disease,95345008,M271.12,mar-cardiovascular,Ischaemic leg ulcer,,,,Ulcer of foot
Peripheral vascular disease,95344007,M271.12,mar-cardiovascular,Ischaemic leg ulcer,,,,Ulcer of leg
Peripheral vascular disease,35222003,M271.12,mar-cardiovascular,Ischaemic leg ulcer,,,,Chronic neurogenic ulcer of lower limb
Peripheral vascular disease,267816005,M271.12,mar-cardiovascular,Ischaemic leg ulcer,,,,Non-pressure ulcer lower limb
Peripheral vascular disease,238793001,M271.12,mar-cardiovascular,Ischaemic leg ulcer,,,,Arterial leg ulcer
Peripheral vascular disease,201250006,M271000,mar-cardiovascular,Ischaemic ulcer diabetic foot,,,,Ischaemic ulcer diabetic foot
Peripheral vascular disease,238792006,M271400,mar-cardiovascular,Mixed venous and arterial leg ulcer,,,,Mixed arteriovenous leg ulcer
Peripheral vascular disease,233955003,X203K,efi-pvd,Abdominal aortic atherosclerosis,,,,Abdominal aortic atherosclerosis
Peripheral vascular disease,233957006,X203M,efi-pvd,Arterial ischaemia,,,,Arterial ischemia
Peripheral vascular disease,233959009,X203R,efi-pvd,Upper limb ischaemia,,,,Upper limb ischemia
Peripheral vascular disease,233960004,X203S,efi-pvd,Critical upper limb ischaemia,,,,Critical upper limb ischaemia
Peripheral vascular disease,233961000,X203T,efi-pvd,Lower limb ischaemia,,,,Lower limb ischemia
Peripheral vascular disease,233962007,X203U,efi-pvd,Critical lower limb ischaemia,,,,Critical lower limb ischaemia
Peripheral vascular disease,399957001,Xa0lV,efi-pvd,Peripheral vascular disease,,,,Peripheral arterial occlusive disease (disorder)
Peripheral vascular disease,300917007,Xa7lT,efi-pvd,Ischaemia of feet,,,,Ischemia of feet
Peripheral vascular disease,312822006,XaE3G,efi-pvd,Critical ischaemia of foot,,,,Critical ischaemia of foot
Peripheral vascular disease,473109007,XaVyB,efi-pvd,History of peripheral vascular disease,,,,History of peripheral vascular disease
Peripheral vascular disease,8.36711E+14,XaZJa,,Ischaemic leg pain at rest,,,,Ischaemic lower limb pain at rest (finding)
Peripheral vascular disease,95443002,Yat7W,qof-pad,Vascular claudication,,,,Venous intermittent claudication
Peripheral vascular disease,401221002,,,Ankle brachial pressure index (procedure),,,If less than 0.95,Ankle brachial pressure index - ABPI (procedure)
Peripheral vascular disease,446841001,,,Ankle brachial pressure index (observable entity),,,If less than 0.95,Ankle brachial pressure index (observable entity)
Problems managing finances,401058009,.13KE,,Needs help manag financ affrs,,,,Needs help managing own financial affairs (finding)
Problems managing finances,300695002,Xa7gd,,Unable use financial account,,,,Unable to use financial account
Problems managing finances,300698000,Xa7gg,,Diff using financial account,,,,Difficulty using financial account
Problems managing finances,300701008,Xa7gj,,Unable to write cheques,,,,Unable to write cheques
Problems managing finances,300704000,Xa7gm,,Difficulty writing cheques,,,,Difficulty writing cheques
Problems managing finances,300708002,Xa7gp,,Unable to use credit card,,,,Unable to use credit card
Problems managing finances,300711001,Xa7gs,,Difficulty using credit card,,,,Difficulty using credit card
Requirement for care,160733006,13F6.,efi-req_care,Nursing or other home,,,,Nursing or other home
Requirement for care,394923006,,,Lives in a residential home,,,,Lives in a residential home (finding)
Requirement for care,160734000,13F61,efi-req_care,Lives in a nursing home,,,,Lives in a nursing home
Requirement for care,271391000,13G6.,efi-req_care,Home help: [person] or [provision],,,,Provision of home help
Requirement for care,160774006,13G61,efi-req_care,Home help attends,,,,Home help attends
Requirement for care,161083000,13WJ.,efi-req_care,Help by relatives,,,,Help by relatives
Requirement for care,183436007,8GEB.,efi-req_care,Care from friends,,,,Care from friends
Requirement for care,184156005,918F.,efi-req_care,Has a carer,,,,Has a carer
Requirement for care,185218006,9N1G.,efi-req_care,Seen in nursing home,,,,Seen in nursing home
Requirement for care,224224003,Ua0Lj,efi-req_care,Lives in staffed home,,,,Lives in staffed home
Requirement for care,2.48171E+14,XaMFG,efi-req_care,Lives in care home,,,,Lives in care home (finding)
Requirement for care,2.87591E+14,XaN0N,efi-req_care,Eligible for funded nursing care,,,,Eligible for funded nursing care (observable entity)
Respiratory disease,161523006,14B..,efi-respiratory,H/O: respiratory disease,,,,H/O: respiratory disease
Respiratory disease,68154008,171A.,efi-respiratory,Chronic cough,5,,,Chronic cough
Respiratory disease,73430006,Fy03.,,Sleep apnoea,,,,Sleep apnea
Respiratory disease,78275009,Fy03.,,Sleep apnoea,,,,Obstructive sleep apnea syndrome
Respiratory disease,59282003,G401.,efi-respiratory,(Pulmonary embolus) or (pulmonary infarction),5,,,Pulmonary embolism
Respiratory disease,64662007,G401.,efi-respiratory,(Pulmonary embolus) or (pulmonary infarction),5,,,Pulmonary infarction
Respiratory disease,11399002,G410.,efi-respiratory,Primary pulmonary hypertension,,,,Pulmonary hypertensive arterial disease
Respiratory disease,88223008,G41y0,efi-respiratory,Secondary pulmonary hypertension,,,,Secondary pulmonary hypertension
Respiratory disease,50043002,H....,efi-respiratory,Respiratory disorder,,,,Disease of respiratory system
Respiratory disease,196051003,H4y2.,,Drug-induced interstitial lung disorders,,,,Drug-induced interstitial lung disorders
Respiratory disease,196053000,H4y21,,Chronic drug-induced interstitial lung disorders,,,,Chronic drug-induced interstitial lung disorders
Respiratory disease,196125002,H563.,,Idiopathic fibrosing alveolitis,,,,Diffuse interstitial pulmonary fibrosis
Respiratory disease,45157009,H563.,,Idiopathic fibrosing alveolitis,,,,Idiopathic fibrosing alveolitis
Respiratory disease,700250006,H563.,,Idiopathic fibrosing alveolitis,,,,Usual interstitial pneumonia
Respiratory disease,51615001,H5632,,Pulmonary fibrosis,,,,Fibrosis of lung
Respiratory disease,398726004,H570.00,mar-rheumatoid, Rheumatoid lung                                              ,,,,Rheumatoid lung disease (disorder)
Respiratory disease,233703007,H58y3,,Interstitial lung disease NEC,,,,Interstitial lung disease
Respiratory disease,129451001,H58y5,,Respiratory bronchiolitis associated interstitial lung disease,,,,Respiratory bronchiolitis associated intersitial lung disease
Respiratory disease,427123006,H58y6,,Interstitial lung disease due to collagen vascular disease,,,,Interstitial lung disease due to collagen vascular disease (disorder)
Respiratory disease,711379004,H58y7,,Interstitial lung disease due to connective tissue disease,,,,Interstitial lung disease due to connective tissue disease
Respiratory disease,19829001,H58z.,,Lung disease NOS,,,,Disease of lung
Respiratory disease,409622000,H59..,,Respiratory failure,,,,Respiratory failure (disorder)
Respiratory disease,39871006,H591.,,Chronic respiratory failure,,,,Chronic respiratory failure
Respiratory disease,428173007,H592.,,Chronic type 1 respiratory failure,,,,Chronic hypoxemic respiratory failure (disorder)
Respiratory disease,426896000,H593.,,Chronic type 2 respiratory failure,,,,Chronic hypercapnic respiratory failure (disorder)
Respiratory disease,10713006,N04y012,mar-rheumatoid, Fibrosing alveolitis associated with rheumatoid arthritis    ,,,,Diffuse interstitial rheumatoid disease of lung
Respiratory disease,129458007,X102j,efi-respiratory,Cryptogenic organising pneumonitis,,,,Cryptogenic organizing pneumonia
Respiratory disease,719218000,X102j,efi-respiratory,Cryptogenic organising pneumonitis,,,,Cryptogenic organizing pneumonia (disorder)
Respiratory disease,233936003,X202y,efi-respiratory,Acute massive pulmonary embolism,5,,,AMPE - Acute massive pulmonary embolism
Respiratory disease,233937007,X202z,efi-respiratory,Subacute massive pulmonary embolism,5,,,Subacute massive pulmonary embolism
Respiratory disease,70995007,X2033,efi-respiratory,Pulmonary hypertension,,,,Pulmonary hypertension
Respiratory disease,233942004,X2035,efi-respiratory,Small vessel pulmonary hypertension,,,,Small vessel pulmonary hypertension
Respiratory disease,233947005,X203A,efi-respiratory,Thromboembolic pulmonary hypertension,,,,Thromboembolic pulmonary hypertension
Respiratory disease,233948000,X203B,efi-respiratory,Post-arteritic pulmonary hypertension,,,,Post-arteritic pulmonary hypertension
Respiratory disease,360578005,X203I,efi-respiratory,Pulmonary hypertension secondary to left sided heart disease,,,,Pulmonary hypertension secondary to raised pulmonary vascular resistance
Respiratory disease,243137006,X71a1,efi-respiratory,Long-term oxygen therapy,,,,LTOT - Long-term oxygen therapy
Respiratory disease,275914007,XM1Xg,efi-respiratory,Chronic respiratory disease monitoring,,,,Chronic respiratory disease monitoring
Respiratory disease,276793003,Xa0Cy,efi-respiratory,Pulmonary hypertension with occult mitral stenosis,,,,Pulmonary hypertension with occult mitral stenosis
Respiratory disease,161512007,XaBMd,efi-respiratory,[V] Personal history of pulmonary embolism,5,,,H/O: pulmonary embolus
Respiratory disease,2.01661E+14,XaLL8,efi-respiratory,Ambulatory oxygen therapy,,,,Ambulatory oxygen therapy (procedure)
Respiratory disease,438773007,XaOYV,efi-respiratory,Recurrent pulmonary embolism,,,,Recurrent pulmonary embolism (disorder)
Respiratory disease,398640008,Y10DP,qof-ra,Rheumatoid pneumoconiosis,,,,Rheumatoid pneumoconiosis (disorder)
Seizures,161480008,1473,efi-seizures,H/O: epilepsy,,,,H/O: epilepsy
Seizures,170702005,667..,efi-seizures,Epilepsy monitoring,,,,Epilepsy monitoring
Seizures,170703000,6671,efi-seizures,Initial epilepsy assessment,,,,Initial epilepsy assessment
Seizures,170704006,6672,efi-seizures,Follow-up epilepsy assessment,,,,Follow-up epilepsy assessment
Seizures,170706008,6674,efi-seizures,Epilepsy associated problems,,,,Epilepsy associated problems
Seizures,170709001,6677,efi-seizures,Epilepsy drug side effects,,,,Epilepsy drug side effects
Seizures,170710006,6678,efi-seizures,Epilepsy treatment changed,,,,Epilepsy treatment changed
Seizures,170711005,6679,efi-seizures,Epilepsy treatment started,,,,Epilepsy treatment started
Seizures,267581004,F132100,mar-epilepsy,Progressive myoclonic epilepsy,,,,Progressive myoclonic epilepsy
Seizures,230423006,F132111,mar-epilepsy,Unverricht - Lundborg disease,,,,Unverricht-Lundborg syndrome
Seizures,192845009,F1322,,Myoclonic encephalopathy,,,,Myoclonic encephalopathy
Seizures,84757009,F25..,efi-seizures,Epilepsy,,,,Epilepsy
Seizures,192979009,F250.,efi-seizures,Generalised non-convulsive epilepsy,,,,Generalized non-convulsive epilepsy
Seizures,50866000,F250000,mar-epilepsy,Petit mal (minor) epilepsy,,,,Childhood absence epilepsy
Seizures,5.09341E+14,F250011,mar-epilepsy,Epileptic absences,,,,Petit-mal epilepsy (disorder)
Seizures,230413002,F250400,mar-epilepsy,Juvenile absence epilepsy,,,,Juvenile absence epilepsy
Seizures,230418006,F250500,mar-epilepsy,Lennox-Gastaut syndrome,,,,Lennox-Gastaut syndrome
Seizures,65120008,F251.,efi-seizures,Generalised convulsive epilepsy,,,,Generalized convulsive epilepsy
Seizures,19598007,F2510,efi-seizures,Generalised epilepsy,,,,Generalized epilepsy
Seizures,352818000,F251000,mar-epilepsy,Grand mal (major) epilepsy,,,,Tonic-clonic epilepsy
Seizures,192991000,F251200,mar-epilepsy,Epileptic seizures - clonic,,,,Epileptic seizures - clonic
Seizures,192992007,F251300,mar-epilepsy,Epileptic seizures - myoclonic,,,,Epileptic seizures - myoclonic
Seizures,54200006,F251600,mar-epilepsy,Grand mal seizure,,,,Tonic-clonic seizures
Seizures,7033004,F252.,,Petit mal status,,,,Petit mal status
Seizures,13973009,F253.,,Grand mal status,,,,Grand mal status
Seizures,192999003,F254.00,mar-epilepsy,Partial epilepsy with impairment of consciousness,,,,Partial epilepsy with impairment of consciousness
Seizures,193000002,F2540,efi-seizures,Temporal lobe epilepsy,,,,Temporal lobe epilepsy
Seizures,361123003,F254100,mar-epilepsy,Psychomotor epilepsy,,,,Psychomotor epilepsy
Seizures,193004006,F254400,mar-epilepsy,Epileptic automatism,,,,Epileptic automatism
Seizures,407675009,F254500,mar-epilepsy,Complex partial epileptic seizure,,,,Complex partial epileptic seizure (disorder)
Seizures,230381009,F255.00,mar-epilepsy,Partial epilepsy without impairment of consciousness,,,,Localisation-related epilepsy
Seizures,307357004,F2550,efi-seizures,Epilepsy: [Jacksonian] or [focal] or [motor],,,,"Jacksonian, focal or motor epilepsy"
Seizures,267592003,F255000,mar-epilepsy,"Jacksonian, focal or motor epilepsy",,,,Motor cortex epilepsy
Seizures,307356008,F255011,mar-epilepsy,Focal epilepsy,,,,Motor epilepsy
Seizures,193008009,F255200,mar-epilepsy,Somatosensory epilepsy,,,,Somatosensory epilepsy
Seizures,193010006,F2554,,Visual reflex epilepsy,,,,Visual reflex epilepsy
Seizures,193011005,F255500,mar-epilepsy,Unilateral epilepsy,,,,Unilateral epilepsy
Seizures,1.99451E+14,F255600,mar-epilepsy,Simple partial epileptic seizure,,,,Simple partial epileptic seizure (disorder)
Seizures,28055006,F256.11,mar-epilepsy,Lightning spasms,,,,West syndrome
Seizures,241006,F257.00,mar-epilepsy,Kojevnikov's epilepsy,,,,Epilepsia partialis continua
Seizures,31758001,F258.00,mar-epilepsy,Post-ictal state,,,,Postseizure state
Seizures,6204001,F25A.00,mar-epilepsy,Juvenile myoclonic epilepsy,,,,Juvenile myoclonic epilepsy
Seizures,361268000,F25B.00,mar-epilepsy,Alcohol-induced epilepsy,,,,Alcohol-induced epilepsy
Seizures,230441003,F25C.00,mar-epilepsy,Drug-induced epilepsy,,,,Drug-induced epilepsy
Seizures,413101007,F25E.00,mar-epilepsy,Stress-induced epilepsy,,,,Stress-induced epilepsy (disorder)
Seizures,95208000,F25F.00,mar-epilepsy,Photosensitive epilepsy,,,,Photogenic epilepsy
Seizures,230456007,F25X.00,mar-epilepsy,"Status epilepticus, unspecified",,,,Status epilepticus
Seizures,193022009,F25y2,efi-seizures,Locl-rlt(foc)(part)idiop epilep&epilptic syn seiz locl onset,,,,Localization-related(focal)(partial)idiopathic epilepsy and epileptic syndromes with seizures of localized onset
Seizures,230460005,F25y300,mar-epilepsy,Complex partial status epilepticus,,,,Complex partial status epilepticus
Seizures,91175000,R003z,efi-seizures,[D]Convulsion NOS,,,,Seizure
Seizures,75023009,SC20000,mar-epilepsy,Traumatic epilepsy,,,,Post-traumatic epilepsy
Seizures,230390002,X005x,efi-seizures,Localisation-related symptomatic epilepsy,,,,Localisation-related symptomatic epilepsy
Seizures,230392005,X005z,,Rhinencephalic epilepsy,,,,Rhinencephalic epilepsy
Seizures,230393000,X0060,efi-seizures,Lateral temporal epilepsy,,,,Lateral temporal epilepsy
Seizures,230396008,X0063,,Cingulate epilepsy,,,,Cingulate epilepsy
Seizures,230397004,X0064,,Anterior frontopolar epilepsy,,,,Anterior frontopolar epilepsy
Seizures,230398009,X0065,,Orbitofrontal epilepsy,,,,Orbitofrontal epilepsy
Seizures,230400008,X0067,,Opercular epilepsy,,,,Opercular epilepsy
Seizures,230407006,X006E,efi-seizures,Hemiplegia-hemiconvulsion-epilepsy syndrome,,,,Hemiconvulsion-hemiplegia-epilepsy syndrome
Seizures,36803009,X006G,efi-seizures,Idiopathic generalised epilepsy,,,,Idiopathic generalized epilepsy
Seizures,230414008,X006M,efi-seizures,Epilepsy with grand mal seizures on awakening,,,,Epilepsy with grand mal seizures on awakening
Seizures,230421008,X006T,efi-seizures,Myoclonic astatic epilepsy,,,,Myoclonic astatic epilepsy
Seizures,230422001,X006U,efi-seizures,Myoclonic absence epilepsy,,,,Epilepsy with myoclonic absences
Seizures,230426003,X006Y,efi-seizures,Myoclonic epilepsy - ragged red fibres,,,,MERRF - Myoclonic epilepsy - ragged red fibres
Seizures,71831005,X006c,efi-seizures,Symptomatic generalised epilepsy,,,,Symptomatic generalized epilepsy
Seizures,230430000,X006f,efi-seizures,Symptomatic myoclonic epilepsy,,,,Symptomatic myoclonic epilepsy
Seizures,230435005,X006l,efi-seizures,Epilepsy undetermined whether focal or generalised,,,,Epilepsy undetermined whether focal or generalised
Seizures,230439004,X006p,,Elect stat epi slow-wave sleep,,,,Electrical status epilepticus of slow-wave sleep
Seizures,7689009,X006q,efi-seizures,Reading epilepsy,,,,Reading seizure
Seizures,230440002,X006s,efi-seizures,Secondary reading epilepsy,,,,Secondary reading epilepsy
Seizures,361267005,X006u,efi-seizures,Alcohol-induced epilepsy,,,,Alcohol-related fit
Seizures,230445007,X006x,efi-seizures,Nocturnal epilepsy,,,,Nocturnal epilepsy
Seizures,230447004,X0070,,Photomyoclonus,,,,Eyelid myoclonus with absences
Seizures,230448009,X0072,,Writing epilepsy,,,,Writing epilepsy
Seizures,16873003,X0073,,Musicogenic epilepsy,,,,Musicogenic seizure
Seizures,230450001,X0075,efi-seizures,Eating epilepsy,,,,Eating epilepsy
Seizures,79745005,X0076,,Tapping epilepsy,,,,Reflex epilepsy
Seizures,230452009,X0077,,Toothbrushing epilepsy,,,,Toothbrushing epilepsy
Seizures,230453004,X0078,,Decision-making epilepsy,,,,Decision-making epilepsy
Seizures,230454005,X0079,,Bathing epilepsy,,,,Aquagenic epilepsy
Seizures,230457003,X007C,,Non-conv stat epil wth 3/s s/w,,,,Non-convulsive status epilepticus with three per second spike wave
Seizures,230458008,X007D,,Non-conv stat epil no 3/s s/w,,,,Non-convulsive status epilepticus without 3/s spike wave
Seizures,230459000,X007E,,Non-conv simple part stat epil,,,,Non-convulsive simple partial status epilepticus
Seizures,231452004,X00RX,efi-seizures,Limbic epilepsy personality syndrome,,,,Limbic epilepsy personality syndrome
Seizures,243857008,X74WP,efi-seizures,Epilepsy monitoring status,,,,Epilepsy monitoring status
Seizures,68761002,X75Yh,efi-seizures,Vertiginous seizure,,,,Epileptic vertigo
Seizures,313307000,XE185,efi-seizures,(Epilepsy) or (epileptic attack),,,,Epileptic seizure
Seizures,278510009,Xa0lJ,efi-seizures,Localisation-related idiopathic epilepsy,,,,Localisation-related idiopathic epilepsy
Seizures,314827004,XaFjh,efi-seizures,Epilepsy control good,,,,Epilepsy control good
Seizures,314828009,XaFji,efi-seizures,Epilepsy control poor,,,,Epilepsy control poor
Seizures,401062003,XaIyV,efi-seizures,Epilepsy medication review,,,,Epilepsy medication review (procedure)
Seizures,7.16801E+14,XaJ4n,efi-seizures,Excepted from epilepsy quality indicators: Patient unsuitabl,,,,Excepted from epilepsy quality indicators - patient unsuitable
Seizures,7.16781E+14,XaJ4o,efi-seizures,Excepted from epilepsy quality indicators: Informed dissent,,,,Excepted from epilepsy quality indicators - informed dissent
Seizures,8.8491E+13,XaJBY,efi-seizures,Epilepsy limits activities,,,,Epilepsy limits activities
Seizures,9.3211E+13,XaJBZ,efi-seizures,Epilepsy does not limit activities,,,,Epilepsy does not limit activities
Seizures,8.40261E+14,XaJBa,efi-seizures,Epilepsy management plan given,,,,Epilepsy management plan given
Seizures,407616001,XaJBb,efi-seizures,Epilepsy severity,,,,Epilepsy severity (finding)
Seizures,407617005,XaJBc,efi-seizures,No seizures on treatment,,,,No seizures on treatment (finding)
Seizures,407623000,XaJBi,efi-seizures,Emergency epilepsy treatment since last appointment,,,,Emergency epilepsy treatment since last appointment (finding)
Seizures,407627004,XaJBn,efi-seizures,Epilepsy confirmed,,,,Epilepsy confirmed (finding)
Seizures,9.3401E+13,XaJDV,efi-seizures,Did not attend epilepsy clinic,,,,Did not attend epilepsy clinic
Seizures,414860000,XaJtH,efi-seizures,No epilepsy drug side effects,,,,No epilepsy drug side effects (finding)
Seizures,429279006,XaM9q,efi-seizures,Seen in epilepsy clinic,,,,Seen in epilepsy clinic (finding)
Seizures,230344005,Y00KT,qof-epilepsy,Post-anoxic myoclonus,,,,Post-anoxic myoclonus
Seizures,193009001,Y00Mz,qof-epilepsy,Part.epilepsy+autonomic sympt.,,,,Partial epilepsy with autonomic symptoms
Seizures,230391003,Y00NQ,qof-epilepsy,Amygdalo-hippocampal epilepsy,,,,Amygdalo-hippocampal epilepsy
Seizures,193003000,Y00NR,qof-epilepsy,Mesiobasal limbic epilepsy,,,,Mesiobasal limbic epilepsy
Seizures,230394006,Y00NV,qof-epilepsy,Frontal lobe epilepsy,,,,Frontal lobe epilepsy
Seizures,230395007,Y00NW,qof-epilepsy,Supplementary motor epilepsy,,,,Supplementary motor epilepsy
Seizures,230399001,Y00Na,qof-epilepsy,Dorsolateral epilepsy,,,,Dorsolateral epilepsy
Seizures,230403005,Y00Nh,qof-epilepsy,Parietal lobe epilepsy,,,,Parietal lobe epilepsy
Seizures,230404004,Y00Ni,qof-epilepsy,Occipital lobe epilepsy,,,,Occipital lobe epilepsy
Seizures,230405003,Y00Nk,qof-epilepsy,Chr prog ep part conti chdhd,,,,Chronic progressive epilepsia partialis continua of childhood
Seizures,230406002,Y00Nm,qof-epilepsy,Loc-relat symp epi & spec prec,,,,Localisation-related symptomatic epilepsy with specific precipitant
Seizures,230408001,Y00No,qof-epilepsy,Localisat-relat cryptogen epil,,,,Localisation-related cryptogenic epilepsy
Seizures,230415009,Y00OL,qof-epilepsy,Cryptogenic general epilepsy,,,,Cryptogenic generalised epilepsy
Seizures,230427007,Y00Oj,qof-epilepsy,Cryptogenic myoclonic epilepsy,,,,Cryptogenic myoclonic epilepsy
Seizures,230428002,Y00Ok,qof-epilepsy,Idiopathic myoclonic epilepsy,,,,Idiopathic myoclonic epilepsy
Seizures,44423001,Y00Oo,qof-epilepsy,Early myoclonic encephalopathy,,,,Early myoclonic encephalopathy
Seizures,230455006,Y00Pj,qof-epilepsy,Slf-inducd (non-photosen) epil,,,,Factitious epilepsy
Seizures,192981006,YM0kl,qof-epilepsy,Epileptic seizures - atonic,,,,Epileptic seizures - atonic
Seizures,192982004,YM0km,qof-epilepsy,Epileptic seizures - akinetic,,,,Epileptic seizures - akinetic
Seizures,192993002,YM0kp,qof-epilepsy,Epileptic seizures - tonic,,,,Epileptic seizures - tonic
Seizures,193002005,YM0kq,qof-epilepsy,Psychosensory epilepsy,,,,Psychosensory epilepsy
Self-harm,267073005,1B19.00,Suicidal,Suicidal,5,,,Suicidal
Self-harm,6471006,1BD1.00,Suicidal ideation,Suicidal ideation,5,,,Suicidal ideation
Self-harm,247650009,1BD3.00,Suicidal plans,Suicidal plans,5,,,Planning suicide
Self-harm,225444004,1BD4.00,Suicide risk,Suicide risk,5,,,At risk for suicide
Self-harm,394685004,1BD5.00,High suicide risk,High suicide risk,5,,,High suicide risk (finding)
Self-harm,394686003,1BD6.00,Moderate suicide risk,Moderate suicide risk,5,,,Moderate suicide risk (finding)
Self-harm,394687007,1BD7.00,Low suicide risk,Low suicide risk,5,,,Low suicide risk (finding)
Self-harm,401206008,1BD8.00,At risk of DSH - deliberate self harm,At risk of DSH - deliberate self harm,5,,,At risk for deliberate self harm (finding)
Self-harm,401229000,1BDA.00,Thoughts of deliberate self harm,Thoughts of deliberate self harm,5,,,Thoughts of deliberate self harm (finding)
Self-harm,401230005,1BDB.00,Plans for deliberate self harm without intent,Plans for deliberate self harm without intent,5,,,Plans for deliberate self harm without intent (finding)
Self-harm,401231009,1BDC.00,Intent of deliberate self harm with detailed plans,Intent of deliberate self harm with detailed plans,5,,,Intent of deliberate self harm with detailed plans (finding)
Self-harm,8.27361E+14,1BDF.00,Suicide risk unchanged from previous level,Suicide risk unchanged from previous level,5,,,Suicide risk unchanged from previous level (finding)
Self-harm,248062006,TK...11,Cause of overdose - deliberate,Cause of overdose - deliberate,5,,,Deliberate self-harm
Self-harm,48981002,TK...12,Injury - self-inflicted,Injury - self-inflicted,5,,,Parasuicide
Self-harm,82313006,TK...12,Injury - self-inflicted,Injury - self-inflicted,5,,,Suicide attempt
Self-harm,276853009,TK...12,Injury - self-inflicted,Injury - self-inflicted,5,,,Self inflicted injury
Self-harm,271982007,TK...12,Injury - self-inflicted,Injury - self-inflicted,5,,,Deliberate self poisoning
Self-harm,59274003,TK...13,Poisoning - self-inflicted,Poisoning - self-inflicted,5,,,Intentional drug overdose
Self-harm,219152002,TK60100,Self inflicted lacerations to wrist,Self inflicted lacerations to wrist,5,,,Self inflicted lacerations to wrist
Self-harm,219174008,TKy..00,Late effects of selfinflicted injury,Late effects of selfinflicted injury,5,,,Late effects of self inflicted injury
Self-harm,418420002,U2...11,[X]Self inflicted injury,[X]Self inflicted injury,5,,,Intentionally harming self (event)
Self-harm,44301001,U2...11,[X]Self inflicted injury,[X]Self inflicted injury,5,,,Suicide
Self-harm,4.61371E+14,U20..00,[X]Intentional self poisoning/exposure to noxious substances,[X]Intentional self poisoning/exposure to noxious substances,5,,,[X]Intentional self poisoning by and exposure to noxious substances (event)
Self-harm,439011002,U200.00,[X]Intent self poison/exposure to nonopioid analgesic,[X]Intent self poison/exposure to nonopioid analgesic,5,,,Self-administered intentional poisoning by analgesic (disorder)
Self-harm,4.46901E+14,U200.00,[X]Intent self poison/exposure to nonopioid analgesic,[X]Intent self poison/exposure to nonopioid analgesic,5,,,[X]Intentional self poisoning by and exposure to nonopioid analgesics (event)
Self-harm,295124009,U200.00,[X]Intent self poison/exposure to nonopioid analgesic,[X]Intent self poison/exposure to nonopioid analgesic,5,,,Paracetamol overdose
Self-harm,295250003,U200.11,[X]Overdose - paracetamol,[X]Overdose - paracetamol,5,,,Ibuprofen overdose
Self-harm,296125001,U202.11,[X]Overdose - sleeping tabs,[X]Overdose - sleeping tabs,5,,,Overdose of temazepam
Self-harm,296037002,U202.11,[X]Overdose - sleeping tabs,[X]Overdose - sleeping tabs,5,,,Amylobarbitone overdose
Self-harm,296058008,U202.11,[X]Overdose - sleeping tabs,[X]Overdose - sleeping tabs,5,,,Flurazepam overdose
Self-harm,4.36511E+14,U202.11,[X]Overdose - sleeping tabs,[X]Overdose - sleeping tabs,5,,,[X]Intentional self poisoning by and exposure to sedative hypnotics (event)
Self-harm,296070007,U202.11,[X]Overdose - sleeping tabs,[X]Overdose - sleeping tabs,5,,,Nitrazepam overdose
Self-harm,296053004,U202.11,[X]Overdose - sleeping tabs,[X]Overdose - sleeping tabs,5,,,Benzodiazepine overdose
Self-harm,296015009,U202.13,[X]Overdose - temazepam,[X]Overdose - temazepam,5,,,Sedative overdose
Self-harm,296036006,U202.14,[X]Overdose - flurazepam,[X]Overdose - flurazepam,5,,,Barbiturate overdose
Self-harm,296118008,U202.16,[X]Overdose - benzodiazepine,[X]Overdose - benzodiazepine,5,,,Diazepam overdose
Self-harm,3.94411E+14,U204.11,[X]Overdose - antidepressant,[X]Overdose - antidepressant,5,,,[X]Intentional self poisoning by and exposure to psychotropic drugs (event)
Self-harm,295830007,U204.13,[X]Overdose - SSRI,[X]Overdose - SSRI,5,,,Overdose of antidepressant drug
Self-harm,295918002,U204.13,[X]Overdose - SSRI,[X]Overdose - SSRI,5,,,Selective serotonin re-uptake inhibitor overdose
Self-harm,295835002,U204.13,[X]Overdose - SSRI,[X]Overdose - SSRI,5,,,Amitriptyline overdose
Self-harm,415665002,Z9K3.00,Suicide prevention,Suicide prevention,5,,,Suicide prevention (procedure)
Self-harm,307578000,ZX13100,Cutting own wrists,Cutting own wrists,5,,,Cutting own wrists
Self-harm,225045006,ZX13200,Cutting own throat,Cutting own throat,5,,,Cutting own throat
Self-harm,284752001,ZX14.00,Damaging own wounds,Damaging own wounds,5,,,Damaging own wounds
Self-harm,284753006,ZX14100,Reopening scars,Reopening scars,5,,,Reopening scars
Self-harm,284754000,ZX14200,Pulling out sutures,Pulling out sutures,5,,,Pulling out sutures
Self-harm,284755004,ZX14300,Poking fingers into wound,Poking fingers into wound,5,,,Poking fingers into wound
Self-harm,225050000,ZX15.00,Drowning self,Drowning self,5,,,Drowning self
Self-harm,174486004,ZX16200,Gouging own eyes,Gouging own eyes,5,,,Gouging own eyes
Self-harm,284705007,ZX16300,Gouging own rectum,Gouging own rectum,5,,,Gouging own rectum
Self-harm,43954004,ZX17.00,Head-banging,Head-banging,5,,,Head-banging
Self-harm,284706008,ZX17100,Banging own head against object,Banging own head against object,5,,,Banging own head against object
Self-harm,284707004,ZX17200,Banging own head against own body parts,Banging own head against own body parts,5,,,Banging own head against own body parts
Self-harm,284628003,ZX17300,Head-butting other person,Head-butting other person,5,,,Head-butting other person
Self-harm,225049000,ZX18.00,Hanging self,Hanging self,5,,,Hanging self
Self-harm,284756003,ZX19.00,Hitting self,Hitting self,5,,,Hitting self
Self-harm,284757007,ZX19100,Punching self,Punching self,5,,,Punching self
Self-harm,284758002,ZX19200,Slapping self,Slapping self,5,,,Slapping self
Self-harm,248070001,ZX19300,Head-hitting,Head-hitting,5,,,Head-hitting
Self-harm,284742000,ZX1A.00,Inserting foreign bodies into own orifices,Inserting foreign bodies into own orifices,5,,,Inserting foreign bodies into own orifices
Self-harm,225048008,ZX1B.00,Jumping from height,Jumping from height,5,,,Jumping from height
Self-harm,225047003,ZX1B100,Jumping from building,Jumping from building,5,,,Jumping from building
Self-harm,225046007,ZX1B200,Jumping from bridge,Jumping from bridge,5,,,Jumping from bridge
Self-harm,224950008,ZX1B300,Jumping from cliff,Jumping from cliff,5,,,Jumping from cliff
Self-harm,284760000,ZX1D.00,Picking own skin,Picking own skin,5,,,Picking own skin
Self-harm,248071002,ZX1G.00,Scratches self,Scratches self,5,,,Scratches self
Self-harm,225053003,ZX1H.00,Self-asphyxiation,Self-asphyxiation,5,,,Self-asphyxiation
Self-harm,225052008,ZX1H100,Self-strangulation,Self-strangulation,5,,,Self-strangulation
Self-harm,285142001,ZX1I.00,Self-scalding,Self-scalding,5,,,Self-scalding
Self-harm,224946001,ZX1J.00,Self-electrocution,Self-electrocution,5,,,Self-electrocution
Self-harm,224945002,ZX1K.11,Setting fire to self,Setting fire to self,5,,,Self-incineration
Self-harm,130968006,ZX1L.00,Self-mutilation,Self-mutilation,5,,,Self-mutilation
Self-harm,248064007,ZX1L100,Self-mutilation of hands,Self-mutilation of hands,5,,,Self-mutilation of hands
Self-harm,284690004,ZX1L200,Self-mutilation of genitalia,Self-mutilation of genitalia,5,,,Self-mutilation of genitalia
Self-harm,248065008,ZX1L300,Self-mutilation of penis,Self-mutilation of penis,5,,,Self-mutilation of penis
Self-harm,284691000,ZX1L500,Enucleation of own eyes,Enucleation of own eyes,5,,,Enucleation of own eyes
Self-harm,284693002,ZX1L700,Self-inducing a prolapse,Self-inducing a prolapse,5,,,Self-inducing a prolapse
Self-harm,284694008,ZX1L800,Breaking own bones,Breaking own bones,5,,,Snapping own bones
Self-harm,284695009,ZX1L911,Extracting own teeth,Extracting own teeth,5,,,Pulling own teeth out
Self-harm,284696005,ZX1LA00,Removing own nails,Removing own nails,5,,,Removing own nails
Self-harm,284697001,ZX1LB00,Eating own flesh,Eating own flesh,5,,,Eating own flesh
Self-harm,284699003,ZX1LC00,Stripping own skin,Stripping own skin,5,,,Stripping own skin
Self-harm,224947005,ZX1M.00,Shooting self,Shooting self,5,,,Shooting self
Self-harm,284759005,ZX1N.00,Stabbing self,Stabbing self,5,,,Stabbing self
Self-harm,248074005,ZX1O.00,Swallowing objects,Swallowing objects,5,,,Swallowing objects
Self-harm,284741007,ZX1P.00,Swallowing substances,Swallowing substances,5,,,Swallowing substances
Self-harm,224949008,ZX1Q.00,Throwing self in front of train,Throwing self in front of train,5,,,Throwing self in front of train
Self-harm,224948000,ZX1R.00,Throwing self in front of vehicle,Throwing self in front of vehicle,5,,,Throwing self in front of vehicle
Severe mental illness,7011001,1B1E.00,,Hallucinations,,,,Hallucination
Severe mental illness,416571005,1B1b.00,,Transient hallucinations,,,,Transient hallucinations (finding)
Severe mental illness,28810003,1BG..00,,Flight of ideas,,,,Flight of ideas
Severe mental illness,2073000,1BH..11,,Delusion,,,,Delusion
Severe mental illness,216004,1BH0.00,,Delusion of persecution,,,,Delusion of persecution
Severe mental illness,247667002,1BH1.00,,Grandiose delusions,,,,Delusion of grandeur
Severe mental illness,41189006,1BH2.00,,Ideas of reference,,,,Delusion of self-reference
Severe mental illness,417233008,1BH3.00,,Paranoid ideation,,,,Paranoid ideation (finding)
Severe mental illness,41591006,1Ba1.00,,Disorder of form of thought,,,,Formal thought disorder
Severe mental illness,416943009,1S04.00,,C/O - illusions seen,,,,C/O - illusions seen (context-dependent category)
Severe mental illness,405273008,1S42.00,,Manic mood,,,,Manic mood (finding)
Severe mental illness,416611006,225E.00,,O/E - paranoid delusions,,,,O/E - paranoid delusions (context-dependent category)
Severe mental illness,416890005,225F.00,,O/E - delusion of persecution,,,,O/E - delusion of persecution (context-dependent category)
Severe mental illness,268957000,285..11,,"Psychotic condition, insight present",,,,"Neurotic condition, insight present"
Severe mental illness,268958005,286..11,,Poor insight into psychotic condition,,,,Poor insight into neurotic condition
Severe mental illness,12200008,286..11,,Poor insight into psychotic condition,,,,Impaired insight
Severe mental illness,250595000,44W8.00,,Serum lithium level,,,,Lithium: blood level
Severe mental illness,1006681000000100,44W8.00,,Serum lithium level,,,,Serum lithium level (observable entity)
Severe mental illness,365739005,44W8.00,,Serum lithium level,,,,Lithium: blood level - finding
Severe mental illness,269871000,44W8.11,,Lithium: blood level,,,,Serum lithium level
Severe mental illness,166956002,44W8000,,Lithium level therapeutic,,,,Lithium level therapeutic
Severe mental illness,166957006,44W8100,,Lithium level high - toxic,,,,Lithium level high - toxic
Severe mental illness,166958001,44W8200,,Lithium level low,,,,Lithium level low
Severe mental illness,428990002,44uh.00,,Quetiapine level,,,,Measurement of quetiapine (procedure)
Severe mental illness,9.10651E+14,44uu.00,,Serum clozapine level,,,,Measurement of clozapine in serum specimen (procedure)
Severe mental illness,170688000,665B.00,,Lithium stopped,,,,Lithium stopped
Severe mental illness,7.55361E+14,665J.00,,Lithium level checked at 3 monthly intervals,,,,Lithium level checked at 3 monthly intervals (finding)
Severe mental illness,171423009,69F..00,,Mental Health Act examination,,,,Mental Health Act examination
Severe mental illness,401061005,6A6..00,,Mental health review,,,,Mental health review (procedure)
Severe mental illness,2.48691E+14,6A60.00,,Mental health review follow-up,,,,Mental health review follow-up (procedure)
Severe mental illness,413143000,8BM0.00,,Mental health medication review,,,,Mental health medication review (procedure)
Severe mental illness,7.53951E+14,8BM0000,,Lithium annual review,,,,Annual review of lithium therapy (procedure)
Severe mental illness,8.67871E+14,8CMG100,,Review of mental health care plan,,,,Review of mental health care plan (procedure)
Severe mental illness,736253002,8CQ..00,,Mental health crisis plan,,,,Mental health crisis plan
Severe mental illness,401276009,8CQ..00,,Mental health crisis plan,,,,Mental health crisis plan (qualifier value)
Severe mental illness,401277000,8CQ0.00,,Completion of mental health crisis plan,,,,Completion of mental health crisis plan (procedure)
Severe mental illness,763321009,8CQ1.11,,Mental health care programme approach crisis plan,,,,Mental health care program approach crisis plan
Severe mental illness,736058004,8CR7.00,,Mental health personal health plan,,,,Mental health personal health plan
Severe mental illness,414672009,8CR7.00,,Mental health personal health plan,,,,Mental health personal health plan (qualifier value)
Severe mental illness,8.67851E+14,8CS7.00,,Agreeing on mental health care plan,,,,Agreeing on mental health care plan (procedure)
Severe mental illness,391279004,8CY..00,,Mental Health Care Programme Approach,,,,Mental Health Care Programme Approach (regime/therapy)
Severe mental illness,1092421000000100,8CY..00,,Mental Health Care Programme Approach,,,,Care Programme Approach (regime/therapy)
Severe mental illness,718026005,8G13100,,CBTp - cognitive behavioural therapy for psychosis,,,,Cognitive behavioral therapy for psychosis (regime/therapy)
Severe mental illness,24172008,8GA0.00,,Crisis intervention,,,,Crisis intervention
Severe mental illness,183485002,8H34.00,,Psychiatric day care,,,,Psychiatric day care
Severe mental illness,1.99191E+14,8HHs.00,,Referral to psychosis early intervention service,,,,Referral to psychosis early intervention service (procedure)
Severe mental illness,2.5551E+13,8Hc1.00,,Referral to mental health crisis team,,,,Referral to mental health crisis team
Severe mental illness,135880000,9H6..00,,On national service framework mental health register,,,,On national service framework mental health register
Severe mental illness,391193001,9H8..00,,On severe mental illness register,,,,On severe mental illness register (finding)
Severe mental illness,185232008,9N1T.00,,Seen in psychiatry clinic,,,,Seen in psychiatry clinic
Severe mental illness,2.00961E+14,9N4t.00,,DNA - Did not attend mental health review,,,,DNA - Did not attend mental health review (finding)
Severe mental illness,135846003,9NN4.00,,Has community mental health team key worker,,,,Has community mental health team key worker
Severe mental illness,305513003,9NN5.00,,Under care of psychiatrist,,,,Under care of psychiatrist
Severe mental illness,401272006,9NN7.00,,Under care of mental health team,,,,Under care of mental health team (finding)
Severe mental illness,305695000,9NlG.00,,Seen by forensic psychiatrist,,,,Seen by forensic psychiatrist
Severe mental illness,7.13761E+14,9Ol..00,,Mental health monitoring administration,,,,Mental health monitoring administration (record artifact)
Severe mental illness,414668005,9Ol0.00,,Mental health monitoring first letter,,,,Mental health monitoring first letter (procedure)
Severe mental illness,414670001,9Ol1.00,,Mental health monitoring second letter,,,,Mental health monitoring second letter (procedure)
Severe mental illness,414671002,9Ol2.00,,Mental health monitoring third letter,,,,Mental health monitoring third letter (procedure)
Severe mental illness,416883000,9Ol3.00,,Mental health monitoring verbal invitation,,,,Mental health monitoring verbal invitation (procedure)
Severe mental illness,2.48551E+14,9Ol4.00,,Mental health monitoring telephone invite,,,,Mental health monitoring telephone invite (procedure)
Severe mental illness,5.13571E+14,9Ol5.00,,Lithium monitoring first letter,,,,Lithium monitoring first letter (procedure)
Severe mental illness,5.13591E+14,9Ol6.00,,Lithium monitoring second letter,,,,Lithium monitoring second letter (procedure)
Severe mental illness,5.13611E+14,9Ol7.00,,Lithium monitoring third letter,,,,Lithium monitoring third letter (procedure)
Severe mental illness,8.43651E+14,9ku..00,,Severe mental illness enhanced services administration,,,,Severe mental illness enhanced services administration (procedure)
Severe mental illness,718347000,9l3..00,,Mental health care plan status,,,,Mental health care plan (record artifact)
Severe mental illness,191447007,E0...00,,Organic psychotic conditions,,,,Organic psychotic condition
Severe mental illness,268612007,E00..00,,Senile and presenile organic psychotic conditions,,,,Senile and presenile organic psychotic conditions
Severe mental illness,15662003,E00..00,,Senile and presenile organic psychotic conditions,,,,Senile dementia
Severe mental illness,191483003,E02yz00,,Other drug psychoses NOS,,,,Drug-induced psychosis
Severe mental illness,191499009,E03..00,,Transient organic psychoses,,,,Transient organic psychoses
Severe mental illness,5510009,E03y000,,Organic delusional syndrome,,,,Organic delusional disorder
Severe mental illness,18260003,E03y300,,Unspecified puerperal psychosis,,,,Postpartum psychosis
Severe mental illness,17262008,E040.11,,Korsakoff's non-alcoholic psychosis,,,,Non-alcoholic Korsakoff's psychosis
Severe mental illness,191525009,E1...00,,Non-organic psychoses,,,,Non-organic psychoses
Severe mental illness,58214004,E10..00,,Schizophrenic disorders,,,,Schizophrenia
Severe mental illness,191526005,E10..00,,Schizophrenic disorders,,,,Schizophrenic disorders
Severe mental illness,191527001,E100.00,,Simple schizophrenia,,,,Schizophrenia simplex
Severe mental illness,83746006,E100200,,Chronic schizophrenic,,,,Chronic schizophrenia
Severe mental illness,191530008,E100300,,Acute exacerbation of subchronic schizophrenia,,,,Acute exacerbation of subchronic schizophrenia
Severe mental illness,111482003,E100300,,Acute exacerbation of subchronic schizophrenia,,,,Subchronic schizophrenia with acute exacerbations
Severe mental illness,191531007,E100400,,Acute exacerbation of chronic schizophrenia,,,,Acute exacerbation of chronic schizophrenia
Severe mental illness,4926007,E100500,,Schizophrenia in remission,,,,Schizophrenia in remission
Severe mental illness,35252006,E101.00,,Hebephrenic schizophrenia,,,,Disorganized schizophrenia
Severe mental illness,31373002,E101500,,Hebephrenic schizophrenia in remission,,,,Disorganized schizophrenia in remission
Severe mental illness,191542003,E102.00,,Catatonic schizophrenia,,,,Catatonic schizophrenia
Severe mental illness,42868002,E102100,,Subchronic catatonic schizophrenia,,,,Subchronic catatonic schizophrenia
Severe mental illness,111483008,E102500,,Catatonic schizophrenia in remission,,,,Catatonic schizophrenia in remission
Severe mental illness,64905009,E103.00,,Paranoid schizophrenia,,,,Paranoid schizophrenia
Severe mental illness,79866005,E103100,,Subchronic paranoid schizophrenia,,,,Subchronic paranoid schizophrenia
Severe mental illness,31658008,E103200,,Chronic paranoid schizophrenia,,,,Chronic paranoid schizophrenia
Severe mental illness,191554003,E103300,,Acute exacerbation of subchronic paranoid schizophrenia,,,,Acute exacerbation of subchronic paranoid schizophrenia
Severe mental illness,191555002,E103400,,Acute exacerbation of chronic paranoid schizophrenia,,,,Acute exacerbation of chronic paranoid schizophrenia
Severe mental illness,63181006,E103500,,Paranoid schizophrenia in remission,,,,Paranoid schizophrenia in remission
Severe mental illness,307504004,E104.00,,Acute schizophrenic episode,,,,Oneirophrenia
Severe mental illness,268617001,E104.00,,Acute schizophrenic episode,,,,Acute schizophrenic episode
Severe mental illness,191559008,E105.00,,Latent schizophrenia,,,,Latent schizophrenia
Severe mental illness,191562006,E105200,,Chronic latent schizophrenia,,,,Chronic latent schizophrenia
Severe mental illness,191565008,E105500,,Latent schizophrenia in remission,,,,Latent schizophrenia in remission
Severe mental illness,274952002,E105z00,,Latent schizophrenia NOS,,,,Borderline schizophrenia
Severe mental illness,26025008,E106.00,,Residual schizophrenia,,,,Residual schizophrenia
Severe mental illness,191567000,E107.00,,Schizo-affective schizophrenia,,,,Schizoaffective schizophrenia
Severe mental illness,191570001,E107200,,Chronic schizo-affective schizophrenia,,,,Chronic schizoaffective schizophrenia
Severe mental illness,191571002,E107300,,Acute exacerbation subchronic schizo-affective schizophrenia,,,,Acute exacerbation of subchronic schizoaffective schizophrenia
Severe mental illness,191572009,E107400,,Acute exacerbation of chronic schizo-affective schizophrenia,,,,Acute exacerbation of chronic schizoaffective schizophrenia
Severe mental illness,191574005,E107500,,Schizo-affective schizophrenia in remission,,,,Schizoaffective schizophrenia in remission
Severe mental illness,191577003,E10y.00,,Other schizophrenia,,,,Coenesthopathic schizophrenia
Severe mental illness,111484002,E10y000,,Atypical schizophrenia,,,,Undifferentiated schizophrenia
Severe mental illness,13746004,E11..00,,Affective psychoses,,,,Bipolar disorder
Severe mental illness,231494001,E11..00,,Affective psychoses,,,,Mania
Severe mental illness,46206005,E11..11,,Bipolar psychoses,,,,Mood disorder
Severe mental illness,268619003,E110.00,,"Manic disorder, single episode",,,,"Manic disorder, single episode"
Severe mental illness,231496004,E110.00,,"Manic disorder, single episode",,,,Hypomania
Severe mental illness,191583000,E110100,,"Single manic episode, mild",,,,"Single manic episode, mild"
Severe mental illness,191584006,E110200,,"Single manic episode, moderate",,,,"Single manic episode, moderate"
Severe mental illness,7.64641E+14,E110300,,"Single manic episode, severe without mention of psychosis",,,,"Single manic episode, severe"
Severe mental illness,191586008,E110400,,"Single manic episode, severe, with psychosis",,,,"Single manic episode, severe, with psychosis"
Severe mental illness,191588009,E110600,,Single manic episode in full remission,,,,Single manic episode in full remission
Severe mental illness,191590005,E111.00,,Recurrent manic episodes,,,,Recurrent manic episodes
Severe mental illness,191592002,E111100,,"Recurrent manic episodes, mild",,,,"Recurrent manic episodes, mild"
Severe mental illness,191595000,E111400,,"Recurrent manic episodes, severe, with psychosis",,,,"Recurrent manic episodes, severe, with psychosis"
Severe mental illness,191597008,E111600,,"Recurrent manic episodes, in full remission",,,,"Recurrent manic episodes, in full remission"
Severe mental illness,191618007,E114.00,,"Bipolar affective disorder, currently manic",,,,"Bipolar affective disorder, current episode manic"
Severe mental illness,191620005,E114100,,"Bipolar affective disorder, currently manic, mild",,,,"Bipolar affective disorder, currently manic, mild"
Severe mental illness,191621009,E114200,,"Bipolar affective disorder, currently manic, moderate",,,,"Bipolar affective disorder, currently manic, moderate"
Severe mental illness,162004,E114300,,"Bipolar affect disord, currently manic, severe, no psychosis",,,,Severe manic bipolar I disorder without psychotic features
Severe mental illness,191623007,E114400,,"Bipolar affect disord, currently manic,severe with psychosis",,,,"Bipolar affective disorder, currently manic, severe, with psychosis"
Severe mental illness,63249007,E114500,,"Bipolar affect disord,currently manic, part/unspec remission",,,,Manic bipolar I disorder in partial remission
Severe mental illness,191625000,E114600,,"Bipolar affective disorder, currently manic, full remission",,,,"Bipolar affective disorder, currently manic, in full remission"
Severe mental illness,191627008,E115.00,,"Bipolar affective disorder, currently depressed",,,,"Bipolar affective disorder, current episode depression"
Severe mental illness,191629006,E115100,,"Bipolar affective disorder, currently depressed, mild",,,,"Bipolar affective disorder, currently depressed, mild"
Severe mental illness,191630001,E115200,,"Bipolar affective disorder, currently depressed, moderate",,,,"Bipolar affective disorder, currently depressed, moderate"
Severe mental illness,61403008,E115300,,"Bipolar affect disord, now depressed, severe, no psychosis",,,,Severe depressed bipolar I disorder without psychotic features
Severe mental illness,765176007,E115400,,"Bipolar affect disord, now depressed, severe with psychosis",,,,Psychosis and severe depression co-occurrent and due to bipolar affective disorder
Severe mental illness,191632009,E115400,,"Bipolar affect disord, now depressed, severe with psychosis",,,,"Bipolar affective disorder, currently depressed, severe, with psychosis"
Severe mental illness,49512000,E115500,,"Bipolar affect disord, now depressed, part/unspec remission",,,,Depressed bipolar I disorder in partial remission
Severe mental illness,53607008,E115500,,"Bipolar affect disord, now depressed, part/unspec remission",,,,Depressed bipolar I disorder in remission
Severe mental illness,191634005,E115600,,"Bipolar affective disorder, now depressed, in full remission",,,,"Bipolar affective disorder, currently depressed, in full remission"
Severe mental illness,191636007,E116.00,,Mixed bipolar affective disorder,,,,Mixed bipolar affective disorder
Severe mental illness,192362008,E116000,,"Mixed bipolar affective disorder, unspecified",,,,"Bipolar affective disorder , current episode mixed"
Severe mental illness,191638008,E116100,,"Mixed bipolar affective disorder, mild",,,,"Mixed bipolar affective disorder, mild"
Severe mental illness,191639000,E116200,,"Mixed bipolar affective disorder, moderate",,,,"Mixed bipolar affective disorder, moderate"
Severe mental illness,7.64591E+14,E116300,,"Mixed bipolar affective disorder, severe, without psychosis",,,,"Mixed bipolar affective disorder, severe"
Severe mental illness,191641004,E116400,,"Mixed bipolar affective disorder, severe, with psychosis",,,,"Mixed bipolar affective disorder, severe, with psychosis"
Severe mental illness,7.60721E+14,E116500,,"Mixed bipolar affective disorder, partial/unspec remission",,,,"Mixed bipolar affective disorder, in partial remission"
Severe mental illness,191643001,E116600,,"Mixed bipolar affective disorder, in full remission",,,,"Mixed bipolar affective disorder, in full remission"
Severe mental illness,13313007,E117100,,"Unspecified bipolar affective disorder, mild",,,,Mild bipolar disorder
Severe mental illness,79584002,E117200,,"Unspecified bipolar affective disorder, moderate",,,,Moderate bipolar disorder
Severe mental illness,4441000,E117400,,"Unspecified bipolar affective disorder,severe with psychosis",,,,Severe bipolar disorder with psychotic features
Severe mental illness,85248005,E117500,,"Unspecified bipolar affect disord, partial/unspec remission",,,,Bipolar disorder in remission
Severe mental illness,5703000,E117500,,"Unspecified bipolar affect disord, partial/unspec remission",,,,Bipolar disorder in partial remission
Severe mental illness,41836007,E117600,,"Unspecified bipolar affective disorder, in full remission",,,,Bipolar disorder in full remission
Severe mental illness,16506000,E11y300,,Other mixed manic-depressive psychoses,,,,Mixed bipolar I disorder
Severe mental illness,441704009,E11z.00,,Other and unspecified affective psychoses,,,,Affective psychosis
Severe mental illness,386782008,E11z.00,,Other and unspecified affective psychoses,,,,Disturbance in affect (finding)
Severe mental illness,191667009,E12..00,,Paranoid states,,,,Paranoid disorder
Severe mental illness,48500005,E12..00,,Paranoid states,,,,Delusional disorder
Severe mental illness,191668004,E120.00,,Simple paranoid state,,,,Simple paranoid state
Severe mental illness,268622001,E121.00,,Chronic paranoid psychosis,,,,Chronic paranoid psychosis
Severe mental illness,26472000,E122.00,,Paraphrenia,,,,Paraphrenia
Severe mental illness,191670008,E123.11,,Folie a deux,,,,Folie a deux
Severe mental illness,191672000,E12y000,,Paranoia querulans,,,,Paranoia querulans
Severe mental illness,231437006,E13..00,,Other nonorganic psychoses,,,,Reactive psychoses
Severe mental illness,191677006,E131.00,,Acute hysterical psychosis,,,,Acute hysterical psychosis
Severe mental illness,268624000,E133.11,,Bouffee delirante,,,,Acute paranoid reaction
Severe mental illness,63204009,E133.11,,Bouffee delirante,,,,Bouffée délirante
Severe mental illness,191680007,E134.00,,Psychogenic paranoid psychosis,,,,Psychogenic paranoid psychosis
Severe mental illness,191683009,E13y000,,Psychogenic stupor,,,,Psychogenic stupor
Severe mental illness,5464005,E13y100,,Brief reactive psychosis,,,,Brief reactive psychosis
Severe mental illness,69322001,E13z.11,,Psychotic episode NOS,,,,Psychotic disorder
Severe mental illness,191687005,E14..00,,Psychoses with origin in childhood,,,,Psychoses with origin in childhood
Severe mental illness,111479008,Eu0..00,,"[X]Organic, including symptomatic, mental disorders",,,,Organic mental disorder
Severe mental illness,4.66291E+14,Eu0..00,,"[X]Organic, including symptomatic, mental disorders",,,,"[X]Organic, including symptomatic, mental disorders (disorder)"
Severe mental illness,3298001,Eu03.11,,"[X]Korsakov's psychosis, nonalcoholic",,,,Amnestic disorder
Severe mental illness,45912004,Eu05000,,[X]Organic hallucinosis,,,,Organic hallucinosis
Severe mental illness,231442003,Eu05100,,[X]Organic catatonic disorder,,,,Organic catatonic disorder
Severe mental illness,280427006,Eu0z.11,,[X]Organic psychosis NOS,,,,Psychotic symptom present
Severe mental illness,4.17601E+14,Eu2..00,,"[X]Schizophrenia, schizotypal and delusional disorders",,,,"[X]Schizophrenia, schizotypal and delusional disorders (disorder)"
Severe mental illness,46153004,Eu20200,,[X]Catatonic schizophrenia,,,,Catatonic stupor
Severe mental illness,231485007,Eu20400,,[X]Post-schizophrenic depression,,,,Post-schizophrenic depression
Severe mental illness,88975006,Eu20y00,,[X]Other schizophrenia,,,,Schizophreniform disorder
Severe mental illness,31027006,Eu21.17,,[X]Pseudopsychopathic schizophrenia,,,,Schizotypal personality disorder
Severe mental illness,247804008,Eu21.17,,[X]Pseudopsychopathic schizophrenia,,,,Prepsychotic schizophrenia
Severe mental illness,231487004,Eu22.00,,[X]Persistent delusional disorders,,,,Persistent delusional disorder
Severe mental illness,38295006,Eu22015,,[X]Paranoia,,,,Involutional paraphrenia
Severe mental illness,44906001,Eu22100,,[X]Delusional misidentification syndrome,,,,Capgras' syndrome
Severe mental illness,357705009,Eu22200,,[X]Cotard syndrome,,,,Cotard's syndrome
Severe mental illness,7.55301E+14,Eu22300,,[X]Paranoid state in remission,,,,Paranoid state in remission (disorder)
Severe mental illness,278506006,Eu22y00,,[X]Other persistent delusional disorders,,,,Involutional paranoid state
Severe mental illness,278508007,Eu22y11,,[X]Delusional dysmorphophobia,,,,Delusional dysmorphophobia
Severe mental illness,231489001,Eu23.00,,[X]Acute and transient psychotic disorders,,,,Acute transient psychotic disorder
Severe mental illness,274953007,Eu23000,,[X]Acute polymorphic psychot disord without symp of schizoph,,,,Acute polymorphic psychotic disorder
Severe mental illness,307417003,Eu23000,,[X]Acute polymorphic psychot disord without symp of schizoph,,,,Cycloid psychosis
Severe mental illness,712824002,Eu23012,,[X]Cycloid psychosis,,,,Acute polymorphic psychotic disorder without symptoms of schizophrenia (disorder)
Severe mental illness,712850003,Eu23100,,[X]Acute polymorphic psychot disord with symp of schizophren,,,,Acute polymorphic psychotic disorder co-occurrent with symptoms of schizophrenia (disorder)
Severe mental illness,278853003,Eu23200,,[X]Acute schizophrenia-like psychotic disorder,,,,Acute schizophrenia-like psychotic disorder
Severe mental illness,102940002,Eu23200,,[X]Acute schizophrenia-like psychotic disorder,,,,Schizophrenic reaction
Severe mental illness,61831009,Eu24.12,,[X]Induced paranoid disorder,,,,Induced psychotic disorder
Severe mental illness,68890003,Eu25.00,,[X]Schizoaffective disorders,,,,Schizoaffective disorder
Severe mental illness,271428004,Eu25000,,"[X]Schizoaffective disorder, manic type",,,,"Schizoaffective disorder, manic type"
Severe mental illness,84760002,Eu25100,,"[X]Schizoaffective disorder, depressive type",,,,"Schizoaffective disorder, depressive type"
Severe mental illness,270901009,Eu25212,,[X]Mixed schizophrenic and affective psychosis,,,,"Schizoaffective disorder, mixed type"
Severe mental illness,7.55311E+14,Eu26.00,,[X]Nonorganic psychosis in remission,,,,Non-organic psychosis in remission (disorder)
Severe mental illness,4.80111E+14,Eu2y.11,,[X]Chronic hallucinatory psychosis,,,,[X] (Other nonorganic psychotic disorders) or (chronic hallucinatory psychosis)
Severe mental illness,9340000,Eu30.11,,"[X]Bipolar disorder, single manic episode",,,,"Bipolar I disorder, single manic episode"
Severe mental illness,231495000,Eu30211,,[X]Mania with mood-congruent psychotic symptoms,,,,Manic stupor
Severe mental illness,31446002,Eu31000,,"[X]Bipolar affective disorder, current episode hypomanic",,,,"Bipolar I disorder, most recent episode hypomanic"
Severe mental illness,28663008,Eu31200,,[X]Bipolar affect disorder cur epi manic with psychotic symp,,,,Severe manic bipolar I disorder with psychotic features
Severe mental illness,371596008,Eu31800,,[X]Bipolar affective disorder type I,,,,Bipolar I disorder (disorder)
Severe mental illness,83225003,Eu31900,,[X]Bipolar affective disorder type II,,,,Bipolar II disorder
Severe mental illness,300706003,Eu33213,,"[X]Manic-depress psychosis,depressd,no psychotic symptoms",,,,Endogenous depression
Severe mental illness,191613003,Eu33312,,"[X]Manic-depress psychosis,depressed type+psychotic symptoms",,,,"Recurrent major depressive episodes, severe, with psychosis"
Severe mental illness,4.32081E+14,Eu53111,,[X]Puerperal psychosis NOS,,,,"[X]Severe mental and behavioural disorders associated with the puerperium, not elsewhere classified (disorder)"
Severe mental illness,199260001,Eu53111,,[X]Puerperal psychosis NOS,,,,Mental disorder in the puerperium - baby delivered
Severe mental illness,64269007,F481K00,,Visual hallucinations,,,,Visual hallucination
Severe mental illness,45150006,R001000,,"[D]Hallucinations, auditory",,,,Auditory hallucination
Severe mental illness,29139005,R001100,,"[D]Hallucinations, gustatory",,,,Gustatory hallucination
Severe mental illness,39672001,R001200,,"[D]Hallucinations, olfactory",,,,Olfactory hallucination
Severe mental illness,66609003,R001300,,"[D]Hallucinations, tactile",,,,Tactile hallucination
Severe mental illness,4.64401E+14,Ryu5300,,[X]Other hallucinations,,,,"[X]Symptoms and signs involving cognition, perception, emotional state and behavior"
Severe mental illness,305516006,ZL1B300,,Under care of liaison psychiatrist,,,,Under care of liaison psychiatrist
Severe mental illness,305570008,ZL22E00,,Under care of psychiatric nurse,,,,Under care of psychiatric nurse
Severe mental illness,305575003,ZL23100,,Under care of community psychiatric nurse,,,,Under care of community psychiatric nurse
Severe mental illness,305693007,ZL9D.00,,Seen by psychiatrist,,,,Seen by psychiatrist
Severe mental illness,306456002,ZLD2d00,,Discharge by liaison psychiatrist,,,,Discharge by liaison psychiatrist
Severe mental illness,306609008,ZLE9200,,Discharge from forensic psychiatry service,,,,Discharge from forensic psychiatry service
Severe mental illness,306678004,ZLF2200,,Discharge from psychiatry day hospital,,,,Discharge from psychiatry day hospital
Severe mental illness,304757008,ZRby100,,"Profile of mood states, bipolar",,,,"Profile of mood states, bipolar"
Severe mental illness,229673004,ZS7C611,,Schizophrenic language,,,,Language disorder associated with thought disorder
Severe mental illness,391155006,14OE.00,At risk of harming others,At risk of harming others,5,,,At risk of harming others (finding)
Shopping problems,7.71671E+14,13GE.,,Needs help with shopping,,,,Needs assistance with shopping (finding)
Shopping problems,300723007,Xa7h4,,Diff carrying out shop activs,,,,Difficulty performing shopping activities
Skin ulcer,161563007,14F3.,efi-skin_ulcer,H/O: chronic skin ulcer,,,,H/O: chronic skin ulcer
Skin ulcer,163634008,2924,efi-skin_ulcer,O/E - trophic skin ulceration,,,,O/E - trophic skin ulceration
Skin ulcer,46742003,2FF..,efi-skin_ulcer,O/E - skin ulcer,,,,Ulcer of skin
Skin ulcer,164397002,2FF2.,efi-skin_ulcer,O/E - skin ulcer present,,,,O/E - skin ulcer present
Skin ulcer,394673007,2G5H.00,mar-diabetes,o/e - right diabetic foot - ulcerated,,,,O/E - Right diabetic foot - ulcerated (context-dependent category)
Skin ulcer,394674001,2G5L.00,mar-diabetes,o/e - left diabetic foot - ulcerated,,,,O/E - Left diabetic foot - ulcerated (context-dependent category)
Skin ulcer,414906009,2G5V.00,mar-diabetes,o/e - right chronic diabetic foot ulcer,,,,O/E - right chronic diabetic foot ulcer (context-dependent category)
Skin ulcer,414890007,2G5W.00,mar-diabetes,o/e - left chronic diabetic foot ulcer,,,,O/E - left chronic diabetic foot ulcer (context-dependent category)
Skin ulcer,168307001,4JG3.,efi-skin_ulcer,Skin ulcer swab taken,,,,Skin ulcer swab taken
Skin ulcer,302434002,7G2E5,efi-skin_ulcer,Dressing of skin ulcer NEC,,,,Dressing of skin ulcer
Skin ulcer,182532000,81H1.,efi-skin_ulcer,Dressing of ulcer,,,,Dressing of ulcer
Skin ulcer,19429009,C1085,efi-diabetes,Type I diabetes mellitus with ulcer,,,,Chronic ulcer of skin
Skin ulcer,190368000,C108500,mar-diabetes,insulin dependent diabetes mellitus with ulcer,,,,Type I diabetes mellitus with ulcer
Skin ulcer,422183001,C108512,mar-diabetes,type 1 diabetes mellitus with ulcer,,,,Skin ulcer associated with diabetes mellitus (disorder)
Skin ulcer,190389009,C109400,mar-diabetes,non-insulin dependent diabetes mellitus with ulcer,,,,Type 2 diabetes mellitus with ulcer
Skin ulcer,195445008,G830.,efi-skin_ulcer,Varicose veins of the leg with ulcer,,,,Varicose veins of the leg with ulcer
Skin ulcer,195447000,G832.,efi-skin_ulcer,Varicose veins of the leg with ulcer and eczema,,,,Varicose veins of the leg with ulcer and eczema
Skin ulcer,195450002,G835.,efi-skin_ulcer,Infected varicose ulcer,,,,Infected varicose ulcer
Skin ulcer,399912005,M270.,efi-skin_ulcer,"(Ulcer: [decubitus, press][plaster]) or (sore: [bed][press])",,,,Pressure sore (disorder)
Skin ulcer,324007,M270.,efi-skin_ulcer,"(Ulcer: [decubitus, press][plaster]) or (sore: [bed][press])",,,,Plaster ulcer
Skin ulcer,201250006,M271000,mar-diabetes,ischaemic ulcer diabetic foot,,,,Ischaemic ulcer diabetic foot
Skin ulcer,201251005,M271100,mar-diabetes,neuropathic diabetic ulcer - foot,,,,Neuropathic diabetic ulcer - foot
Skin ulcer,201252003,M2712,efi-skin_ulcer,Mixed diabetic ulcer - foot,,,,Mixed diabetic ulcer - foot
Skin ulcer,225144007,Ua1Cj,efi-skin_ulcer,Dressing of pressure sore,,,,Dressing of pressure sore
Skin ulcer,225357008,Ua1R1,efi-skin_ulcer,Pressure sore care,,,,Pressure sore care
Skin ulcer,70693003,Ua1c5,efi-skin_ulcer,Skin at risk of breakdown,,,,Potential impairment of skin integrity
Skin ulcer,225555001,Ua1dg,efi-skin_ulcer,Pressure sore on shoulder,,,,Pressure sore on shoulder
Skin ulcer,225561003,Ua1dm,efi-skin_ulcer,Pressure sore on heel,,,,Decubitus ulcer of heel
Skin ulcer,225562005,Ua1dn,efi-skin_ulcer,Pressure sore on sacrum,,,,Pressure sore on sacrum
Skin ulcer,225563000,Ua1do,efi-skin_ulcer,Pressure sore on buttocks,,,,Decubitus ulcer of buttock
Skin ulcer,2622007,X50BW,efi-skin_ulcer,Infected skin ulcer,,,,Infected ulcer of skin
Skin ulcer,403601003,X50BX,efi-skin_ulcer,Neurotrophic ulcer,,,,Neuropathic ulcer (disorder)
Skin ulcer,15074003,X50BX,efi-skin_ulcer,Neurotrophic ulcer,,,,Neurogenic ulcer
Skin ulcer,95345008,X50Ba,efi-skin_ulcer,Foot ulcer,,,,Ulcer of foot
Skin ulcer,95344007,X50Bb,efi-skin_ulcer,Leg ulcer NOS,,,,Ulcer of leg
Skin ulcer,402863005,X50Bd,efi-skin_ulcer,Venous ulcer of leg,,,,Venous ulcer of leg (disorder)
Skin ulcer,238792006,X50Be,efi-skin_ulcer,Mixed arteriovenous leg ulcer,,,,Mixed arteriovenous leg ulcer
Skin ulcer,238793001,X50Bf,efi-skin_ulcer,Ischaemic leg ulcer,,,,Arterial leg ulcer
Skin ulcer,238794007,X50Bg,efi-skin_ulcer,Ischaemic foot ulcer,,,,Ischaemic foot ulcer
Skin ulcer,35222003,X50Bi,efi-skin_ulcer,Neuropathic leg ulcer,,,,Chronic neurogenic ulcer of lower limb
Skin ulcer,59483006,X50Bj,efi-skin_ulcer,Neuropathic foot ulcer,,,,Perforating ulcer of the foot
Skin ulcer,238796009,X50Bk,efi-skin_ulcer,Neuroischaemic foot ulcer,,,,Neuroischaemic foot ulcer
Skin ulcer,247453004,X75uC,efi-skin_ulcer,Discharge from skin ulcer,,,,Discharge from skin ulcer
Skin ulcer,258505006,X7ABr,efi-skin_ulcer,Skin ulcer swab,,,,Skin ulcer swab
Skin ulcer,264893008,XC0td,efi-skin_ulcer,Number of ulcers,,,,Number of ulcers
Skin ulcer,267816005,XE1BQ,efi-skin_ulcer,Non-pressure ulcer lower limb,,,,Non-pressure ulcer lower limb
Skin ulcer,288198002,Xa40L,efi-skin_ulcer,Varicose ulcer and inflammation,,,,Varicose ulcer and inflammation
Skin ulcer,300982005,Xa7n3,efi-skin_ulcer,Skin ulcer of dorsum of foot,,,,Skin ulcer of dorsum of foot
Skin ulcer,300984006,Xa7n5,efi-skin_ulcer,Skin ulcer of calf,,,,Skin ulcer of calf
Skin ulcer,699214007,Xa7ng,efi-skin_ulcer,Decubitus ulcer of hip,,,,Pressure ulcer of hip (disorder)
Skin ulcer,699211004,Xa7nh,efi-skin_ulcer,Decubitus ulcer of ankle,,,,Pressure ulcer of ankle (disorder)
Skin ulcer,699217000,Xa7nj,efi-skin_ulcer,Decubitus ulcer of natal cleft,,,,Pressure ulcer of natal cleft (disorder)
Skin ulcer,699213001,Xa7nk,efi-skin_ulcer,Decubitus ulcer of dorsum of foot,,,,Pressure ulcer of dorsum of foot (disorder)
Skin ulcer,301021005,Xa7nm,efi-skin_ulcer,Ulcer of toe,,,,Ulcer of toe
Skin ulcer,301022003,Xa7nn,efi-skin_ulcer,Ulcer of heel,,,,Ulcer of heel
Skin ulcer,301025001,Xa7nq,efi-skin_ulcer,Ulcer of malleolus,,,,Ulcer of malleolus
Skin ulcer,308099008,XaBLZ,efi-skin_ulcer,O/E - Right foot ulcer,,,,O/E - Right foot ulcer
Skin ulcer,308100000,XaBLa,efi-skin_ulcer,O/E - Left foot ulcer,,,,O/E - Left foot ulcer
Skin ulcer,308740002,XaBZ8,efi-skin_ulcer,Ulcer of big toe,,,,Ulcer of big toe
Skin ulcer,308901000,XaBfC,efi-skin_ulcer,Ulcer of lateral malleolus,,,,Ulcer of lateral malleolus
Skin ulcer,308902007,XaBfD,efi-skin_ulcer,Ulcer of medial malleolus,,,,Ulcer of medial malleolus
Skin ulcer,308908006,XaBfM,efi-skin_ulcer,Ulcer of shin,,,,Ulcer of shin
Skin ulcer,312647006,XaDzM,efi-skin_ulcer,Two layer compression bandage for skin ulcer,,,,Two layer compression bandage for skin ulcer
Skin ulcer,312648001,XaDzN,efi-skin_ulcer,Four layer compression bandaging for skin ulcer,,,,Four layer compression bandaging for skin ulcer
Skin ulcer,312732009,XaE1E,efi-skin_ulcer,Debridement of leg ulcer,,,,Debridement of leg ulcer
Skin ulcer,312733004,XaE1F,efi-skin_ulcer,Debridement of foot ulcer,,,,Debridement of foot ulcer
Skin ulcer,312775003,XaE22,efi-skin_ulcer,Debridement of ulcer,,,,Debridement of ulcer
Skin ulcer,314129003,XaEY8,efi-skin_ulcer,Three layer compression bandage for skin ulcer,,,,Three layer compression bandage for skin ulcer
Skin ulcer,394706005,XaIex,efi-skin_ulcer,O/E - ankle ulcer,,,,O/E - ankle ulcer (context-dependent category)
Skin ulcer,401172002,XaItv,efi-skin_ulcer,H/O: venous leg ulcer,,,,History of - venous leg ulcer (context-dependent category)
Skin ulcer,413166004,XaJWD,efi-skin_ulcer,O/E - depth of ulcer,,,,On examination - depth of ulcer (context-dependent category)
Skin ulcer,1.98051E+14,XaKjC,efi-skin_ulcer,Referral to leg ulcer clinic,,,,Referral to leg ulcer clinic (procedure)
Skin ulcer,2.47851E+14,XaLwY,efi-skin_ulcer,Leg ulcer compression therapy started,,,,Leg ulcer compression therapy started (context-dependent category)
Skin ulcer,2.47861E+14,XaLwZ,efi-skin_ulcer,Leg ulcer compression therapy finished,,,,Leg ulcer compression therapy finished (context-dependent category)
Skin ulcer,2.48031E+14,XaMAQ,efi-skin_ulcer,Attending leg ulcer clinic,,,,Attending leg ulcer clinic (finding)
Skin ulcer,2.79351E+14,XaMhL,efi-skin_ulcer,Seen in primary care leg ulcer clinic,,,,Seen in primary care leg ulcer clinic (finding)
Skin ulcer,8.42771E+14,XaPAU,efi-skin_ulcer,Leg ulcer care management,,,,Lower limb ulcer care management
Skin ulcer,3.76951E+14,XaPoF,efi-skin_ulcer,EPUAP (European pressure ulcer advisory panel) grade 1 ulcer,,,,EPUAP (European pressure ulcer advisory panel) grade 1 ulcer
Skin ulcer,3.76961E+14,XaPoG,efi-skin_ulcer,EPUAP (European pressure ulcer advisory panel) grade 2 ulcer,,,,EPUAP (European pressure ulcer advisory panel) grade 2 ulcer
Skin ulcer,3.76971E+14,XaPoH,efi-skin_ulcer,EPUAP (European pressure ulcer advisory panel) grade 3 ulcer,,,,EPUAP (European pressure ulcer advisory panel) grade 3 ulcer
Skin ulcer,3.76981E+14,XaPoI,efi-skin_ulcer,EPUAP (European pressure ulcer advisory panel) grade 4 ulcer,,,,EPUAP (European pressure ulcer advisory panel) grade 4 ulcer
Skin ulcer,445474002,XaR4c,efi-skin_ulcer,Skin ulcer with punched out edge,,,,Skin ulcer with punched out edge (disorder)
Skin ulcer,5.20411E+14,XaR75,efi-skin_ulcer,Ulcerated skin,,,,Ulcerated skin (disorder)
Skin ulcer,7.11791E+14,XaVz4,efi-skin_ulcer,Superficial ulcer of lower limb,,,,Superficial ulcer of lower limb (disorder)
Skin ulcer,446261004,XaWyj,efi-skin_ulcer,Hospital acquired pressure ulcer,,,,Hospital acquired pressure ulcer (disorder)
Skin ulcer,446262006,XaWyk,efi-skin_ulcer,Nursing home acquired pressure ulcer,,,,Nursing home acquired pressure ulcer (disorder)
Skin ulcer,446260003,XaWym,efi-skin_ulcer,Hospice acquired pressure ulcer,,,,Hospice acquired pressure ulcer (disorder)
Skin ulcer,7.58831E+14,XaX8w,efi-skin_ulcer,Residential home acquired pressure ulcer,,,,Residential home acquired pressure ulcer (disorder)
Skin ulcer,447745006,XaX98,efi-skin_ulcer,Pressure ulcer on knee,,,,Pressure ulcer of knee (disorder)
Skin ulcer,7.61271E+14,XaXEE,efi-skin_ulcer,Pressure ulcer acquired in own home,,,,Pressure ulcer acquired in own home (disorder)
Skin ulcer,7.66501E+14,XaXP0,efi-skin_ulcer,Multiple pressure ulcers,,,,Multiple pressure ulcers (disorder)
Skin ulcer,7.68521E+14,XaXTp,efi-skin_ulcer,H/O: foot ulcer,,,,History of foot ulcer (situation)
Skin ulcer,165257007,,,Pressure ulcer index value (observable entity),,,Any value,Pressure sore index value
Skin ulcer,264892003,,,Number of pressure ulcers (observable entity),,,If greater than 0,Number of pressure sores
Sleep problems,272025006,1B1B.,efi-sleep,Insomnia (& C/O),5,,,C/O - insomnia
Sleep problems,193462001,1B1B.,efi-sleep,Insomnia (& C/O),5,,,Sleeplessness
Sleep problems,272026007,1B1B.,efi-sleep,Insomnia (& C/O),5,,,C/O - somnolence
Sleep problems,59050008,1B1B000,,Initial insomnia,5,,,Initial insomnia
Sleep problems,67233009,1B1B100,,Middle insomnia,5,,,Middle insomnia
Sleep problems,162204000,1B1B200,,Late insomnia,5,,,Late insomnia
Sleep problems,162207007,1B1D.00,,C/O nightmares,5,,,Nightmares - symptom
Sleep problems,314938000,1B1Q.00,,Poor sleep pattern,5,,,Poor sleep pattern
Sleep problems,401161007,1BX0.00,,Delayed onset of sleep,5,,,Delayed onset of sleep (finding)
Sleep problems,77692006,1BX1.00,,Excessive sleep,5,,,Hypersomnia
Sleep problems,401236004,1BX3.00,,Early morning waking,5,,,Early morning waking (disorder)
Sleep problems,416067004,1BX6.00,,C/O - unpleasant dreams,5,,,C/O - unpleasant dreams (context-dependent category)
Sleep problems,439035007,8G9B.00,,Sleep hygiene behaviour education,5,,,Education about sleep hygiene behavior (procedure)
Sleep problems,395069004,8Q0..00,,Sleep management,5,,,Sleep management (procedure)
Sleep problems,230488004,E274.,efi-sleep,Non-organic sleep disorders (& [hypersomnia] or [insomnia]),5,,,Hypersomnia of non-organic origin
Sleep problems,270487001,E274.00,,Non-organic sleep disorders,5,,,Non-organic sleep disorder
Sleep problems,192454004,E274.12,,Insomnia due to nonorganic sleep disorder,5,,,Nonorganic insomnia
Sleep problems,268652009,E274111,,Insomnia NOS,5,,,Transient insomnia
Sleep problems,191997003,E274200,,Persistent insomnia,5,,,Persistent insomnia
Sleep problems,268653004,E274311,,Hypersomnia NOS,5,,,Transient hypersomnia
Sleep problems,191999000,E274400,,Persistent hypersomnia,5,,,Persistent hypersomnia
Sleep problems,713498009,E274600,,Shifting sleep-work schedule,5,,,Circadian rhythm sleep disorder of shift work type
Sleep problems,80495009,E274700,,Somnambulism - sleep walking,5,,,Sleep walking disorder
Sleep problems,89675003,E274800,,Night terrors,5,,,Sleep terror disorder
Sleep problems,419145002,E274900,,Nightmares,5,,,Nightmares (finding)
Sleep problems,192004002,E274B00,,Repeated rapid eye movement sleep interruptions,5,,,Repeated rapid eye movement sleep interruptions
Sleep problems,39898005,E274C00,,Other sleep stage or arousal dysfunction,5,,,Sleep disorder
Sleep problems,12262002,E274D00,,Repetitive intrusions of sleep,5,,,Restless sleep
Sleep problems,268654005,E274D00,,Repetitive intrusions of sleep,5,,,Repetitive intrusions of sleep
Sleep problems,192007009,E274E00,,"""Short-sleeper""",5,,,Short-sleeper
Sleep problems,192008004,E274F00,,Inversion of sleep rhythm,5,,,Reversed sleep-wake cycle
Sleep problems,7175000,E274y00,,Other non-organic sleep disorder,5,,,Dream
Sleep problems,85418005,E274y00,,Other non-organic sleep disorder,5,,,Dream disorder
Sleep problems,268722008,Eu51200,,[X]Nonorganic disorder of the sleep-wake schedule,5,,,Non-organic disorder of the sleep-wake schedule
Sleep problems,111487009,Eu51511,,[X]Dream anxiety disorder,5,,,Dream anxiety disorder
Sleep problems,194437008,Fy00.00,,Disorders of initiating and maintaining sleep,5,,,Disorders of initiating and maintaining sleep
Sleep problems,44186003,R005.00,,[D]Sleep disturbances,5,,,Dyssomnia
Sleep problems,3745000,R005.11,,[D]Insomnia - symptom,5,,,Sleep-wake schedule disorder
Sleep problems,4.37981E+14,R005z00,,[D]Sleep dysfunction NOS,5,,,[D]Sleep dysfunction NOS (situation)
Sleep problems,271782001,XE0ux,efi-sleep,Insomnia (& symptom) or somnolence,5,,,Somnolence
Sleep problems,225206006,Z1M..00,,Sleep and rest interventions,5,,,Sleep and rest interventions
Smoker (current),230059006,1372,,Occasional smoker,,,Cannot be current and ex smoker,Trivial cigarette smoker
Smoker (current),4.28041E+14,1372,,Occasional smoker,,,Cannot be current and ex smoker,Occasional tobacco smoker
Smoker (current),266920004,1372,,Occasional smoker,,,Cannot be current and ex smoker,Occasional smoker
Smoker (current),160603005,1373,,Light smoker - 1-9 cigs/day,,,Cannot be current and ex smoker,Light cigarette smoker (1-9 cigs/day)
Smoker (current),160604004,1374,,Moderate smoker - 10-19 cigs/d,,,Cannot be current and ex smoker,Moderate cigarette smoker (10-19 cigs/day)
Smoker (current),160605003,1375,,Heavy smoker - 20-39 cigs/day,,,Cannot be current and ex smoker,Heavy cigarette smoker (20-39 cigs/day)
Smoker (current),160606002,1376,,Very heavy smoker - 40+cigs/d,,,Cannot be current and ex smoker,Very heavy cigarette smoker (40+ cigs/day)
Smoker (current),160612007,137C.,,Keeps trying to stop smoking,,,Cannot be current and ex smoker,Keeps trying to stop smoking
Smoker (current),160613002,137D.,,Admitted tobacco cons untrue ?,,,Cannot be current and ex smoker,Admitted tobacco cons untrue ?
Smoker (current),160616005,137G.,,Trying to give up smoking,,,Cannot be current and ex smoker,Trying to give up smoking
Smoker (current),82302008,137H.,,Pipe smoker,,,Cannot be current and ex smoker,Pipe smoker
Smoker (current),59978006,137J.,,Cigar smoker,,,Cannot be current and ex smoker,Cigar smoker
Smoker (current),160619003,137M.,,Rolls own cigarettes,,,Cannot be current and ex smoker,Rolls own cigarettes
Smoker (current),65568007,137P.,,Smoker,,,Cannot be current and ex smoker,Cigarette smoker
Smoker (current),266929003,137Q.,,Smoking restarted,,,Cannot be current and ex smoker,Smoking started - finding
Smoker (current),308438006,137Q.,,Smoking restarted,,,Cannot be current and ex smoker,Smoking restarted - finding
Smoker (current),77176002,137R.,,Current smoker,,,Cannot be current and ex smoker,Smoker
Smoker (current),230056004,Ub1tI,,Cigarette consumption,,,Cannot be current and ex smoker,Cigarette consumption
Smoker (current),230057008,Ub1tJ,,Cigar consumption,,,Cannot be current and ex smoker,Cigar consumption
Smoker (current),230058003,Ub1tK,,Pipe tobacco consumption,,,Cannot be current and ex smoker,Pipe tobacco consumption
Smoker (current),230060001,Ub1tS,,Light cigarette smoker,,,Cannot be current and ex smoker,Light cigarette smoker
Smoker (current),230062009,Ub1tT,,Moderate cigarette smoker,,,Cannot be current and ex smoker,Moderate cigarette smoker
Smoker (current),230063004,Ub1tU,,Heavy cigarette smoker,,,Cannot be current and ex smoker,Heavy cigarette smoker
Smoker (current),230064005,Ub1tV,,Very heavy cigarette smoker,,,Cannot be current and ex smoker,Very heavy cigarette smoker
Smoker (current),230065006,Ub1tW,,Chain smoker,,,Cannot be current and ex smoker,Chain smoker
Smoker (current),266918002,XE0og,,Amount+type of tobacco smoked,,,Cannot be current and ex smoker,Tobacco smoking consumption
Smoker (current),266927001,XE0oo,,Tobacco smok consumpt unknown,,,Cannot be current and ex smoker,Tobacco smoking consumption unknown
Smoker (current),134406006,XaIIu,,Smoking reduced,,,Cannot be current and ex smoker,Smoking reduced
Smoker (current),394871007,XaIkW,,Thinking about stop smoking,,,Cannot be current and ex smoker,Thinking about stopping smoking (observable entity)
Smoker (current),394872000,XaIkX,,Ready to stop smoking,,,Cannot be current and ex smoker,Ready to stop smoking (finding)
Smoker (current),394873005,XaIkY,,Not interested stop smoking,,,Cannot be current and ex smoker,Not interested in stopping smoking (finding)
Smoker (current),401159003,XaItg,,Reason for restarting smoking,,,Cannot be current and ex smoker,Reason for restarting smoking (observable entity)
Smoker (current),413173009,XaJX2,,Min from wake to 1st tobac con,,,Cannot be current and ex smoker,Minutes from waking to first tobacco consumption (observable entity)
Smoker (current),446172000,XaWNE,,Failed attempt to stop smoking,,,Cannot be current and ex smoker,Failed attempt to stop smoking (finding)
Smoker (current),8.36001E+14,XaZIE,,Waterpipe tobacco consumption,,,Cannot be current and ex smoker,Waterpipe tobacco consumption (observable entity)
Smoker (current),365981007,YMICy,qof-smoking_current,Smoker - amount smoked,,,Cannot be current and ex smoker,Tobacco smoking behavior - finding
Smoker (current),2.03191E+14,YaoWW,qof-smoking_current,Wants to stop smoking,,,Cannot be current and ex smoker,Wants to stop smoking (finding)
Smoker (ex),160620009,137N.,,Ex pipe smoker,,,Cannot be ex and current smoker,Ex-pipe smoker
Smoker (ex),160621008,137O.,,Ex cigar smoker,,,Cannot be ex and current smoker,Ex-cigar smoker
Smoker (ex),160625004,137T.,,Date ceased smoking,,,Cannot be ex and current smoker,Date ceased smoking
Smoker (ex),8517006,Ub1na,,Former smoker,,,Cannot be ex and current smoker,Former smoker
Smoker (ex),266921000,XE0oj,,"Ex-triv cigaret smoker, <1/day",,,Cannot be ex and current smoker,Ex-trivial cigarette smoker (<1/day)
Smoker (ex),266922007,XE0ok,,"Ex-light cigaret smok, 1-9/day",,,Cannot be ex and current smoker,Ex-light cigarette smoker (1-9/day)
Smoker (ex),266923002,XE0ol,,"Ex-mod cigaret smok, 10-19/day",,,Cannot be ex and current smoker,Ex-moderate cigarette smoker (10-19/day)
Smoker (ex),266924008,XE0om,,"Ex-heav cigaret smok,20-39/day",,,Cannot be ex and current smoker,Ex-heavy cigarette smoker (20-39/day)
Smoker (ex),266925009,XE0on,,"Ex-very hv cigaret smk,40+/day",,,Cannot be ex and current smoker,Ex-very heavy cigarette smoker (40+/day)
Smoker (ex),266928006,XE0op,,Ex-cigaret smoker amnt unknown,,,Cannot be ex and current smoker,Ex-cigarette smoker amount unknown
Smoker (ex),281018007,Xa1bv,,Ex-cigarette smoker,,,Cannot be ex and current smoker,Ex-cigarette smoker
Smoker (ex),4.92191E+14,XaQ8V,,Ex roll-up cigarette smoker,,,Cannot be ex and current smoker,Ex roll-up cigarette smoker (finding)
Smoker (ex),160617001,Y7DoX,qof-smoking_ex,Stopped smoking,,,Cannot be ex and current smoker,Stopped smoking
Smoker (ex),228486009,YMD5U,qof-smoking_ex,Time since stopped smoking,,,Cannot be ex and current smoker,Time since stopped smoking
Smoker (ex),1.221E+12,Yao0r,qof-smoking_ex,[V]PH of tobacco abuse,,,Cannot be ex and current smoker,History of tobacco use
Smoker (ex),5.05761E+14,Yat3v,qof-smoking_ex,Ex-smoker annual review - ESA,,,Cannot be ex and current smoker,Ex-smoker annual review - enhanced services administration (procedure)
Social vulnerability,33553000,1335,efi-social,Widowed,5,,,Widowed state
Social vulnerability,160726006,13F3.,efi-social,Lives alone -no help available,,,,Lives alone -no help available
Social vulnerability,160770002,13G4.,efi-social,Social worker involved,,,,Social worker involved
Social vulnerability,74506000,13Hc.00,,Bereavement,5,,,Grief
Social vulnerability,739677000,13M1.,efi-social,Death of spouse,5,,,Spouse deceased
Social vulnerability,105441003,13M1.,efi-social,Death of spouse,5,,,Death of spouse
Social vulnerability,161152002,13Z8.,efi-social,Social problem,,,,Social problem
Social vulnerability,105531004,XE0oy,efi-social,Housing problems,,,,Living in unsatisfactory surroundings
Social vulnerability,105529008,XM0Ct,efi-social,Lives alone,,,,Living alone
Social vulnerability,276039008,XM1Zk,efi-social,No carer,,,,No carer
Social vulnerability,306238000,XaAey,efi-social,Referral to Social Services,,,,Referral to Social Services
Social vulnerability,308440001,XaBSr,efi-social,Referral to social worker,,,,Referral to social worker
Social vulnerability,135868008,XaINl,efi-social,Death of partner,5,,,Death of partner
Social vulnerability,722228009,XaINl,efi-social,Death of partner,5,,,Partner deceased (situation)
Social vulnerability,414041006,XaJvD,efi-social,Does not have a carer,,,,Does not have a carer (finding)
Social vulnerability,417430008,XaKXv,efi-social,Vulnerable adult,,,,Vulnerable adult (finding)
Social vulnerability,2.01481E+14,XaLKF,efi-social,Under care of social services,,,,Under care of social services (finding)
Social vulnerability,2.86141E+14,XaMz6,efi-social,Widowed/surviving civil partner,5,,,Widowed/surviving civil partner (finding)
Social vulnerability,105535008,ZV601,,[V]Lack of heating,,,,Living in unheated housing
Social vulnerability,7.61671E+14,ZV601,,[V]Lack of heating,,,,Difficulty heating home
Social vulnerability,160706007,ZV601,,[V]Lack of heating,,,,Lack of space in home
Social vulnerability,4.19371E+14,ZV603,efi-social,[V]Person living alone,,,,[V]Person living alone (situation)
Stress,65118005,13H4.12,,Marital stress,5,,,Marital problem
Stress,276103000,13HT.00,,Home problems,5,,,Unhappy home
Stress,276101003,13HT.00,,Home problems,5,,,Unhappy childhood
Stress,266949007,13HT.00,,Home problems,5,,,Domestic problems
Stress,276104006,13HT100,,Stress at home,5,,,Home unsettled
Stress,105485001,13HT111,,Domestic stress,5,,,Family stress
Stress,763381006,13HT115,,Domestic problems,5,,,Wife unable to cope
Stress,302202009,13HT115,,Domestic problems,5,,,Tower block syndrome
Stress,302203004,13HT115,,Domestic problems,5,,,Wife unable to cope
Stress,47695004,13HT200,,Unable to cope,5,,,Ineffective coping (individual)
Stress,300937006,13He.00,,Personal problems,5,,,Personal problems
Stress,276079004,13JK.14,,Work worries,5,,,Partnership problems
Stress,276078007,13JK.14,,Work worries,5,,,Business ceased - personal
Stress,266957005,13JK.14,,Work worries,5,,,Business worries
Stress,276077002,13JK.14,,Work worries,5,,,Business ceased - financial
Stress,276075005,13JK.14,,Work worries,5,,,Work worries
Stress,276072008,13JM.00,,Problems at work,5,,,Sexual problems at work
Stress,276073003,13JM.12,,Bullied at work,5,,,Bullied at work
Stress,266959008,13JM.13,,Stress at work,5,,,Problems at work
Stress,276074009,13JM.14,,Work worries,5,,,Stress at work
Stress,302153001,13JM000,,Unhappy at work,5,,,Unhappy at work
Stress,162218007,1B1L.00,,Stress related problem,5,,,Stress-related problem
Stress,224974006,1B1T.00,,Feeling stressed,5,,,Feeling stressed
Stress,162318009,1BE..00,,Life crisis,5,,,Life crisis
Stress,276099005,1BE1.00,,Problem situation,5,,,Problem situation
Stress,30871003,1S1..00,,Flashbacks,5,,,Posthallucinogen perception disorder
Stress,417143004,1S10.00,,Short duration flashbacks,5,,,Short duration flashbacks (disorder)
Stress,7.13581E+14,9ON..00,,Stress monitoring admin.,5,,,Stress clinic administration (record artifact)
Stress,7.13571E+14,9ON..00,,Stress monitoring admin.,5,,,Stress monitoring administration (record artifact)
Stress,185780005,9ON4.00,,Stress monitoring 1st letter,5,,,Stress monitoring first letter
Stress,185781009,9ON5.00,,Stress monitoring 2nd letter,5,,,Stress monitoring second letter
Stress,185782002,9ON6.00,,Stress monitoring 3rd letter,5,,,Stress monitoring third letter
Stress,185786004,9ONA.00,,Stress monitoring check done,5,,,Stress monitoring check done
Stress,111475002,E20z.11,,Nervous breakdown,5,,,Neurosis
Stress,74506000,E290000,,Grief reaction,5,,,Grief
Stress,17226007,Eu43212,,[X]Grief reaction,5,,,Adjustment disorder
Stress,271795006,R007z12,,[D]Overwork,5,,,Malaise and fatigue
Stress,13791008,R007z12,,[D]Overwork,5,,,Asthenia
Stress,105490003,R007z14,,[D]Work stress,5,,,Overwork
Stress,442347009,R00zW00,,"[D]State of emotional shock and stress, unspecified",5,,,Emotional stress
Stress,4.64401E+14,R00zW00,,"[D]State of emotional shock and stress, unspecified",5,,,"[X]Symptoms and signs involving cognition, perception, emotional state and behavior"
Stress,285216009,Z7CG500,,Reliving traumatic memories,5,,,Reliving traumatic memories
Stress,4.55231E+14,ZV4B200,,[V]Stressful work schedule,5,,,[V]Stressful work schedule (situation)
Stroke,275526006,14A7.,,H/O: CVA &/or stroke,,,,H/O: CVA
Stroke,170600009,662M.,,Stroke monitoring,,,,Stroke monitoring
Stroke,274100004,G61..,,Intracerebral haemorrhage (& [cerebrovasc accident due to]),,,,Cerebral hemorrhage
Stroke,195176009,G621.,,Subdural haemorrhage - nontraumatic,,,,Subdural hemorrhage - nontraumatic
Stroke,20059004,G64..,,Cereb art occl (& [cerebvasc acc][stroke]) or (cereb infarc),,,,Cerebral artery occlusion
Stroke,230691006,G64..,,Cereb art occl (& [cerebvasc acc][stroke]) or (cereb infarc),,,,CVA - cerebrovascular accident due to cerebral artery occlusion
Stroke,71444005,G640.,,Cerebral thrombosis,,,,Cerebral thrombosis
Stroke,373606000,G640.,,Cerebral thrombosis,,,,Occlusive stroke (disorder)
Stroke,195206000,G65z1,,Intermittent cerebral ischaemia,,,,Intermittent cerebral ischaemia
Stroke,230690007,G66..,,CVA - cerebrovascular accident (& unspecified [& stroke]),,,,CVA - Cerebrovascular accident
Stroke,195212005,G663.,,Brainstem stroke syndrome,,,,Brainstem stroke syndrome
Stroke,195213000,G664.,,Cerebellar stroke syndrome,,,,Cerebellar stroke syndrome
Stroke,195216008,G667.,,Left sided cerebral hemisphere cerebrovascular accident,,,,Left sided cerebral hemisphere cerebrovascular accident
Stroke,111298007,G6711,,Chronic cerebral ischaemia,,,,Chronic cerebral ischemia
Stroke,363302008,G682.,,Sequelae of other non-traumatic intracranial haemorrhage,,,,Sequelae of neurological disorders
Stroke,195239002,Gyu6C,,"[X]Sequelae of stroke,not specfd as h'morrhage or infarction",,,,Late effects of cerebrovascular disease
Stroke,30400005,S620.,,Haemorrh: [closed traum subarach] or [mid mening follow inj],,,,Middle meningeal hemorrhage following injury
Stroke,28048009,S620.,,Haemorrh: [closed traum subarach] or [mid mening follow inj],,,,Subarachnoid hemorrhage following injury without open intracranial wound
Stroke,209947002,S622.,,Closed traumatic subdural haemorrhage,,,,Closed traumatic subdural haemorrhage
Stroke,209987007,S628.,,Traumatic subdural haemorrhage,,,,Traumatic subdural haemorrhage
Stroke,230694003,X00D6,,Total anterior cerebral circulation infarction,,,,TACI - Total anterior cerebral circulation infarction
Stroke,230695002,X00D7,,Partial anterior cerebral circulation infarction,,,,Partial anterior cerebral circulation infarction
Stroke,230698000,X00DA,,Lacunar infarction,,,,Lacunar infarction
Stroke,230706003,X00DI,,Haemorrhagic cerebral infarction,,,,Hemorrhagic cerebral infarction
Stroke,230713003,X00DR,,Stroke of uncertain pathology,,,,Stroke of uncertain pathology
Stroke,230714009,X00DS,,Anterior circulation stroke of uncertain pathology,,,,Anterior circulation stroke of uncertain pathology
Stroke,230715005,X00DT,,Posterior circulation stroke of uncertain pathology,,,,Posterior circulation stroke of uncertain pathology
Stroke,230739000,X00E5,,Spinal cord stroke,,,,Spinal cord stroke
Stroke,262952002,XA0BD,,Traumatic subdural haematoma,,,,Traumatic cranial subdural haematoma
Stroke,450418003,XA0BG,,Traumatic intracerebral haemorrhage,,,,Traumatic intracerebral hemorrhage
Stroke,450375008,XA0BH,,Traumatic subarachnoid haemorrhage,,,,Traumatic hemorrhage into subarachnoid space of neuraxis
Stroke,262955000,XA0BH,,Traumatic subarachnoid haemorrhage,,,,Traumatic cranial subarachnoid hemorrhage
Stroke,450410005,XE1m2,,Traumatic intracranial haemorrhage,,,,Intracranial haemorrhage following injury
Stroke,2517002,XSAbR,,Stroke rehabilitation,,,,Stroke rehabilitation
Stroke,277286006,Xa0Ml,,Central post-stroke pain,,,,CPSP - Central post-stroke pain
Stroke,281240008,Xa1hE,,Extension of cerebrovascular accident,,,,Extension of stroke
Stroke,281864001,Xa1uU,,Non-traumatic intracranial subdural haematoma,,,,Non-traumatic intracranial subdural haematoma
Stroke,306803007,XaAsJ,,Admission to stroke unit,,,,Admission to stroke unit
Stroke,308067002,XaBL3,,H/O: Stroke in last year,,,,H/O: Stroke in last year
Stroke,315046005,XaFsk,,Traumatic subdural haematoma without open intracranial wound,,,,Traumatic subdural haematoma without open intracranial wound
Stroke,699270006,XaIzF,,Stroke/CVA annual review,,,,Stroke annual review
Stroke,7.16581E+14,XaJ4b,,Excepted from stroke quality indicators: Patient unsuitable,,,,Excepted from stroke quality indicators - patient unsuitable
Stroke,7.16021E+14,XaJ4c,,Excepted from stroke quality indicators: Informed dissent,,,,Excepted from stroke quality indicators - informed dissent
Stroke,413124000,XaJkS,,Stroke / transient ischaemic attack referral,,,,Stroke / transient ischaemic attack referral (finding)
Stroke,415631003,XaJuY,,Stroke/transient ischaemic attack monitoring third letter,,,,Stroke/transient ischaemic attack monitoring third letter (finding)
Stroke,415630002,XaJwA,,Stroke/transient ischaemic attack monitoring status,,,,Stroke/transient ischaemic attack monitoring status (finding)
Stroke,417506008,XaKSH,,Haemorrhagic stroke monitoring,,,,Hemorrhagic stroke monitoring (regime/therapy)
Stroke,2.31231E+14,XaLtA,,Delivery of rehabilitation for stroke,,,,Delivery of rehabilitation for stroke (regime/therapy)
Stroke,7.17241E+14,XaMGv,,Stroke/transient ischaemic attack monitoring telephone invte,,,,Stroke/transient ischaemic attack monitoring telephone invitation (finding)
Stroke,5.19751E+14,XaR68,,Stroke/cerebrovascular accident 6 month review,,,,Cerebrovascular accident 6 month review (regime/therapy)
Stroke,5.21411E+14,XaR8M,,Did not attend stroke review,,,,Did not attend stroke review (finding)
Stroke,62914000,Y00cQ,qof-stroke_non_tia,Cerebrovascular disease,,,,Cerebrovascular disease
Stroke,432504007,Y00cl,qof-stroke_non_tia,CI - Cerebral infarction,,,,Cerebral infarction (disorder)
Stroke,230692004,Y00cp,qof-stroke_non_tia,Infarction - precerebral,,,,Infarction - precerebral
Stroke,230693009,Y00cq,qof-stroke_non_tia,Ant cereb circulation infarct,,,,Anterior cerebral circulation infarction
Stroke,230696001,Y00cz,qof-stroke_non_tia,Post cerebral circulat infarct,,,,Posterior cerebral circulation infarction
Stroke,230704000,Y00dE,qof-stroke_non_tia,Multi-infarct state,,,,Multi-infarct state
Stroke,195167002,Y00dZ,qof-stroke_non_tia,External capsule haemorrhage,,,,External capsule hemorrhage
Stroke,52201006,Y00db,qof-stroke_non_tia,Internal capsule haemorrhage,,,,Internal capsule hemorrhage
Stroke,49422009,Y00dc,qof-stroke_non_tia,Cortical haemorrhage,,,,Cortical hemorrhage
Stroke,230709005,Y00dd,qof-stroke_non_tia,Massve supratent cereb haemorr,,,,Massive supratentorial cerebral haemorrhage
Stroke,230710000,Y00de,qof-stroke_non_tia,Lobar cerebral haemorrhage,,,,Lobar cerebral hemorrhage
Stroke,20908003,Y00df,qof-stroke_non_tia,Subcortic cerebral haemorrhage,,,,Subcortical hemorrhage
Stroke,230711001,Y00dg,qof-stroke_non_tia,Thalamic haemorrhage,,,,Thalamic haemorrhage
Stroke,195165005,Y00dh,qof-stroke_non_tia,Basal ganglia haemorrhage,,,,Basal ganglia hemorrhage
Stroke,230712008,Y00dj,qof-stroke_non_tia,Lacunar haemorrhage,,,,Lacunar hemorrhage
Stroke,95454007,Y00dk,qof-stroke_non_tia,Brainstem haemorrhage,,,,Brain stem hemorrhage
Stroke,7713009,Y00dl,qof-stroke_non_tia,Pontine haemorrhage,,,,Intrapontine hemorrhage
Stroke,75038005,Y00dm,qof-stroke_non_tia,Cerebellar haemorrhage,,,,Cerebellar hemorrhage
Stroke,75543006,Y20G1,qof-stroke_non_tia,Cerebral embolus,,,,Cerebral embolism
Stroke,4.26891E+14,YMADW,qof-stroke_non_tia,[X]Other lacunar syndromes,,,,[X]Episodic and paroxysmal disorders (disorder)
Stroke,1.25081E+14,YMAIB,qof-stroke_non_tia,"[X]Cer inf,un oc/st precer art",,,,Cerebral infarction due to occlusion of precerebral artery
Stroke,195189003,YMAiF,qof-stroke_non_tia,Cerebr infct/throm/cerebrl art,,,,Cerebral infarction due to thrombosis of cerebral arteries
Stroke,195190007,YMAiG,qof-stroke_non_tia,Cerebr infct/embol/cerebrl art,,,,Cerebral infarction due to embolism of cerebral arteries
Stroke,195169004,YMAiI,qof-stroke_non_tia,"Intracerebrl haem,multip local",,,,"Intracerebral hemorrhage, multiple localized"
Stroke,195230003,YMAiL,qof-stroke_non_tia,"Cere infct/cere vn thrm,nonpyo",,,,"Cerebral infarction due to cerebral venous thrombosis, non-pyogenic"
Stroke,195209007,YMAiP,qof-stroke_non_tia,Middle cerebral artery syndrm,,,,Middle cerebral artery syndrome
Stroke,195210002,YMAiR,qof-stroke_non_tia,Anterior cerebral artery syn,,,,Anterior cerebral artery syndrome
Stroke,195211003,YMAiS,qof-stroke_non_tia,Posterior cerebral artery syn,,,,Posterior cerebral artery syndrome
Stroke,276722003,Ya1DX,qof-stroke_non_tia,Intracerebell post fossa haem,,,,Intracerebellar and posterior fossa hemorrhage
Stroke,297138001,YaTcu,qof-stroke_non_tia,Embolus of circle of Willis,,,,Embolus of circle of Willis
Stroke,195217004,YaYAX,qof-stroke_non_tia,Right sided CVA,,,,Right sided CVA
Stroke,307766002,YaaWG,qof-stroke_non_tia,Left sided cerebral infarction,,,,Left sided cerebral infarction
Stroke,307767006,YaaWH,qof-stroke_non_tia,Right sided cerebral infarct,,,,Right sided cerebral infarction
Stroke,413102000,YamlC,qof-stroke_non_tia,Infarction of basal ganglia,,,,Infarction of basal ganglia (disorder)
Thyroid problems,161442007,1431,efi-thyroid,H/O: hyperthyroidism,,,,H/O: hyperthyroidism
Thyroid problems,161443002,1432,efi-thyroid,H/O: hypothyroidism,,,,H/O: hypothyroidism
Thyroid problems,131089005,4422,efi-thyroid,Thyroid hormone tests high,,,,Increased thyroid hormone level
Thyroid problems,170780004,66BZ.,efi-thyroid,Thyroid disease monitoring NOS,,,,Thyroid disease monitoring
Thyroid problems,237498007,C02..,efi-thyroid,([Thyrotoxicosis] or [hyperthyroidism]) or (toxic goitre),,,,Toxic goiter
Thyroid problems,90739004,C02..,efi-thyroid,([Thyrotoxicosis] or [hyperthyroidism]) or (toxic goitre),,,,Thyrotoxicosis
Thyroid problems,40930008,C04..,efi-thyroid,Hypothyroidism: &/or (acquired),,,,Hypothyroidism
Thyroid problems,111566002,C04..,efi-thyroid,Hypothyroidism: &/or (acquired),,,,Acquired hypothyroidism
Thyroid problems,27059002,C040.,efi-thyroid,Hypothyroidism: [postsurgical] or [post ablative],,,,Post-operative hypothyroidism
Thyroid problems,237527007,C040.,efi-thyroid,Hypothyroidism: [postsurgical] or [post ablative],,,,Postablative hypothyroidism
Thyroid problems,190277005,C0410,efi-thyroid,Irradiation hypothyroidism,,,,Irradiation hypothyroidism
Thyroid problems,190279008,C042.,efi-thyroid,Iodine hypothyroidism,,,,Iodine hypothyroidism
Thyroid problems,88273006,C043.,efi-thyroid,Other iatrogenic hypothyroidism,,,,Iatrogenic hypothyroidism
Thyroid problems,237518006,C04z.,efi-thyroid,Hypothyroid (& [pretib myxoed][acq goitr][NOS][thyr insuf]),,,,"Hypothyroid goitre, acquired"
Thyroid problems,82598004,C1343,efi-thyroid,TSH deficiency,,,,Secondary hypothyroidism
Thyroid problems,237519003,X40HE,efi-thyroid,Autoimmune hypothyroidism,,,,Autoimmune myxedema
Thyroid problems,237520009,X40HF,efi-thyroid,Hypothyroidism due to Hashimoto's thyroiditis,,,,Hypothyroidism due to Hashimoto's thyroiditis
Thyroid problems,237521008,X40HG,efi-thyroid,Hypothyroidism due to TSH receptor blocking antibody,,,,Hypothyroidism due to TSH receptor blocking antibody
Thyroid problems,237523006,X40HI,efi-thyroid,Compensated hypothyroidism,,,,Compensated hypothyroidism
Thyroid problems,40539002,X40HN,efi-thyroid,Radioactive iodine-induced hypothyroidism,,,,Hypothyroidism following radioiodine therapy
Thyroid problems,3.67631E+14,X40HO,efi-thyroid,Drug-induced hypothyroidism,,,,Drug-induced hypothyroidism
Thyroid problems,237528002,X40HP,efi-thyroid,Post-infectious hypothyroidism,,,,Post-infectious hypothyroidism
Thyroid problems,237555006,X40Hv,efi-thyroid,Hypothyroidism due to iodide trapping defect,,,,Hypothyroidism due to iodide trapping defect
Thyroid problems,63127008,X40Hz,efi-thyroid,Hypothyroidism due to thyroglobulin synthesis defect,,,,Thyroglobulin synthesis defect
Thyroid problems,43153006,X40IQ,efi-thyroid,Hypothyroidism,,,,Myxedema
Thyroid problems,14304000,XE100,efi-thyroid,Disorder of thyroid gland,,,,Disease of thyroid gland
Thyroid problems,34486009,XE104,efi-thyroid,Thyrotoxicosis,,,,Hyperthyroidism
Thyroid problems,353295004,XE122,efi-thyroid,Thyrotoxicosis: [+/- goitr][tox goitr][Graves dis][thyr nod],,,,Graves' disease
Thyroid problems,73869005,XE122,efi-thyroid,Thyrotoxicosis: [+/- goitr][tox goitr][Graves dis][thyr nod],,,,Toxic uninodular goiter
Thyroid problems,217710005,XE124,efi-thyroid,Hypothyroidism - congen and acquir (& [cretinism][myxoedem]),,,,Congenital goitre
Thyroid problems,286910004,XE124,efi-thyroid,Hypothyroidism - congen and acquir (& [cretinism][myxoedem]),,,,Hypothyroidism - congenital and acquired
Thyroid problems,65428006,XE27u,efi-thyroid,Thyroid stimulating hormone (& level),,,,Thyroid stimulating hormone
Thyroid problems,312399001,XaDtf,efi-thyroid,Thyroid function tests abnormal,,,,Thyroid function tests abnormal
Thyroid problems,8.8591E+13,XaJDU,efi-thyroid,Did not attend hyperthyroidism clinic,,,,Did not attend hyperthyroidism clinic
Thyroid problems,736287007,XaJYj,efi-thyroid,Hypothyroidism clinical management plan,,,,Hypothyroidism clinical management plan
Thyroid problems,412780006,XaJYj,efi-thyroid,Hypothyroidism clinical management plan,,,,Hypothyroidism clinical management plan (qualifier value)
Thyroid problems,414439002,XaJuM,efi-thyroid,Hypothyroidism monitoring first letter,,,,Hypothyroidism monitoring first letter (procedure)
Thyroid problems,2.05101E+14,XaLUg,efi-thyroid,Hypothyroidism review,,,,Hypothyroidism review (regime/therapy)
Thyroid problems,3.41861E+14,XaOjl,efi-thyroid,Hypothyroidism annual review,,,,Hypothyroidism annual review (regime/therapy)
Thyroid problems,1027151000000105,,,Thyroid stimulating hormone level (observable entity),,,"Any abnormal result (if not specified in dataset using Oxford Handbook of Clinical & Laboratory Investigations reference range, values <0.36 or >5.5 mU/L are abnormal)",Thyroid stimulating hormone level (observable entity)
Thyroid problems,1022791000000101,,,Serum thyroid stimulating hormone level (observable entity),,,"Any abnormal result (if not specified in dataset using Oxford Handbook of Clinical & Laboratory Investigations reference range, values <0.36 or >5.5 mU/L are abnormal)",Serum thyroid stimulating hormone level (observable entity)
Toileting problems,129078005,0.397,,Dependent in toilet,,,,Toileting dependent
Toileting problems,129045003,0.3971,,Needs help in toilet,,,,Toileting assisted
Toileting problems,284905001,3973,,Diff perform toilet activity,,,,Difficulty performing toileting activities
Toileting problems,284901005,Xa2w6,,Unable perform toilet activit,,,,Unable to perform toileting activities
Toileting problems,284908004,Xa2wC,,Unable to use lavatory,,,,Unable to use lavatory
Toileting problems,301542000,Xa80E,efi-toilet,Difficulty getting on and off toilet,,,,Difficulty getting on and off toilet
Toileting problems,301545003,Xa80H,efi-toilet,Unable to get on to toilet,,,,Unable to get on to toilet
Toileting problems,301551008,Xa80N,efi-toilet,Unable to get off toilet,,,,Unable to get off toilet
Toileting problems,8.21221E+14,XaYw3,,Difficulty accessing toilet,,,,Difficulty accessing toilet (finding)
Transient ischaemic attack,161511000,14AB.,,H/O: TIA,,,,H/O: TIA
Transient ischaemic attack,88032003,F4236,,Amaurosis fugax,,,,Amaurosis fugax
Transient ischaemic attack,266257000,G65z.,,Transient cerebral ischaemia NOS,,,,TIA
Transient ischaemic attack,230716006,Y00dw,qof-stroke_tia,Carotid terr trans ischaem att,,,,Anterior circulation transient ischaemic attack
Transient ischaemic attack,230717002,Y00e0,qof-stroke_tia,Vertebro-bas trans ischaem att,,,,Vertebrobasilar territory transient ischemic attack
Transient ischaemic attack,7.51371E+14,YatuJ,qof-stroke_tia,[V]Pers hist trans isch attack,,,,Personal history of transient ischaemic attack (situation)
Urinary incontinence,161794005,1593,efi-urinary,H/O: stress incontinence,,18,If code recorded age>18,H/O: stress incontinence
Urinary incontinence,165232002,1A23.,efi-urinary,Urinary incontinence,,18,If code recorded age>18,Bladder: incontinent
Urinary incontinence,22220005,1A24.,efi-urinary,Stress incontinence (& symptom),,18,If code recorded age>18,Stress incontinence
Urinary incontinence,87557004,1A26.,efi-urinary,Urge incontinence of urine,,18,If code recorded age>18,Urge incontinence
Urinary incontinence,165233007,3941,efi-urinary,Bladder: occasional accident,,18,If code recorded age>18,Bladder: occasional accident
Urinary incontinence,366279009,8D7..,efi-urinary,Incontinence control (& bladder),,18,If code recorded age>18,Bladder control - finding
Urinary incontinence,37799002,8D7..,efi-urinary,Incontinence control (& bladder),,18,If code recorded age>18,Urinary bladder training
Urinary incontinence,266826009,8D7..,efi-urinary,Incontinence control (& bladder),,18,If code recorded age>18,Incontinence control
Urinary incontinence,60241006,K586.,efi-urinary,Stress incontinence - female,,18,If code recorded age>18,Female stress incontinence
Urinary incontinence,78459008,X30C5,efi-urinary,Double incontinence,,18,If code recorded age>18,Total incontinence
Urinary incontinence,236241009,X30F3,efi-urinary,Bladder neck operation for female stress incontinence,,18,If code recorded age>18,Bladder neck operation for female stress incontinence
Urinary incontinence,236272008,X30Fl,efi-urinary,Activation of bulbar urethral prosthesis for incontinence,,18,If code recorded age>18,Activation of bulbar urethral prosthesis for incontinence
Urinary incontinence,236659004,X30OH,efi-urinary,Cough - urge incontinence of urine,,18,If code recorded age>18,Cough - urge incontinence of urine
Urinary incontinence,236660009,X30OI,efi-urinary,Giggle incontinence of urine,,18,If code recorded age>18,Giggle incontinence of urine
Urinary incontinence,397878005,X30OJ,efi-urinary,Overflow incontinence of urine,,18,If code recorded age>18,Overflow incontinence of urine (finding)
Urinary incontinence,90987003,X30OK,efi-urinary,Reflex incontinence of urine,,18,If code recorded age>18,Reflex incontinence
Urinary incontinence,370555000,X30OL,efi-urinary,Urinary sphincter weakness incontinence,,18,If code recorded age>18,Urinary incontinence due to urethral sphincter incompetence (finding)
Urinary incontinence,236664000,X30ON,efi-urinary,Post-micturition incontinence,,18,If code recorded age>18,Post-micturition incontinence
Urinary incontinence,236665004,X30OO,efi-urinary,Postural urinary incontinence,,18,If code recorded age>18,Postural urinary incontinence
Urinary incontinence,42112009,X30OP,efi-urinary,Urinary incontinence of non-organic origin,,18,If code recorded age>18,Functional incontinence
Urinary incontinence,236666003,X30OQ,efi-urinary,Dependency urinary incontinence,,18,If code recorded age>18,Dependency urinary incontinence
Urinary incontinence,236667007,X30OR,efi-urinary,Psychogenic urinary incontinence,,18,If code recorded age>18,Psychogenic urinary incontinence
Urinary incontinence,249282008,X76Xh,efi-urinary,Frequency of incontinence,,18,If code recorded age>18,Frequency of incontinence
Urinary incontinence,249284009,X76Xj,efi-urinary,Unaware of passing urine,,18,If code recorded age>18,Unaware of passing urine
Urinary incontinence,265597008,XE0Gh,efi-urinary,Implantation of bulbar urethral prosthesis for incontinence,,18,If code recorded age>18,Implantation of bulbar urethral prosthesis for incontinence
Urinary incontinence,287775004,Xa3t7,efi-urinary,Urinary incontinence/sling operation,,18,If code recorded age>18,Urinary incontinence/sling operation
Urinary incontinence,303088008,Xa9G7,efi-urinary,Bladder neck incompetence,,18,If code recorded age>18,Bladder neck weakness
Urinary incontinence,415274007,XaJtx,efi-urinary,Referral to incontinence clinic,,18,If code recorded age>18,Referral to incontinence clinic (procedure)
Urinary incontinence,59661004,XaMAm,efi-urinary,Insertion retropubic device stress urinary incontinence NEC,,18,If code recorded age>18,Repair of urinary stress incontinence
Urinary incontinence,326526004,gd...,efi-urinary,"Drugs for enuresis, urinary frequency and incontinence",,18,If code recorded age>18,"Drugs for enuresis, urinary frequency and incontinence"
Urinary system disease,275552000,14D..,efi-urinary_disease,H/O: urinary disease (& [kidney]),5,,,H/O: kidney disease
Urinary system disease,267002001,14D..,efi-urinary_disease,H/O: urinary disease (& [kidney]),5,,,H/O: urinary disease
Urinary system disease,28442001,1A1..,efi-urinary_disease,(Frequency of micturition) or (polyuria),5,,,Increased urine volume
Urinary system disease,300471006,1A1..,efi-urinary_disease,(Frequency of micturition) or (polyuria),5,,,Finding of frequency of urination
Urinary system disease,162116003,1A1..,efi-urinary_disease,(Frequency of micturition) or (polyuria),5,,,Increased frequency of urination
Urinary system disease,139394000,1A13.,efi-urinary_disease,Nocturia,5,,,Nocturia
Urinary system disease,49650001,1A55.,efi-urinary_disease,Dysuria,5,,,Dysuria
Urinary system disease,11441004,1AA..,efi-urinary_disease,Prostatism,,,,Prostatism
Urinary system disease,90199006,7B390,efi-urinary_disease,Transurethral prostatectomy,,,,Transurethral prostatectomy
Urinary system disease,182524008,8156,efi-urinary_disease,Attention to urinary catheter,,,,Attention to urinary catheter
Urinary system disease,225087008,8156,efi-urinary_disease,Attention to urinary catheter,,,,Urinary catheter appliance procedures
Urinary system disease,183552008,8H5B.,efi-urinary_disease,Referred to urologist,5,,,Referred to urologist
Urinary system disease,42030000,K....,efi-urinary_disease,Genitourinary system diseases,5,,,Disease of the genitourinary system
Urinary system disease,197853008,K155.,efi-urinary_disease,Recurrent cystitis,,,,Recurrent cystitis
Urinary system disease,61033006,K16y4,efi-urinary_disease,Detrusor instability,,,,Detrusor instability of bladder
Urinary system disease,68566005,K190.,efi-urinary_disease,Urinary tract infection: [site not specified] or [recurrent],5,,,Urinary tract infectious disease
Urinary system disease,197927001,K190.,efi-urinary_disease,Urinary tract infection: [site not specified] or [recurrent],5,,,Recurrent urinary tract infection
Urinary system disease,197939009,K1971,efi-urinary_disease,Painful haematuria,5,,,Painful hematuria
Urinary system disease,197941005,K1973,efi-urinary_disease,Frank haematuria,5,,,Frank hematuria
Urinary system disease,249274008,R08..,efi-urinary_disease,[D]Urinary system symptoms,5,,,Urinary symptoms
Urinary system disease,42063007,R08..,efi-urinary_disease,[D]Urinary system symptoms,5,,,Sign or symptom of the urinary system
Urinary system disease,267064002,R082.,efi-urinary_disease,[D]Retention of urine,,,,Retention of urine
Urinary system disease,236648008,R0822,efi-urinary_disease,[D]Acute retention of urine,,,,Acute retention of urine
Urinary system disease,236633002,X30Nk,efi-urinary_disease,Bladder muscle dysfunction - overactive,,,,Bladder muscle dysfunction - overactive
Urinary system disease,81021006,XE0e6,efi-urinary_disease,Benign prostatic hyperplasia,,,,Myoma of prostate
Urinary system disease,266569009,XE0e6,efi-urinary_disease,Benign prostatic hyperplasia,,,,Benign prostatic hyperplasia
Urinary system disease,47014000,XE0e6,efi-urinary_disease,Benign prostatic hyperplasia,,,,Fibroma of prostate
Urinary system disease,275413005,XM1Oy,efi-urinary_disease,Blocked catheter,,,,Blocked catheter
Urinary system disease,307541003,XaB9O,efi-urinary_disease,Lower urinary tract symptoms,5,,,Lower urinary tract symptoms
Visual impairment,161489009,1483,efi-visual,H/O: cataract,,,,H/O: cataract
Visual impairment,105597003,1B75.,efi-visual,Blindness,,,,Blindness AND/OR vision impairment level
Visual impairment,2.40311E+14,1B75.,efi-visual,Blindness,,,,Loss of vision (disorder)
Visual impairment,162811006,22E5.,efi-visual,O/E - cataract present,,,,O/E - cataract present
Visual impairment,4855003,2BBF.00,mar-diabetes,retinal abnormality - diabetes related,,,,Diabetic retinopathy
Visual impairment,390854003,2BBL.00,mar-diabetes,o/e - diabetic maculopathy present both eyes,,,,O/E - diabetic maculopathy present both eyes (context-dependent category)
Visual impairment,408409007,2BBP.00,mar-diabetes,o/e - right eye background diabetic retinopathy,,,,O/E - right eye background diabetic retinopathy (context-dependent category)
Visual impairment,408410002,2BBQ.00,mar-diabetes,o/e - left eye background diabetic retinopathy,,,,O/E - left eye background diabetic retinopathy (context-dependent category)
Visual impairment,408411003,2BBR.00,mar-diabetes,o/e - right eye preproliferative diabetic retinopathy,,,,O/E - right eye preproliferative diabetic retinopathy (context-dependent category)
Visual impairment,408412005,2BBS.00,mar-diabetes,o/e - left eye preproliferative diabetic retinopathy,,,,O/E - left eye preproliferative diabetic retinopathy (context-dependent category)
Visual impairment,408413000,2BBT.00,mar-diabetes,o/e - right eye proliferative diabetic retinopathy,,,,O/E - right eye proliferative diabetic retinopathy (context-dependent category)
Visual impairment,408414006,2BBV.00,mar-diabetes,o/e - left eye proliferative diabetic retinopathy,,,,O/E - left eye proliferative diabetic retinopathy (context-dependent category)
Visual impairment,408415007,2BBW.00,mar-diabetes,o/e - right eye diabetic maculopathy,,,,O/E - right eye diabetic maculopathy (context-dependent category)
Visual impairment,769244003,2BBW.00,mar-diabetes,o/e - right eye diabetic maculopathy,,,,Diabetic maculopathy of right eye
Visual impairment,408416008,2BBX.00,mar-diabetes,o/e - left eye diabetic maculopathy,,,,O/E - left eye diabetic maculopathy (context-dependent category)
Visual impairment,414910007,2BBk.00,mar-diabetes,o/e - right eye stable treated prolif diabetic retinopathy,,,,O/E - right eye stable treated proliferative diabetic retinopathy (context-dependent category)
Visual impairment,414894003,2BBl.00,mar-diabetes,o/e - left eye stable treated prolif diabetic retinopathy,,,,O/E - left eye stable treated proliferative diabetic retinopathy (context-dependent category)
Visual impairment,417677008,2BBo.00,mar-diabetes,o/e - sight threatening diabetic retinopathy,,,,O/E - sight threatening diabetic retinopathy (context-dependent category)
Visual impairment,3.73041E+14,2BBr.00,mar-diabetes,impaired vision due to diabetic retinopathy,,,,Impaired vision due to diabetic retinopathy (finding)
Visual impairment,170727003,6689,efi-visual,Registered blind,,,,Registered blind
Visual impairment,5130002,72661,efi-visual,Discission of cataract,,,,Extraction of primary membranous cataract by discission
Visual impairment,413180006,7276,mar-diabetes,pan retinal photocoagulation for diabetes,,,,Pan retinal photocoagulation for diabetes (procedure)
Visual impairment,266742006,8F6..,efi-visual,Specific disability rehabilitation (& blind),,,,Specific disability rehabilitation
Visual impairment,183361009,8F6..,efi-visual,Specific disability rehabilitation (& blind),,,,Blind rehabilitation
Visual impairment,183543004,8H52.,efi-visual,Referral to ophthalmology service,5,,,Ophthalmological referral
Visual impairment,408384004,8HBG.00,mar-diabetes,diabetic retinopathy 12 month review,,,,Diabetic retinopathy 12 month review (finding)
Visual impairment,313340009,9N1v.00,mar-diabetes,seen in diabetic eye clinic,,,,Seen in diabetic eye clinic
Visual impairment,25093002,C105.00,mar-diabetes,diabetes mellitus with ophthalmic manifestation,,,,Diabetic oculopathy
Visual impairment,739681000,C105000,mar-diabetes,"diabetes mellitus, juvenile type, + ophthalmic manifestation",,,,Diabetic oculopathy due to type I diabetes mellitus
Visual impairment,422099009,C105100,mar-diabetes,"diabetes mellitus, adult onset, + ophthalmic manifestation",,,,Diabetic oculopathy associated with type II diabetes mellitus (disorder)
Visual impairment,421165007,C108112,mar-diabetes,type 1 diabetes mellitus with ophthalmic complications,,,,Diabetic oculopathy associated with type I diabetes mellitus (disorder)
Visual impairment,420789003,C1087,efi-diabetes,Type I diabetes mellitus with retinopathy,,,,Diabetic retinopathy associated with type I diabetes mellitus (disorder)
Visual impairment,421920002,C108F00,mar-diabetes,insulin dependent diabetes mellitus with diabetic cataract,,,,Diabetic cataract associated with type I diabetes mellitus (disorder)
Visual impairment,43959009,C108F00,mar-diabetes,insulin dependent diabetes mellitus with diabetic cataract,,,,Diabetic cataract
Visual impairment,422034002,C1096,efi-diabetes,Type II diabetes mellitus with retinopathy,,,,Diabetic retinopathy associated with type II diabetes mellitus (disorder)
Visual impairment,420756003,C109E11,mar-diabetes,type ii diabetes mellitus with diabetic cataract,,,,Diabetic cataract associated with type II diabetes mellitus (disorder)
Visual impairment,420486006,C10EP11,mar-diabetes,type i diabetes mellitus with exudative maculopathy,,,,Exudative maculopathy associated with type I diabetes mellitus (disorder)
Visual impairment,264008,F404200,mar-hypertension,blind hypertensive eye,,,,Blind hypertensive eye
Visual impairment,390834004,F4200,efi-diabetes,Background diabetic retinopathy,,,,Non proliferative diabetic retinopathy (disorder)
Visual impairment,59276001,F420100,mar-diabetes,proliferative diabetic retinopathy,,,,Proliferative diabetic retinopathy
Visual impairment,193349004,F420200,mar-diabetes,preproliferative diabetic retinopathy,,,,Preproliferative diabetic retinopathy
Visual impairment,193350004,F420300,mar-diabetes,advanced diabetic maculopathy,,,,Advanced diabetic maculopathy
Visual impairment,232020009,F420400,mar-diabetes,diabetic maculopathy,,,,Diabetic maculopathy
Visual impairment,311782002,F420500,mar-diabetes,advanced diabetic retinal disease,,,,Advanced diabetic retinal disease
Visual impairment,312907002,F420700,mar-diabetes,high risk proliferative diabetic retinopathy,,,,Proliferative diabetic retinopathy - high risk
Visual impairment,312905005,F420800,mar-diabetes,high risk non proliferative diabetic retinopathy,,,,Severe non proliferative diabetic retinopathy
Visual impairment,29555009,F422.,efi-visual,Other proliferative retinopathy,,,,Retinal disorder
Visual impairment,4.30801E+14,F422.,efi-visual,Other proliferative retinopathy,,,,Proliferative retinopathy (disorder)
Visual impairment,61267008,F422z,efi-visual,Proliferative retinopathy NOS,,,,Retinal neovascularization
Visual impairment,24596005,F4239,efi-visual,Branch retinal vein occlusion,,,,Venous retinal branch occlusion
Visual impairment,267718000,F425.,efi-visual,(Degeneratn macula & posterior pole) or (senile macul degen),,,,Age related macular degeneration
Visual impairment,267611002,F425.,efi-visual,(Degeneratn macula & posterior pole) or (senile macul degen),,,,Degeneration of macula and posterior pole
Visual impairment,422338006,F4250,efi-visual,Unspecified senile macular degeneration,,,,Degenerative disorder of macula (disorder)
Visual impairment,414875008,F4251,efi-visual,Atrophic age-related macular degeneration,,,,Nonexudative age-related macular degeneration (disorder)
Visual impairment,414173003,F4252,efi-visual,Subretinal neovascularisation of macula,,,,Exudative age-related macular degeneration (disorder)
Visual impairment,267612009,F4253,efi-visual,Cystoid macular oedema,,,,"Degeneration of macula due to cyst, hole or pseudohole"
Visual impairment,193387007,F4253,efi-visual,Cystoid macular oedema,,,,Cystoid macular edema
Visual impairment,232006002,F4254,efi-visual,Degeneration macular due to cyst &/or hole &/or pseudohole,,,,Macular hole
Visual impairment,90036004,F427C,efi-visual,Vitelliform macular dystrophy,,,,Vitelliform dystrophy
Visual impairment,37231002,F42y9,efi-visual,Macular oedema,,,,Macular retinal edema
Visual impairment,42031001,F4305,efi-visual,Macular focal chorioretinitis,,,,Macular focal retinitis AND retinochoroiditis
Visual impairment,18410006,F4332,efi-visual,Other macular scars,,,,Macular scar
Visual impairment,193489006,F440700,mar-diabetes,diabetic iritis,,,,Diabetic iritis
Visual impairment,193570009,F46..,efi-visual,Cataract,,,,Cataract
Visual impairment,399305009,F4602,efi-visual,Unspecified presenile cataract,,,,Nonsenile cataract (disorder)
Visual impairment,1412008,F4603,efi-visual,Anterior subcapsular polar cataract,,,,Anterior subcapsular polar cataract
Visual impairment,34533008,F4604,efi-visual,Posterior subcapsular polar cataract,,,,Posterior subcapsular polar cataract
Visual impairment,193576003,F4605,efi-visual,Cortical cataract,,,,Cortical cataract
Visual impairment,193577007,F4606,efi-visual,Lamellar zonular cataract,,,,Lamellar zonular cataract
Visual impairment,53889007,F4607,efi-visual,Nuclear cataract,,,,Nuclear cataract
Visual impairment,193571008,F460z,efi-visual,Nonsenile cataract NOS,,,,"Infantile, juvenile and presenile cataracts"
Visual impairment,39450006,F461.,efi-visual,Age-related cataract,,,,Senile cataract
Visual impairment,52421005,F4614,efi-visual,Incipient cataract NOS,,,,Incipient cataract
Visual impairment,446474007,F4615,efi-visual,Immature cataract NOS,,,,Immature cataract (disorder)
Visual impairment,5318001,F4617,efi-visual,Posterior subcapsular polar senile cataract,,,,Posterior subcapsular polar senile cataract
Visual impairment,78875003,F4618,efi-visual,Cortical senile cataract,,,,Cortical senile cataract
Visual impairment,193589009,F4619,efi-visual,Nuclear senile cataract,,,,Nuclear senile cataract
Visual impairment,193590000,F461A,efi-visual,"Total, mature senile cataract",,,,"Total, mature senile cataract"
Visual impairment,34361001,F462.,efi-visual,Traumatic cataract,,,,Traumatic cataract
Visual impairment,193600001,F463.,efi-visual,Cataract secondary to ocular disease,,,,Cataract secondary to ocular disease
Visual impairment,76309006,F4633,efi-visual,Cataract with neovascularisation,,,,Cataract with neovascularization
Visual impairment,766837000,F4634,efi-visual,Cataract in degenerative disorder,,,,Cataract co-occurrent with degenerative disorder of eye (disorder)
Visual impairment,21818003,F4634,efi-visual,Cataract in degenerative disorder,,,,Cataract in degenerative disorder
Visual impairment,64741003,F4642,efi-visual,Myotonic cataract,,,,Myotonic cataract
Visual impairment,193609000,F4644,efi-visual,Drug-induced cataract,,,,Drug-induced cataract
Visual impairment,71044004,F4646,efi-visual,Radiation cataract,,,,Cataract associated with radiation
Visual impairment,47337003,F465.,efi-visual,After-cataract,,,,After-cataract
Visual impairment,95722004,F466.,efi-visual,Bilateral cataracts,,,,Bilateral cataracts
Visual impairment,12184005,F4840,efi-visual,Unspecified visual field defect,,,,Visual field defect
Visual impairment,7973008,F49..,efi-visual,Impaired vision (& [blindness &/or low] or [partial sight]),,,,Abnormal vision
Visual impairment,397540003,F49..,efi-visual,Impaired vision (& [blindness &/or low] or [partial sight]),,,,Visual impairment (disorder)
Visual impairment,193699007,F490.,efi-visual,Blindness - both eyes,,,,Blindness - both eyes
Visual impairment,193731001,F494.,efi-visual,Legal blindness USA,,,,Legal blindness USA
Visual impairment,22950006,F4950,efi-visual,"Blindness, one eye, unspecified",,,,Blindness of one eye
Visual impairment,232149003,F49z.,efi-visual,(Visual loss NOS) or (acquired blindness),,,,Acquired blindness
Visual impairment,15250008,F4A24,efi-visual,Macular keratitis NOS,,,,Disease of cornea
Visual impairment,231910004,F4A24,efi-visual,Macular keratitis NOS,,,,Epitheliitis
Visual impairment,965003,F4H34,efi-visual,Toxic optic neuropathy,,,,Toxic amblyopia
Visual impairment,26125006,F4H34,efi-visual,Toxic optic neuropathy,,,,Toxic optic neuropathy
Visual impairment,14357004,F4H40,efi-visual,Ischaemic optic neuropathy,,,,Ischemic optic neuropathy
Visual impairment,68574006,F4H73,efi-visual,Cortical blindness,,,,Cortical blindness
Visual impairment,194156008,F4K2D,efi-visual,Vitreous syndrome following cataract surgery,,,,Vitreous syndrome following cataract surgery
Visual impairment,10810001,FyuE1,efi-visual,[X]Other specified cataract,,,,Disorder of lens
Visual impairment,4.31771E+14,FyuL.,efi-visual,[X]Visual disturbances and blindness,,,,[X]Visual disturbances and blindness (disorder)
Visual impairment,79410001,P330.,efi-visual,"Congenital cataract, unspecified",,,,Congenital cataract
Visual impairment,204124004,P331.,efi-visual,Capsular and subcapsular cataract,,,,Capsular and subcapsular cataract
Visual impairment,204125003,P3310,efi-visual,Capsular cataract,,,,Capsular cataract
Visual impairment,95723009,P3311,efi-visual,Subcapsular cataract,,,,Subcapsular cataract
Visual impairment,41658006,S813.,efi-visual,Avulsion of eye,,,,Traumatic enucleation of eye
Visual impairment,12193006,S813.,efi-visual,Avulsion of eye,,,,Avulsion of eye
Visual impairment,212141007,SJ0z.,efi-visual,(Optic nerve or pathway inj NOS) or (traumat blindness NOS),,,,Optic nerve and pathway injury
Visual impairment,225569001,Ua1ez,efi-visual,Painful blind eye,,,,Painful blind eye
Visual impairment,1.97511E+14,Ub0iW,efi-visual,Visual disability,,,,Visual disability (finding)
Visual impairment,230508004,X008g,efi-visual,Arteritic ischaemic optic neuropathy,,,,Arteritic ischemic optic neuropathy
Visual impairment,230509007,X008h,efi-visual,Non-arteritic ischaemic optic neuropathy,,,,Non-arteritic ischaemic optic neuropathy
Visual impairment,232016005,X00dC,efi-visual,Proliferative vitreoretinopathy,,,,Proliferative vitreoretinopathy
Visual impairment,399871005,X00dF,efi-visual,Visually threatening diabetic retinopathy,,,,Visually threatening diabetic retinopathy (disorder)
Visual impairment,232039004,X00dg,efi-visual,Central retinal vein occlusion with macular oedema,,,,Central retinal vein occlusion with macular edema
Visual impairment,232045007,X00dm,efi-visual,Hemispheric retinal vein occlusion with macular oedema,,,,Hemispheric retinal vein occlusion with macular edema
Visual impairment,232048009,X00do,efi-visual,Branch retinal vein occlusion with macular oedema,,,,Branch retinal vein occlusion with macular edema
Visual impairment,232049001,X00dp,efi-visual,Adult vitelliform macular dystrophy,,,,Adult vitelliform macular dystrophy
Visual impairment,2.481E+12,X74Wt,efi-visual,England and Wales blind certification,,,,England and Wales blind certification
Visual impairment,2.501E+12,X74Wx,efi-visual,Scottish partially sighted certifn - blindness likely > 16,,,,Scottish partially sighted certification - blindness likely over 16
Visual impairment,247052002,X75kW,efi-visual,Cataract observation,,,,Cataract finding
Visual impairment,247053007,X75kX,efi-visual,Cataract form,,,,Cataract form
Visual impairment,247063004,X75kk,efi-visual,Cataract maturity,,,,Cataract maturity
Visual impairment,849000,X75km,efi-visual,Mature cataract,,,,Total cataract
Visual impairment,247121001,X75m8,efi-visual,Macular branch retinal vein occlusion,,,,Macular branch retinal vein occlusion
Visual impairment,247145002,X75mb,efi-visual,Atrophic macular change,,,,Atrophic macular change
Visual impairment,247147005,X75md,efi-visual,Macular diffuse atrophy,,,,Macular diffuse atrophy
Visual impairment,247158001,X75mw,efi-visual,Macular pigment epithelial detachment,,,,Macular pigment epithelial detachment
Visual impairment,247161000,X75n0,efi-visual,Macular subretinal haemorrhage,,,,Macular subretinal hemorrhage
Visual impairment,247163002,X75n2,efi-visual,Macular subretinal fibrosis,,,,Macular subretinal fibrosis
Visual impairment,267626000,XE16G,efi-visual,Hypermature cataract,,,,Hypermature cataract
Visual impairment,301978000,XE195,efi-visual,Blindness or low vision NOS,,,,Finding of vision of eye
Visual impairment,268159001,XE1Ju,efi-visual,Congenital cataract and lens anomalies,,,,Congenital cataract and lens anomalies
Visual impairment,300994001,Xa7nF,efi-visual,Registered partially sighted,,,,Registered partially sighted
Visual impairment,308088006,XaBLO,efi-visual,O/E - Right cataract present,,,,O/E - Right cataract present
Visual impairment,308089003,XaBLP,efi-visual,O/E - Left cataract present,,,,O/E - Left cataract present
Visual impairment,310418000,XaCGX,efi-visual,Blindness certification,,,,Blindness certification
Visual impairment,311789006,XaD2a,efi-visual,Immature cortical cataract,,,,Immature cortical cataract
Visual impairment,312702001,XaE0Z,efi-visual,Full thickness macular hole stage II,,,,Full thickness macular hole stage II
Visual impairment,312703006,XaE0a,efi-visual,Full thickness macular hole stage III,,,,Full thickness macular hole stage III
Visual impairment,312704000,XaE0b,efi-visual,Full thickness macular hole stage IV,,,,Full thickness macular hole stage IV
Visual impairment,312898002,XaE5J,efi-visual,Myopic macular degeneration,,,,Myopic macular degeneration
Visual impairment,312902008,XaE5R,efi-visual,Macular pseudohole,,,,Macular pseudohole
Visual impairment,312903003,XaE5T,efi-diabetes,Mild non proliferative diabetic retinopathy,,,,Mild non proliferative diabetic retinopathy
Visual impairment,312904009,XaE5U,efi-diabetes,Moderate non proliferative diabetic retinopathy,,,,Moderate non proliferative diabetic retinopathy
Visual impairment,312911008,XaE5b,efi-visual,Clinically significant macular oedema,,,,Clinically significant macular oedema
Visual impairment,312912001,XaE5c,efi-visual,Diabetic macular oedema,,,,Diabetic macular edema
Visual impairment,312920004,XaE5l,efi-visual,Postoperative cystoid macular oedema,,,,Postoperative cystoid macular oedema
Visual impairment,312922007,XaE5o,efi-visual,Uveitis related cystoid macular oedema,,,,Uveitis related cystoid macular oedema
Visual impairment,193709009,XaE6s,efi-visual,"Acquired blindness, both eyes",,,,"Acquired blindness, both eyes"
Visual impairment,312978008,XaE6s,efi-visual,"Acquired blindness, both eyes",,,,"Acquired blindness, both eyes"
Visual impairment,312979000,XaE6t,efi-visual,"Acquired blindness, one eye",,,,"Acquired blindness, one eye"
Visual impairment,312999006,XaE7V,efi-visual,Macular disorder,,,,Macular disease
Visual impairment,314427006,XaF41,efi-visual,Drusen plus pigment change stage macular degeneration,,,,Drusen plus pigment change stage macular degeneration
Visual impairment,314539001,XaF99,efi-visual,Alcohol related optic neuropathy,,,,Alcohol related optic neuropathy
Visual impairment,314766004,XaFTm,efi-visual,Mixed type cataract,,,,Mixed type cataract
Visual impairment,315352000,XaG28,efi-visual,Anterior subcapsular cataract,,,,Anterior subcapsular cataract
Visual impairment,315353005,XaG29,efi-visual,Posterior subcapsular cataract,,,,Posterior subcapsular cataract
Visual impairment,408385003,XaJLb,efi-diabetes,Diabetic retinopathy 6 month review,,,,Diabetic retinopathy 6 month review (finding)
Visual impairment,421779007,XaJQp,efi-visual,Type II diabetes mellitus with exudative maculopathy,,,,Exudative maculopathy associated with type II diabetes mellitus (disorder)
Visual impairment,414908005,XaKDI,efi-visual,O/E - right eye clinically significant macular oedema,,,,O/E - right eye clinically significant macular oedema (context-dependent category)
Visual impairment,769221001,XaKDI,efi-visual,O/E - right eye clinically significant macular oedema,,,,Clinically significant macular edema of right eye co-occurrent and due to diabetes mellitus (disorder)
Visual impairment,769222008,XaKDJ,efi-visual,O/E - left eye clinically significant macular oedema,,,,Clinically significant macular oedema of left eye co-occurrent and due to diabetes mellitus
Visual impairment,414892004,XaKDJ,efi-visual,O/E - left eye clinically significant macular oedema,,,,O/E - left eye clinically significant macular oedema (context-dependent category)
Visual impairment,3.74691E+14,XaPjK,efi-visual,Excluded from diabetic retinopathy screening as blind,,,,Excluded from diabetic retinopathy screening as blind (finding)
Washing & bathing problems,284787001,1P810,,Unable to wash self,,,,Unable to wash self
Washing & bathing problems,284790007,1P820,,Difficulty washing self,,,,Difficulty washing self
Washing & bathing problems,228152009,Ub0ic,,Bathing disability,,,,Bathing disability
Washing & bathing problems,284796001,Xa2uS,,Difficulty showering self,,,,Difficulty showering self
Washing & bathing problems,284799008,Xa2uV,,Unab perform bathing activity,,,,Unable to perform bathing activity
Washing & bathing problems,284802004,Xa2uY,,Diff perform bathing activity,,,,Difficulty performing bathing activity
Washing & bathing problems,284804003,Xa2ua,,Unable to bath self,,,,Unable to bath self
Washing & bathing problems,284807005,Xa2ud,,Difficulty bathing self,,,,Difficulty bathing self
Washing & bathing problems,284829009,Xa2uy,,Unable to dry self,,,,Unable to dry self
Washing & bathing problems,284832007,Xa2v1,,Difficulty drying self,,,,Difficulty drying self
Washing & bathing problems,288549002,Xa4CJ,,Unable perform wash/dry activ,,,,Unable to perform washing and drying activities
Washing & bathing problems,288552005,Xa4CM,,Diffic perform wash/dry activ,,,,Difficulty performing washing and drying activities
Washing & bathing problems,301504006,Xa7zd,efi-bathing,Unable to get in and out of shower,,,,Unable to get in and out of shower
Washing & bathing problems,301510006,Xa7zj,efi-bathing,Unable to get into shower,,,,Unable to get into shower
Washing & bathing problems,301517009,Xa7zp,efi-bathing,Unable to get out of shower,,,,Unable to get out of shower
Washing & bathing problems,301523004,Xa7zv,efi-bathing,Unable to get in and out of bath,,,,Unable to get in and out of bath
Washing & bathing problems,301529000,Xa801,efi-bathing,Unable to get in bath,,,,Unable to get in bath
Washing & bathing problems,301535000,Xa807,efi-bathing,Unable to get out of bath,,,,Unable to get out of bath
Weakness,162236007,1B32.,efi-weakness,Weakness present,5,,,Weakness present
Weakness,13791008,X76Am,efi-weakness,Weakness - general,5,,,Asthenia
Weakness,95666008,X76nB,efi-weakness,Weakness of face muscles,5,,,Facial paresis
Weakness,249934009,X76nE,efi-weakness,"Facial weakness, upper motor neurone",5,,,"Facial weakness, upper motor neurone"
Weakness,249939004,X76nL,efi-weakness,Proximal muscle weakness,5,,,Proximal muscle weakness
Weakness,249940002,X76nM,efi-weakness,Shoulder girdle weakness,5,,,Shoulder girdle weakness
Weakness,249941003,X76nN,efi-weakness,Pelvic girdle weakness,5,,,Pelvic girdle weakness
Weakness,249942005,X76nP,efi-weakness,Distal muscle weakness,5,,,Distal muscle weakness
Weakness,249943000,X76nQ,efi-weakness,Weakness of distal arms and legs,5,,,Weakness of distal arms and legs
Weakness,298281008,Xa6t1,efi-weakness,Upper facial weakness,5,,,Upper facial weakness
Weakness,299042006,Xa76G,efi-weakness,Weakness of hand,5,,,Weakness of hand
Weakness,299471001,Xa7Dd,efi-weakness,Weakness of foot,5,,,Weakness of foot
Weakness,713514005,XaC1U,efi-weakness,Weakness of limb,5,,,Muscle weakness of limb (finding)
Weight loss,161832001,1623,efi-weight_loss,Weight decreasing,5,,,Weight decreasing
Weight loss,267024001,1625,efi-weight_loss,Abnormal weight loss (& [symptom]),,,,Abnormal weight loss
Weight loss,79890006,R0300,efi-weight_loss,[D]Appetite loss,5,,,Loss of appetite
Weight loss,64379006,Ua1iv,efi-weight_loss,Decrease in appetite,5,,,Decreased food appetite
Weight loss,89362005,X76CA,efi-weight_loss,Weight loss,5,,,Decreased body weight
Weight loss,249468005,XE24f,efi-weight_loss,Appetite loss - anorexia,5,,,Anorexia symptom
Weight loss,309257005,XaBmk,efi-weight_loss,Excessive weight loss,,,,Excessive weight loss
Weight loss,401003006,XaIxC,efi-weight_loss,Weight loss from baseline weight,5,,,Weight loss from baseline weight (observable entity)
Weight loss,1.98511E+14,XaKwR,efi-weight_loss,Complaining of weight loss,,,,Complaining of weight loss (finding)
Weight loss,422868009,XaQgK,efi-weight_loss,Unexplained weight loss,,,,Unexplained weight loss (finding)
Weight loss,448765001,XaXTs,efi-weight_loss,Unintentional weight loss,,,,Unintentional weight loss (finding)
Weight loss,444297006,,,Malnutrition universal screening tool score (observable entity),,,If equal to or greater than 1,Malnutrition universal screening tool score (observable entity)